{
  "1": {
    "idx": 350360,
    "x_value": 41655.19760035079
  },
  "2": {
    "idx": 350361,
    "x_value": 41655.21571111493
  },
  "3": {
    "idx": 350362,
    "x_value": 41655.306711520054
  },
  "4": {
    "idx": 350363,
    "x_value": 41655.3076819104
  },
  "5": {
    "idx": 350364,
    "x_value": 41655.32494976603
  },
  "6": {
    "idx": 350365,
    "x_value": 41655.327957746405
  },
  "7": {
    "idx": 350366,
    "x_value": 41655.33451798804
  },
  "8": {
    "idx": 350367,
    "x_value": 41655.336008826016
  }
}