{
  "1": {
    "idx": 201118,
    "x_value": 21340.246929601122
  },
  "2": {
    "idx": 201119,
    "x_value": 21340.266535583654
  },
  "3": {
    "idx": 201120,
    "x_value": 21340.278934547026
  },
  "4": {
    "idx": 201121,
    "x_value": 21340.29318264283
  },
  "5": {
    "idx": 201122,
    "x_value": 21340.297702782573
  },
  "6": {
    "idx": 201123,
    "x_value": 21340.31283399114
  },
  "7": {
    "idx": 201124,
    "x_value": 21340.31605374111
  },
  "8": {
    "idx": 201125,
    "x_value": 21340.33406037754
  },
  "9": {
    "idx": 201126,
    "x_value": 21340.341470660518
  }
}