{
  "1": {
    "idx": 988157,
    "x_value": 91612.73711238941
  },
  "2": {
    "idx": 988166,
    "x_value": 91613.18856180027
  },
  "3": {
    "idx": 988167,
    "x_value": 91613.3499550613
  },
  "4": {
    "idx": 988168,
    "x_value": 91613.35317144667
  },
  "5": {
    "idx": 988171,
    "x_value": 91613.39825613971
  },
  "6": {
    "idx": 988174,
    "x_value": 91613.43338871052
  },
  "7": {
    "idx": 988177,
    "x_value": 91613.4659682698
  },
  "8": {
    "idx": 988180,
    "x_value": 91613.5061681596
  },
  "9": {
    "idx": 988181,
    "x_value": 91613.51267442884
  },
  "10": {
    "idx": 988182,
    "x_value": 91613.51343974582
  }
}