{
  "1": {
    "idx": 140273,
    "x_value": 13830.95396923826
  },
  "2": {
    "idx": 140282,
    "x_value": 13831.797467399932
  },
  "3": {
    "idx": 140283,
    "x_value": 13831.88788187437
  },
  "4": {
    "idx": 140284,
    "x_value": 13831.91128919118
  },
  "5": {
    "idx": 140285,
    "x_value": 13831.924993256103
  },
  "6": {
    "idx": 140286,
    "x_value": 13831.92506171526
  },
  "7": {
    "idx": 140287,
    "x_value": 13831.925696395321
  },
  "8": {
    "idx": 140288,
    "x_value": 13831.927490322965
  },
  "9": {
    "idx": 140289,
    "x_value": 13831.952262355951
  }
}