{
  "1": {
    "idx": 26111,
    "x_value": 2422.8923730378856
  },
  "2": {
    "idx": 26112,
    "x_value": 2422.9146760677095
  },
  "3": {
    "idx": 26113,
    "x_value": 2422.984697439321
  },
  "4": {
    "idx": 26114,
    "x_value": 2422.9892374179835
  },
  "5": {
    "idx": 26115,
    "x_value": 2422.9984159874816
  },
  "6": {
    "idx": 26124,
    "x_value": 2423.1134473460024
  },
  "7": {
    "idx": 26125,
    "x_value": 2423.114306837394
  },
  "8": {
    "idx": 26126,
    "x_value": 2423.127099046907
  },
  "9": {
    "idx": 26127,
    "x_value": 2423.1295245483398
  }
}