{
  "1": {
    "idx": 351554,
    "x_value": 24589.309664568766
  },
  "2": {
    "idx": 351567,
    "x_value": 24590.313290024904
  },
  "3": {
    "idx": 351568,
    "x_value": 24590.320933436993
  },
  "4": {
    "idx": 351571,
    "x_value": 24590.448317841994
  },
  "5": {
    "idx": 351572,
    "x_value": 24590.448405127612
  },
  "6": {
    "idx": 364558,
    "x_value": 24676.491110375977
  },
  "7": {
    "idx": 364761,
    "x_value": 24677.832844086603
  },
  "8": {
    "idx": 364764,
    "x_value": 24677.840538433724
  },
  "9": {
    "idx": 364920,
    "x_value": 24678.641756848527
  },
  "10": {
    "idx": 389428,
    "x_value": 24777.750472073778
  },
  "11": {
    "idx": 390105,
    "x_value": 24780.369421862488
  },
  "12": {
    "idx": 390114,
    "x_value": 24780.397589362834
  },
  "13": {
    "idx": 391634,
    "x_value": 24785.349535819198
  },
  "14": {
    "idx": 394385,
    "x_value": 24794.019586020022
  },
  "15": {
    "idx": 395532,
    "x_value": 24797.87649095948
  },
  "16": {
    "idx": 395537,
    "x_value": 24797.882729077875
  },
  "17": {
    "idx": 395538,
    "x_value": 24797.885176628683
  },
  "18": {
    "idx": 395753,
    "x_value": 24798.368200298908
  },
  "19": {
    "idx": 396018,
    "x_value": 24799.00486948147
  },
  "20": {
    "idx": 396019,
    "x_value": 24799.007103723892
  },
  "21": {
    "idx": 396034,
    "x_value": 24799.031359766817
  },
  "22": {
    "idx": 396064,
    "x_value": 24799.071229955014
  },
  "23": {
    "idx": 396095,
    "x_value": 24799.13657475596
  },
  "24": {
    "idx": 396129,
    "x_value": 24799.20643939283
  },
  "25": {
    "idx": 396172,
    "x_value": 24799.31193133716
  },
  "26": {
    "idx": 396179,
    "x_value": 24799.33852018505
  },
  "27": {
    "idx": 396186,
    "x_value": 24799.371786132473
  },
  "28": {
    "idx": 396201,
    "x_value": 24799.384110099712
  },
  "29": {
    "idx": 396202,
    "x_value": 24799.38750222697
  },
  "30": {
    "idx": 396203,
    "x_value": 24799.388915172607
  }
}