{
  "1": {
    "idx": 14564,
    "x_value": 2030.9034640025714
  },
  "2": {
    "idx": 14565,
    "x_value": 2031.0951389077657
  },
  "3": {
    "idx": 14566,
    "x_value": 2031.0970977386776
  },
  "4": {
    "idx": 14567,
    "x_value": 2031.098523705209
  },
  "5": {
    "idx": 14568,
    "x_value": 2031.099302125941
  }
}