{
  "1": {
    "idx": 178970,
    "x_value": 8023.612709891344
  },
  "2": {
    "idx": 178971,
    "x_value": 8023.87263075901
  },
  "3": {
    "idx": 179012,
    "x_value": 8025.026840720752
  },
  "4": {
    "idx": 179015,
    "x_value": 8025.188606357986
  },
  "5": {
    "idx": 179016,
    "x_value": 8025.221502991117
  },
  "6": {
    "idx": 179017,
    "x_value": 8025.2896400007885
  },
  "7": {
    "idx": 179018,
    "x_value": 8025.3314144375945
  },
  "8": {
    "idx": 179967,
    "x_value": 8034.334100001326
  },
  "9": {
    "idx": 180224,
    "x_value": 8036.8171027340495
  },
  "10": {
    "idx": 180225,
    "x_value": 8036.818796773612
  },
  "11": {
    "idx": 180462,
    "x_value": 8039.153603715943
  },
  "12": {
    "idx": 180475,
    "x_value": 8039.335933935006
  },
  "13": {
    "idx": 180478,
    "x_value": 8039.354747149609
  },
  "14": {
    "idx": 180487,
    "x_value": 8039.516842901174
  },
  "15": {
    "idx": 180491,
    "x_value": 8039.521145628356
  },
  "16": {
    "idx": 180638,
    "x_value": 8040.437573230709
  },
  "17": {
    "idx": 180639,
    "x_value": 8040.468767477839
  },
  "18": {
    "idx": 180648,
    "x_value": 8040.584215430995
  },
  "19": {
    "idx": 180655,
    "x_value": 8040.622373814977
  },
  "20": {
    "idx": 180658,
    "x_value": 8040.623446233545
  },
  "21": {
    "idx": 180808,
    "x_value": 8041.716365434328
  },
  "22": {
    "idx": 180809,
    "x_value": 8041.723205109901
  },
  "23": {
    "idx": 180889,
    "x_value": 8042.236724070733
  },
  "24": {
    "idx": 180928,
    "x_value": 8042.466133926528
  },
  "25": {
    "idx": 180929,
    "x_value": 8042.470196358582
  },
  "26": {
    "idx": 180936,
    "x_value": 8042.52797163682
  },
  "27": {
    "idx": 180951,
    "x_value": 8042.622543594325
  },
  "28": {
    "idx": 180952,
    "x_value": 8042.629525077245
  },
  "29": {
    "idx": 180957,
    "x_value": 8042.648232084669
  },
  "30": {
    "idx": 180958,
    "x_value": 8042.654546217574
  }
}