{
  "1": {
    "idx": 319395,
    "x_value": 13647.103326681543
  },
  "2": {
    "idx": 319540,
    "x_value": 13655.338953183727
  },
  "3": {
    "idx": 319547,
    "x_value": 13655.603362287024
  },
  "4": {
    "idx": 319548,
    "x_value": 13655.60826930557
  },
  "5": {
    "idx": 319549,
    "x_value": 13655.616947615901
  },
  "6": {
    "idx": 319550,
    "x_value": 13655.668053172654
  },
  "7": {
    "idx": 319551,
    "x_value": 13655.730177678448
  },
  "8": {
    "idx": 319552,
    "x_value": 13655.730313365095
  },
  "9": {
    "idx": 321364,
    "x_value": 13675.182376390496
  },
  "10": {
    "idx": 321365,
    "x_value": 13675.184898735966
  },
  "11": {
    "idx": 321368,
    "x_value": 13675.28173102795
  },
  "12": {
    "idx": 321371,
    "x_value": 13675.372074580571
  },
  "13": {
    "idx": 321372,
    "x_value": 13675.372659324918
  },
  "14": {
    "idx": 321447,
    "x_value": 13676.127255959278
  },
  "15": {
    "idx": 321450,
    "x_value": 13676.13272395209
  },
  "16": {
    "idx": 321454,
    "x_value": 13676.172042109802
  },
  "17": {
    "idx": 321455,
    "x_value": 13676.17751796088
  },
  "18": {
    "idx": 321802,
    "x_value": 13679.121553384264
  },
  "19": {
    "idx": 321819,
    "x_value": 13679.311711762106
  },
  "20": {
    "idx": 321840,
    "x_value": 13679.507266994196
  },
  "21": {
    "idx": 321893,
    "x_value": 13679.907771103626
  },
  "22": {
    "idx": 321898,
    "x_value": 13679.957397587503
  },
  "23": {
    "idx": 321899,
    "x_value": 13679.959454228734
  },
  "24": {
    "idx": 321900,
    "x_value": 13679.966105144831
  },
  "25": {
    "idx": 321901,
    "x_value": 13679.9713150624
  },
  "26": {
    "idx": 321904,
    "x_value": 13679.986425248951
  },
  "27": {
    "idx": 321909,
    "x_value": 13680.045549482315
  },
  "28": {
    "idx": 321912,
    "x_value": 13680.058577874843
  },
  "29": {
    "idx": 321915,
    "x_value": 13680.059495533755
  },
  "30": {
    "idx": 321916,
    "x_value": 13680.064088026184
  }
}