{
  "1": {
    "idx": 380819,
    "x_value": 43973.30083297123
  },
  "2": {
    "idx": 380822,
    "x_value": 43973.6878447343
  },
  "3": {
    "idx": 380823,
    "x_value": 43973.774357956005
  },
  "4": {
    "idx": 380824,
    "x_value": 43973.782841958615
  },
  "5": {
    "idx": 380825,
    "x_value": 43973.79033973791
  },
  "6": {
    "idx": 380826,
    "x_value": 43973.818096540024
  },
  "7": {
    "idx": 380829,
    "x_value": 43973.833936332856
  },
  "8": {
    "idx": 380830,
    "x_value": 43973.83400943901
  },
  "9": {
    "idx": 380831,
    "x_value": 43973.83934348291
  }
}