{
  "1": {
    "idx": 43355,
    "x_value": 3639.850211257437
  },
  "2": {
    "idx": 43358,
    "x_value": 3640.3198958736875
  },
  "3": {
    "idx": 43359,
    "x_value": 3640.382844432328
  },
  "4": {
    "idx": 43360,
    "x_value": 3640.4318771547823
  },
  "5": {
    "idx": 43361,
    "x_value": 3640.4445470317105
  },
  "6": {
    "idx": 43362,
    "x_value": 3640.456916424222
  },
  "7": {
    "idx": 43363,
    "x_value": 3640.515790995967
  },
  "8": {
    "idx": 43364,
    "x_value": 3640.5318674101413
  },
  "9": {
    "idx": 43365,
    "x_value": 3640.538824390405
  },
  "10": {
    "idx": 43366,
    "x_value": 3640.545125187277
  }
}