{
  "1": {
    "idx": 2456,
    "x_value": 285.9055070805715
  },
  "2": {
    "idx": 2459,
    "x_value": 285.9379719792288
  },
  "3": {
    "idx": 2460,
    "x_value": 285.95334773444495
  },
  "4": {
    "idx": 2461,
    "x_value": 285.96713094592354
  },
  "5": {
    "idx": 2462,
    "x_value": 285.9752956148425
  },
  "6": {
    "idx": 2465,
    "x_value": 286.0034398732668
  },
  "7": {
    "idx": 2466,
    "x_value": 286.02102207289573
  },
  "8": {
    "idx": 2467,
    "x_value": 286.02620792063834
  }
}