{
  "1": {
    "idx": 2018936,
    "x_value": 253438.79843615505
  },
  "2": {
    "idx": 2018939,
    "x_value": 253438.88654301962
  },
  "3": {
    "idx": 2018940,
    "x_value": 253438.89777586388
  },
  "4": {
    "idx": 2018941,
    "x_value": 253438.89785206367
  },
  "5": {
    "idx": 2018942,
    "x_value": 253438.9081577618
  },
  "6": {
    "idx": 2018943,
    "x_value": 253438.91207701783
  },
  "7": {
    "idx": 2018944,
    "x_value": 253438.9133343682
  },
  "8": {
    "idx": 2018945,
    "x_value": 253438.9145823692
  },
  "9": {
    "idx": 2018946,
    "x_value": 253438.9149613892
  }
}