zr_conc,runs,reach_fraction_target,mean_time_to_target_seconds,std_time_to_target_seconds,median_time_to_target_seconds,mean_final_entities,mean_simulated_time_seconds,mean_steps_executed,mean_prebound_fraction,mean_prebound_growth_attempts,mean_prebound_growth_successes,mean_prebound_growth_failures,mean_prebound_entities_added,mean_prebound_linkages_formed,mean_prebound_free_growth_site_delta,mean_prebound_ready_pair_delta
20.0,24,1.0,36.80199584027875,33.82648306120375,27.73487335503636,100.125,36.80199584027875,207606.58333333334,0.033783278625540605,817.0833333333334,760.1666666666666,56.916666666666664,1520.3333333333333,1520.3333333333333,8361.583333333334,0.125
24.0,24,1.0,34.908355411195004,28.20276090279491,23.910802989575686,100.16666666666667,34.908355411195004,227114.58333333334,0.04027177752004497,877.625,795,82.625,1590,1590,8744.75,0.125
28.0,24,1.0,42.665979354643945,41.27549536742476,35.23836294627887,100.04166666666667,42.665979354643945,209644.08333333334,0.04667494302728013,839.125,777.25,61.875,1554.5,1554.5,8549.333333333334,0.20833333333333334
32.0,24,1.0,39.93814725721478,32.86795604138586,29.022966680812058,100.08333333333333,39.93814725721478,212828.125,0.0529944237284519,830.6666666666666,772.0833333333334,58.583333333333336,1544.1666666666667,1544.1666666666667,8492.833333333334,0.041666666666666664
36.0,24,1.0,43.13658974576887,26.476089473262313,35.546335605970896,100,43.13658974576887,229248.66666666666,0.05923182662129975,878.6666666666666,819.875,58.791666666666664,1639.75,1639.75,9018.375,0.125
40.0,24,1.0,50.00942752712166,41.93844069673171,43.92952892960347,100.04166666666667,50.00942752712166,230630.20833333334,0.06538871840352918,923.2083333333334,855.9583333333334,67.25,1711.9166666666667,1711.9166666666667,9415.208333333334,0.16666666666666666
44.0,24,1.0,52.90539124242444,38.453811487596994,49.96969276020549,100.125,52.90539124242444,242368.375,0.07146662670974217,953.1666666666666,890.25,62.916666666666664,1780.5,1780.5,9792.583333333334,0.08333333333333333
