{
  "1": {
    "idx": 232065,
    "x_value": 12269.766457308213
  },
  "2": {
    "idx": 232074,
    "x_value": 12270.254471718064
  },
  "3": {
    "idx": 232085,
    "x_value": 12270.54708485493
  },
  "4": {
    "idx": 232108,
    "x_value": 12271.201401664443
  },
  "5": {
    "idx": 232109,
    "x_value": 12271.204903340875
  },
  "6": {
    "idx": 235292,
    "x_value": 12299.632481975845
  },
  "7": {
    "idx": 235301,
    "x_value": 12299.70068909403
  },
  "8": {
    "idx": 235338,
    "x_value": 12300.040633339453
  },
  "9": {
    "idx": 235427,
    "x_value": 12300.709329194151
  },
  "10": {
    "idx": 235430,
    "x_value": 12300.72074927223
  },
  "11": {
    "idx": 235450,
    "x_value": 12300.90010720735
  },
  "12": {
    "idx": 236322,
    "x_value": 12306.260258699918
  },
  "13": {
    "idx": 236327,
    "x_value": 12306.327813323129
  },
  "14": {
    "idx": 236658,
    "x_value": 12308.08811860967
  },
  "15": {
    "idx": 236659,
    "x_value": 12308.100456183307
  },
  "16": {
    "idx": 236662,
    "x_value": 12308.127638570408
  },
  "17": {
    "idx": 236663,
    "x_value": 12308.138181463082
  },
  "18": {
    "idx": 237236,
    "x_value": 12310.77199723254
  },
  "19": {
    "idx": 237660,
    "x_value": 12312.83979160225
  },
  "20": {
    "idx": 237677,
    "x_value": 12312.892230020272
  },
  "21": {
    "idx": 237680,
    "x_value": 12312.89734655694
  },
  "22": {
    "idx": 237697,
    "x_value": 12312.962039474138
  },
  "23": {
    "idx": 237708,
    "x_value": 12313.007032306328
  },
  "24": {
    "idx": 237711,
    "x_value": 12313.027792296885
  },
  "25": {
    "idx": 237714,
    "x_value": 12313.045396332065
  },
  "26": {
    "idx": 237715,
    "x_value": 12313.047335634004
  },
  "27": {
    "idx": 237738,
    "x_value": 12313.156397964296
  },
  "28": {
    "idx": 237739,
    "x_value": 12313.158437720565
  },
  "29": {
    "idx": 237742,
    "x_value": 12313.175993773271
  },
  "30": {
    "idx": 237743,
    "x_value": 12313.177523876217
  }
}