{
  "1": {
    "idx": 116778,
    "x_value": 14938.567354071612
  },
  "2": {
    "idx": 116779,
    "x_value": 14938.65967462512
  },
  "3": {
    "idx": 116780,
    "x_value": 14938.690195003159
  },
  "4": {
    "idx": 116781,
    "x_value": 14938.713933918189
  },
  "5": {
    "idx": 116782,
    "x_value": 14938.726205449175
  },
  "6": {
    "idx": 116783,
    "x_value": 14938.729594106146
  },
  "7": {
    "idx": 116784,
    "x_value": 14938.734299845284
  }
}