{
  "1": {
    "idx": 164786,
    "x_value": 21913.597616889554
  },
  "2": {
    "idx": 164787,
    "x_value": 21914.321045889203
  },
  "3": {
    "idx": 164788,
    "x_value": 21914.331414950924
  },
  "4": {
    "idx": 164789,
    "x_value": 21914.34303360908
  },
  "5": {
    "idx": 164790,
    "x_value": 21914.34328903183
  },
  "6": {
    "idx": 164791,
    "x_value": 21914.346174704853
  },
  "7": {
    "idx": 164792,
    "x_value": 21914.350137423906
  }
}