{
  "1": {
    "idx": 207160,
    "x_value": 11099.099988354868
  },
  "2": {
    "idx": 207161,
    "x_value": 11101.185983663105
  },
  "3": {
    "idx": 207170,
    "x_value": 11101.548395031776
  },
  "4": {
    "idx": 207171,
    "x_value": 11101.570628694375
  },
  "5": {
    "idx": 207172,
    "x_value": 11101.576113144525
  },
  "6": {
    "idx": 213216,
    "x_value": 11153.472171649672
  },
  "7": {
    "idx": 213223,
    "x_value": 11153.508010700303
  },
  "8": {
    "idx": 213232,
    "x_value": 11153.595558653393
  },
  "9": {
    "idx": 213235,
    "x_value": 11153.606826914209
  },
  "10": {
    "idx": 213246,
    "x_value": 11153.66216270212
  },
  "11": {
    "idx": 213255,
    "x_value": 11153.720713695055
  },
  "12": {
    "idx": 213355,
    "x_value": 11154.262372178024
  },
  "13": {
    "idx": 213376,
    "x_value": 11154.405192861896
  },
  "14": {
    "idx": 213743,
    "x_value": 11156.507011594967
  },
  "15": {
    "idx": 213746,
    "x_value": 11156.512909738838
  },
  "16": {
    "idx": 213747,
    "x_value": 11156.516756959978
  },
  "17": {
    "idx": 213788,
    "x_value": 11156.814570442446
  },
  "18": {
    "idx": 213789,
    "x_value": 11156.815982200034
  },
  "19": {
    "idx": 213791,
    "x_value": 11156.821355655436
  },
  "20": {
    "idx": 213831,
    "x_value": 11156.963646089218
  },
  "21": {
    "idx": 213852,
    "x_value": 11157.068287685797
  },
  "22": {
    "idx": 213899,
    "x_value": 11157.211550925218
  },
  "23": {
    "idx": 213984,
    "x_value": 11157.534728390006
  },
  "24": {
    "idx": 213991,
    "x_value": 11157.564351490193
  },
  "25": {
    "idx": 213998,
    "x_value": 11157.578002575176
  },
  "26": {
    "idx": 213999,
    "x_value": 11157.578577982507
  },
  "27": {
    "idx": 214014,
    "x_value": 11157.610278558324
  },
  "28": {
    "idx": 214015,
    "x_value": 11157.61277992294
  },
  "29": {
    "idx": 214016,
    "x_value": 11157.626190925375
  },
  "30": {
    "idx": 214017,
    "x_value": 11157.626641401372
  }
}