{
  "1": {
    "idx": 807264,
    "x_value": 74810.12815874087
  },
  "2": {
    "idx": 807271,
    "x_value": 74810.54087045131
  },
  "3": {
    "idx": 807282,
    "x_value": 74810.98183161016
  },
  "4": {
    "idx": 807285,
    "x_value": 74811.03543833952
  },
  "5": {
    "idx": 807286,
    "x_value": 74811.04241791592
  },
  "6": {
    "idx": 807287,
    "x_value": 74811.04286648017
  },
  "7": {
    "idx": 807290,
    "x_value": 74811.04633053369
  },
  "8": {
    "idx": 807291,
    "x_value": 74811.05227124883
  },
  "9": {
    "idx": 807292,
    "x_value": 74811.05589644851
  },
  "10": {
    "idx": 807293,
    "x_value": 74811.05737222634
  },
  "11": {
    "idx": 807294,
    "x_value": 74811.06031923175
  }
}