{
  "1": {
    "idx": 340972,
    "x_value": 44444.73945743717
  },
  "2": {
    "idx": 340975,
    "x_value": 44447.08808530218
  },
  "3": {
    "idx": 340976,
    "x_value": 44447.09297755968
  },
  "4": {
    "idx": 340977,
    "x_value": 44447.0973420428
  },
  "5": {
    "idx": 340978,
    "x_value": 44447.099512883935
  },
  "6": {
    "idx": 340979,
    "x_value": 44447.10233635721
  },
  "7": {
    "idx": 340980,
    "x_value": 44447.1027718495
  }
}