{
  "1": {
    "idx": 16791,
    "x_value": 2142.768089762116
  },
  "2": {
    "idx": 16792,
    "x_value": 2142.966676856574
  },
  "3": {
    "idx": 16793,
    "x_value": 2142.9681920657445
  },
  "4": {
    "idx": 16794,
    "x_value": 2142.977372292175
  },
  "5": {
    "idx": 16795,
    "x_value": 2142.982997339946
  },
  "6": {
    "idx": 16796,
    "x_value": 2142.9835028777925
  }
}