{
  "1": {
    "idx": 579132,
    "x_value": 70388.86779889581
  },
  "2": {
    "idx": 579135,
    "x_value": 70389.49795303462
  },
  "3": {
    "idx": 579136,
    "x_value": 70389.5282483227
  },
  "4": {
    "idx": 579137,
    "x_value": 70389.53718080405
  },
  "5": {
    "idx": 579138,
    "x_value": 70389.54973186995
  },
  "6": {
    "idx": 579139,
    "x_value": 70389.5693178513
  },
  "7": {
    "idx": 579140,
    "x_value": 70389.58500723114
  },
  "8": {
    "idx": 579141,
    "x_value": 70389.5889164411
  },
  "9": {
    "idx": 579142,
    "x_value": 70389.59945117663
  }
}