{
  "1": {
    "idx": 372113,
    "x_value": 18523.176697862287
  },
  "2": {
    "idx": 372142,
    "x_value": 18524.257668544768
  },
  "3": {
    "idx": 372143,
    "x_value": 18524.2986577497
  },
  "4": {
    "idx": 372144,
    "x_value": 18524.441989567673
  },
  "5": {
    "idx": 372147,
    "x_value": 18524.594703818548
  },
  "6": {
    "idx": 372148,
    "x_value": 18524.60420056556
  },
  "7": {
    "idx": 372149,
    "x_value": 18524.643218829377
  },
  "8": {
    "idx": 372152,
    "x_value": 18524.732666003732
  },
  "9": {
    "idx": 372155,
    "x_value": 18524.76041279639
  },
  "10": {
    "idx": 372156,
    "x_value": 18524.79510430816
  },
  "11": {
    "idx": 372157,
    "x_value": 18524.859477444366
  },
  "12": {
    "idx": 372162,
    "x_value": 18524.891050208356
  },
  "13": {
    "idx": 372163,
    "x_value": 18524.898334848764
  },
  "14": {
    "idx": 372164,
    "x_value": 18524.91693719813
  },
  "15": {
    "idx": 372165,
    "x_value": 18524.92978678131
  },
  "16": {
    "idx": 372166,
    "x_value": 18524.9445815013
  }
}