{
  "1": {
    "idx": 33188,
    "x_value": 2430.2006915003494
  },
  "2": {
    "idx": 33195,
    "x_value": 2430.3720777847197
  },
  "3": {
    "idx": 33196,
    "x_value": 2430.4014955494295
  },
  "4": {
    "idx": 33199,
    "x_value": 2430.496608694981
  },
  "5": {
    "idx": 33200,
    "x_value": 2430.5003110924044
  },
  "6": {
    "idx": 33201,
    "x_value": 2430.521516573115
  },
  "7": {
    "idx": 33221,
    "x_value": 2430.691845442492
  },
  "8": {
    "idx": 33226,
    "x_value": 2430.702325598304
  },
  "9": {
    "idx": 33235,
    "x_value": 2430.7240007189957
  },
  "10": {
    "idx": 33455,
    "x_value": 2431.6512458188317
  },
  "11": {
    "idx": 33456,
    "x_value": 2431.655060336334
  },
  "12": {
    "idx": 33457,
    "x_value": 2431.662129287997
  },
  "13": {
    "idx": 33899,
    "x_value": 2433.1585845112672
  },
  "14": {
    "idx": 33908,
    "x_value": 2433.1635136133123
  },
  "15": {
    "idx": 33910,
    "x_value": 2433.166976173895
  },
  "16": {
    "idx": 33947,
    "x_value": 2433.2914214622383
  },
  "17": {
    "idx": 33990,
    "x_value": 2433.4063525412803
  },
  "18": {
    "idx": 33993,
    "x_value": 2433.412437474011
  },
  "19": {
    "idx": 34012,
    "x_value": 2433.453473714855
  },
  "20": {
    "idx": 34097,
    "x_value": 2433.6191846484617
  },
  "21": {
    "idx": 34214,
    "x_value": 2433.851411771876
  },
  "22": {
    "idx": 34267,
    "x_value": 2433.985158106302
  },
  "23": {
    "idx": 34278,
    "x_value": 2433.99537817134
  },
  "24": {
    "idx": 34279,
    "x_value": 2433.9997868346995
  },
  "25": {
    "idx": 34282,
    "x_value": 2434.007884960692
  },
  "26": {
    "idx": 34303,
    "x_value": 2434.047954802613
  },
  "27": {
    "idx": 34304,
    "x_value": 2434.0550430209805
  },
  "28": {
    "idx": 34309,
    "x_value": 2434.0621809069557
  },
  "29": {
    "idx": 34318,
    "x_value": 2434.072950766055
  },
  "30": {
    "idx": 34319,
    "x_value": 2434.0769987433905
  }
}