{
  "1": {
    "idx": 881948,
    "x_value": 73909.85785918472
  },
  "2": {
    "idx": 881949,
    "x_value": 73909.8585937412
  },
  "3": {
    "idx": 881950,
    "x_value": 73909.89391333505
  },
  "4": {
    "idx": 881951,
    "x_value": 73909.93088545198
  },
  "5": {
    "idx": 881952,
    "x_value": 73909.97755234562
  },
  "6": {
    "idx": 881953,
    "x_value": 73909.98006987033
  },
  "7": {
    "idx": 881954,
    "x_value": 73909.99445919208
  },
  "8": {
    "idx": 881955,
    "x_value": 73910.01593117492
  },
  "9": {
    "idx": 881956,
    "x_value": 73910.03044697897
  },
  "10": {
    "idx": 881957,
    "x_value": 73910.04075367244
  },
  "11": {
    "idx": 881958,
    "x_value": 73910.05003201656
  },
  "12": {
    "idx": 881959,
    "x_value": 73910.05903155233
  }
}