{
  "1": {
    "idx": 5388,
    "x_value": 658.1579071449485
  },
  "2": {
    "idx": 5389,
    "x_value": 658.799943695555
  },
  "3": {
    "idx": 5392,
    "x_value": 658.8190974712336
  },
  "4": {
    "idx": 5393,
    "x_value": 658.855886859601
  },
  "5": {
    "idx": 5394,
    "x_value": 658.868536990405
  },
  "6": {
    "idx": 5397,
    "x_value": 658.8813362634731
  },
  "7": {
    "idx": 5398,
    "x_value": 658.8853242154244
  },
  "8": {
    "idx": 5399,
    "x_value": 658.8853344184704
  }
}