{
  "1": {
    "idx": 21311,
    "x_value": 1410.9577985483431
  },
  "2": {
    "idx": 21314,
    "x_value": 1411.582966072411
  },
  "3": {
    "idx": 21315,
    "x_value": 1411.5863448815735
  },
  "4": {
    "idx": 21318,
    "x_value": 1411.6081336789387
  },
  "5": {
    "idx": 21319,
    "x_value": 1411.6374201526428
  },
  "6": {
    "idx": 22802,
    "x_value": 1421.766537308922
  },
  "7": {
    "idx": 22845,
    "x_value": 1422.0623782280725
  },
  "8": {
    "idx": 22868,
    "x_value": 1422.2356283649194
  },
  "9": {
    "idx": 22881,
    "x_value": 1422.3050939474235
  },
  "10": {
    "idx": 24629,
    "x_value": 1429.3629326866353
  },
  "11": {
    "idx": 25875,
    "x_value": 1434.3562859468057
  },
  "12": {
    "idx": 25882,
    "x_value": 1434.3826804573048
  },
  "13": {
    "idx": 26396,
    "x_value": 1436.0787104463923
  },
  "14": {
    "idx": 26471,
    "x_value": 1436.292207075613
  },
  "15": {
    "idx": 26804,
    "x_value": 1437.382425805303
  },
  "16": {
    "idx": 26809,
    "x_value": 1437.4034003015108
  },
  "17": {
    "idx": 26812,
    "x_value": 1437.4132391759945
  },
  "18": {
    "idx": 26813,
    "x_value": 1437.4179972472173
  },
  "19": {
    "idx": 26814,
    "x_value": 1437.432131465359
  },
  "20": {
    "idx": 26843,
    "x_value": 1437.5218885412312
  },
  "21": {
    "idx": 26846,
    "x_value": 1437.5324057403336
  },
  "22": {
    "idx": 26936,
    "x_value": 1437.7369902837875
  },
  "23": {
    "idx": 27065,
    "x_value": 1438.0678203358045
  },
  "24": {
    "idx": 27068,
    "x_value": 1438.0774865461874
  },
  "25": {
    "idx": 27073,
    "x_value": 1438.0780884586418
  },
  "26": {
    "idx": 27095,
    "x_value": 1438.1379823226325
  },
  "27": {
    "idx": 27096,
    "x_value": 1438.1398853247408
  },
  "28": {
    "idx": 27097,
    "x_value": 1438.1414098024775
  },
  "29": {
    "idx": 27102,
    "x_value": 1438.1463087817617
  },
  "30": {
    "idx": 27103,
    "x_value": 1438.1472697762358
  }
}