{
  "1": {
    "idx": 615724,
    "x_value": 51629.98450864124
  },
  "2": {
    "idx": 615743,
    "x_value": 51630.35767536226
  },
  "3": {
    "idx": 615750,
    "x_value": 51630.46885492275
  },
  "4": {
    "idx": 615751,
    "x_value": 51630.46917987216
  },
  "5": {
    "idx": 615752,
    "x_value": 51630.48056510337
  },
  "6": {
    "idx": 615753,
    "x_value": 51630.511977782895
  },
  "7": {
    "idx": 615754,
    "x_value": 51630.51290669914
  },
  "8": {
    "idx": 615755,
    "x_value": 51630.537502693696
  },
  "9": {
    "idx": 615756,
    "x_value": 51630.53967859618
  },
  "10": {
    "idx": 615757,
    "x_value": 51630.55679677403
  },
  "11": {
    "idx": 615758,
    "x_value": 51630.57055299747
  },
  "12": {
    "idx": 615759,
    "x_value": 51630.59370852762
  }
}