{
  "1": {
    "idx": 70839,
    "x_value": 3950.443572738389
  },
  "2": {
    "idx": 70864,
    "x_value": 3951.678021195622
  },
  "3": {
    "idx": 70865,
    "x_value": 3951.6898552080256
  },
  "4": {
    "idx": 70866,
    "x_value": 3951.7364158582077
  },
  "5": {
    "idx": 70869,
    "x_value": 3951.853485206362
  },
  "6": {
    "idx": 76152,
    "x_value": 3994.1657261584655
  },
  "7": {
    "idx": 77025,
    "x_value": 4001.8605208871368
  },
  "8": {
    "idx": 77062,
    "x_value": 4002.1218458436897
  },
  "9": {
    "idx": 77329,
    "x_value": 4004.2330008268373
  },
  "10": {
    "idx": 81759,
    "x_value": 4029.1999212115093
  },
  "11": {
    "idx": 81770,
    "x_value": 4029.235609730468
  },
  "12": {
    "idx": 81932,
    "x_value": 4030.028665855707
  },
  "13": {
    "idx": 81937,
    "x_value": 4030.0656883409056
  },
  "14": {
    "idx": 82537,
    "x_value": 4033.337508432658
  },
  "15": {
    "idx": 82558,
    "x_value": 4033.423219391597
  },
  "16": {
    "idx": 82587,
    "x_value": 4033.5717833672047
  },
  "17": {
    "idx": 82671,
    "x_value": 4033.942472622157
  },
  "18": {
    "idx": 82672,
    "x_value": 4033.9529849391183
  },
  "19": {
    "idx": 82673,
    "x_value": 4033.9594675891
  },
  "20": {
    "idx": 82674,
    "x_value": 4033.9782909102596
  },
  "21": {
    "idx": 82681,
    "x_value": 4034.0163030577287
  },
  "22": {
    "idx": 82682,
    "x_value": 4034.0268998574234
  },
  "23": {
    "idx": 82683,
    "x_value": 4034.027679552408
  },
  "24": {
    "idx": 82688,
    "x_value": 4034.0646930576913
  },
  "25": {
    "idx": 82689,
    "x_value": 4034.0665571242143
  },
  "26": {
    "idx": 82690,
    "x_value": 4034.073763823548
  },
  "27": {
    "idx": 82731,
    "x_value": 4034.1727267969854
  },
  "28": {
    "idx": 82736,
    "x_value": 4034.1887049391207
  },
  "29": {
    "idx": 82737,
    "x_value": 4034.1917796212624
  },
  "30": {
    "idx": 82738,
    "x_value": 4034.206621192293
  }
}