{
  "1": {
    "idx": 650279,
    "x_value": 52470.77188659811
  },
  "2": {
    "idx": 650280,
    "x_value": 52471.25718187805
  },
  "3": {
    "idx": 650283,
    "x_value": 52471.31504230254
  },
  "4": {
    "idx": 650295,
    "x_value": 52471.518374006555
  },
  "5": {
    "idx": 650298,
    "x_value": 52471.578056279286
  },
  "6": {
    "idx": 673435,
    "x_value": 52603.218571192585
  },
  "7": {
    "idx": 673452,
    "x_value": 52603.26551424762
  },
  "8": {
    "idx": 673453,
    "x_value": 52603.270551649584
  },
  "9": {
    "idx": 673456,
    "x_value": 52603.284845117785
  },
  "10": {
    "idx": 680763,
    "x_value": 52627.00174371835
  },
  "11": {
    "idx": 680764,
    "x_value": 52627.01876905938
  },
  "12": {
    "idx": 680875,
    "x_value": 52627.383918853455
  },
  "13": {
    "idx": 711556,
    "x_value": 52703.633878117646
  },
  "14": {
    "idx": 715294,
    "x_value": 52713.08271727076
  },
  "15": {
    "idx": 715303,
    "x_value": 52713.11662669144
  },
  "16": {
    "idx": 722745,
    "x_value": 52728.22992910204
  },
  "17": {
    "idx": 723276,
    "x_value": 52729.24336571421
  },
  "18": {
    "idx": 723283,
    "x_value": 52729.256639895284
  },
  "19": {
    "idx": 723288,
    "x_value": 52729.27843853895
  },
  "20": {
    "idx": 723365,
    "x_value": 52729.449738781026
  },
  "21": {
    "idx": 723607,
    "x_value": 52729.908290991625
  },
  "22": {
    "idx": 723828,
    "x_value": 52730.26179754618
  },
  "23": {
    "idx": 723829,
    "x_value": 52730.2649158435
  },
  "24": {
    "idx": 723830,
    "x_value": 52730.27248165469
  },
  "25": {
    "idx": 723839,
    "x_value": 52730.28095067881
  },
  "26": {
    "idx": 723841,
    "x_value": 52730.28206309572
  },
  "27": {
    "idx": 723866,
    "x_value": 52730.30667149095
  },
  "28": {
    "idx": 723871,
    "x_value": 52730.32066844053
  },
  "29": {
    "idx": 723875,
    "x_value": 52730.32423458772
  },
  "30": {
    "idx": 723876,
    "x_value": 52730.324244244155
  }
}