{
  "1": {
    "idx": 90969,
    "x_value": 11563.661593240618
  },
  "2": {
    "idx": 90972,
    "x_value": 11564.248641015576
  },
  "3": {
    "idx": 90975,
    "x_value": 11564.274850000356
  },
  "4": {
    "idx": 90976,
    "x_value": 11564.275493031433
  },
  "5": {
    "idx": 90977,
    "x_value": 11564.27693114289
  },
  "6": {
    "idx": 90978,
    "x_value": 11564.279604702857
  },
  "7": {
    "idx": 90979,
    "x_value": 11564.281029769187
  }
}