{
  "final_entities": 2,
  "simulated_time_seconds": 528.6550993479023,
  "event_num_link": 0,
  "event_num_grow": 16128,
  "event_num_grow_success": 13955,
  "event_num_grow_fail": 2173,
  "event_num_remove": 13872,
  "event_num_to_do_nothing": 0,
  "distorted_linker_enabled": true,
  "distorted_linker_fraction": 0.23988150220314358,
  "off_pathway_linker_fraction": 0.47976300440628716,
  "effective_zr6_conc": 30.080947982374852,
  "effective_linker_conc": 2.0809479823748513,
  "external_addition_activity": 0.699312653676841
}