{
  "1": {
    "idx": 409327,
    "x_value": 36019.163901374595
  },
  "2": {
    "idx": 409342,
    "x_value": 36019.60217516276
  },
  "3": {
    "idx": 409347,
    "x_value": 36019.692317427674
  },
  "4": {
    "idx": 409350,
    "x_value": 36019.78690790611
  },
  "5": {
    "idx": 409351,
    "x_value": 36019.84521749632
  },
  "6": {
    "idx": 409352,
    "x_value": 36019.852821834735
  },
  "7": {
    "idx": 409353,
    "x_value": 36019.88695899957
  },
  "8": {
    "idx": 409354,
    "x_value": 36019.89252719569
  },
  "9": {
    "idx": 409355,
    "x_value": 36019.90437516877
  },
  "10": {
    "idx": 409356,
    "x_value": 36019.90695870283
  }
}