{
  "1": {
    "idx": 267935,
    "x_value": 38404.3120664872
  },
  "2": {
    "idx": 267936,
    "x_value": 38404.532770735415
  },
  "3": {
    "idx": 267937,
    "x_value": 38404.53355891743
  },
  "4": {
    "idx": 267938,
    "x_value": 38404.53420598181
  },
  "5": {
    "idx": 267939,
    "x_value": 38404.534481410425
  }
}