{
  "1": {
    "idx": 46812,
    "x_value": 6511.426619168215
  },
  "2": {
    "idx": 46813,
    "x_value": 6511.68429376699
  },
  "3": {
    "idx": 46814,
    "x_value": 6511.6975941335995
  },
  "4": {
    "idx": 46815,
    "x_value": 6511.704304368701
  },
  "5": {
    "idx": 46816,
    "x_value": 6511.705744317184
  }
}