{
  "1": {
    "idx": 189629,
    "x_value": 27331.31723474622
  },
  "2": {
    "idx": 189630,
    "x_value": 27331.990288140783
  },
  "3": {
    "idx": 189631,
    "x_value": 27331.992706596553
  },
  "4": {
    "idx": 189632,
    "x_value": 27331.992814324985
  },
  "5": {
    "idx": 189633,
    "x_value": 27331.993942189656
  }
}