{
  "1": {
    "idx": 899015,
    "x_value": 107577.1997504534
  },
  "2": {
    "idx": 899016,
    "x_value": 107577.27231458314
  },
  "3": {
    "idx": 899017,
    "x_value": 107577.2810889544
  },
  "4": {
    "idx": 899018,
    "x_value": 107577.29161805585
  },
  "5": {
    "idx": 899019,
    "x_value": 107577.30122338141
  },
  "6": {
    "idx": 899020,
    "x_value": 107577.32175735748
  },
  "7": {
    "idx": 899021,
    "x_value": 107577.32597047748
  },
  "8": {
    "idx": 899022,
    "x_value": 107577.33170715545
  }
}