{
  "1": {
    "idx": 866949,
    "x_value": 108250.97849468504
  },
  "2": {
    "idx": 866950,
    "x_value": 108251.09394797061
  },
  "3": {
    "idx": 866951,
    "x_value": 108251.10352897191
  },
  "4": {
    "idx": 866952,
    "x_value": 108251.13053532857
  },
  "5": {
    "idx": 866955,
    "x_value": 108251.14023078806
  },
  "6": {
    "idx": 866956,
    "x_value": 108251.14425436205
  },
  "7": {
    "idx": 866957,
    "x_value": 108251.14566298039
  },
  "8": {
    "idx": 866958,
    "x_value": 108251.14892098685
  }
}