{
  "1": {
    "idx": 25541,
    "x_value": 3108.5145616341074
  },
  "2": {
    "idx": 25542,
    "x_value": 3108.539114715575
  },
  "3": {
    "idx": 25543,
    "x_value": 3108.5445929554526
  },
  "4": {
    "idx": 25544,
    "x_value": 3108.544805407201
  },
  "5": {
    "idx": 25545,
    "x_value": 3108.5814942625025
  },
  "6": {
    "idx": 25546,
    "x_value": 3108.594975416693
  },
  "7": {
    "idx": 25547,
    "x_value": 3108.597962160341
  }
}