{
  "1": {
    "idx": 27526,
    "x_value": 3419.89936816621
  },
  "2": {
    "idx": 27527,
    "x_value": 3420.0160230749457
  },
  "3": {
    "idx": 27528,
    "x_value": 3420.0306199638057
  },
  "4": {
    "idx": 27529,
    "x_value": 3420.038785996959
  },
  "5": {
    "idx": 27530,
    "x_value": 3420.0392204519153
  },
  "6": {
    "idx": 27531,
    "x_value": 3420.0410168558246
  },
  "7": {
    "idx": 27532,
    "x_value": 3420.042258659591
  }
}