{
  "1": {
    "idx": 212740,
    "x_value": 24608.102680656306
  },
  "2": {
    "idx": 212741,
    "x_value": 24608.138521141893
  },
  "3": {
    "idx": 212742,
    "x_value": 24608.18166161035
  },
  "4": {
    "idx": 212743,
    "x_value": 24608.19737832074
  },
  "5": {
    "idx": 212744,
    "x_value": 24608.207004163178
  },
  "6": {
    "idx": 212745,
    "x_value": 24608.214588546525
  },
  "7": {
    "idx": 212746,
    "x_value": 24608.230595907346
  },
  "8": {
    "idx": 212747,
    "x_value": 24608.24104205692
  }
}