{
  "1": {
    "idx": 80448,
    "x_value": 9967.334679273301
  },
  "2": {
    "idx": 80453,
    "x_value": 9967.426681436684
  },
  "3": {
    "idx": 80454,
    "x_value": 9967.432398192193
  },
  "4": {
    "idx": 80455,
    "x_value": 9967.436437059288
  },
  "5": {
    "idx": 80456,
    "x_value": 9967.44958835114
  },
  "6": {
    "idx": 80457,
    "x_value": 9967.450040929474
  },
  "7": {
    "idx": 80458,
    "x_value": 9967.451238480906
  }
}