{
  "1": {
    "idx": 172965,
    "x_value": 11455.559485403921
  },
  "2": {
    "idx": 172966,
    "x_value": 11455.860052155218
  },
  "3": {
    "idx": 172967,
    "x_value": 11455.90009556647
  },
  "4": {
    "idx": 172972,
    "x_value": 11456.01061624808
  },
  "5": {
    "idx": 172973,
    "x_value": 11456.013406347396
  },
  "6": {
    "idx": 173932,
    "x_value": 11463.156662315881
  },
  "7": {
    "idx": 174011,
    "x_value": 11463.669999536245
  },
  "8": {
    "idx": 174014,
    "x_value": 11463.696472320866
  },
  "9": {
    "idx": 175871,
    "x_value": 11472.697385360709
  },
  "10": {
    "idx": 175878,
    "x_value": 11472.720865241663
  },
  "11": {
    "idx": 175881,
    "x_value": 11472.730133335786
  },
  "12": {
    "idx": 175894,
    "x_value": 11472.850608794004
  },
  "13": {
    "idx": 176133,
    "x_value": 11473.684387490383
  },
  "14": {
    "idx": 180006,
    "x_value": 11485.787094681842
  },
  "15": {
    "idx": 180901,
    "x_value": 11488.698551076865
  },
  "16": {
    "idx": 180902,
    "x_value": 11488.705058691952
  },
  "17": {
    "idx": 180919,
    "x_value": 11488.73806946802
  },
  "18": {
    "idx": 180924,
    "x_value": 11488.754006347534
  },
  "19": {
    "idx": 180927,
    "x_value": 11488.76576421224
  },
  "20": {
    "idx": 180935,
    "x_value": 11488.798034241838
  },
  "21": {
    "idx": 181091,
    "x_value": 11489.134675500107
  },
  "22": {
    "idx": 181116,
    "x_value": 11489.222793578456
  },
  "23": {
    "idx": 181133,
    "x_value": 11489.272482429957
  },
  "24": {
    "idx": 181134,
    "x_value": 11489.27863705244
  },
  "25": {
    "idx": 181137,
    "x_value": 11489.281814755366
  },
  "26": {
    "idx": 181140,
    "x_value": 11489.300775803791
  },
  "27": {
    "idx": 181147,
    "x_value": 11489.317716161044
  },
  "28": {
    "idx": 181154,
    "x_value": 11489.346513310315
  },
  "29": {
    "idx": 181157,
    "x_value": 11489.353272860248
  },
  "30": {
    "idx": 181158,
    "x_value": 11489.35655156585
  }
}