{
  "1": {
    "idx": 0,
    "x_value": 0.0
  },
  "2": {
    "idx": 10834,
    "x_value": 432.2433101994873
  },
  "3": {
    "idx": 10871,
    "x_value": 434.6615182632457
  },
  "4": {
    "idx": 10872,
    "x_value": 434.7929100601042
  },
  "5": {
    "idx": 10967,
    "x_value": 438.302775387508
  },
  "6": {
    "idx": 10972,
    "x_value": 438.60366633153836
  },
  "7": {
    "idx": 10973,
    "x_value": 438.61187262977245
  },
  "8": {
    "idx": 10986,
    "x_value": 439.14323589351176
  },
  "9": {
    "idx": 10991,
    "x_value": 439.2770221235743
  },
  "10": {
    "idx": 11004,
    "x_value": 439.70024924377685
  },
  "11": {
    "idx": 11005,
    "x_value": 439.71711849803654
  },
  "12": {
    "idx": 11008,
    "x_value": 439.9015139114151
  },
  "13": {
    "idx": 11009,
    "x_value": 439.9774386994024
  },
  "14": {
    "idx": 11010,
    "x_value": 440.03526639262
  },
  "15": {
    "idx": 11011,
    "x_value": 440.0480061411087
  },
  "16": {
    "idx": 11014,
    "x_value": 440.06308530935183
  },
  "17": {
    "idx": 11015,
    "x_value": 440.10983981189355
  },
  "18": {
    "idx": 11016,
    "x_value": 440.1526922019065
  },
  "19": {
    "idx": 11017,
    "x_value": 440.15730570543315
  },
  "20": {
    "idx": 11020,
    "x_value": 440.2686774835282
  },
  "21": {
    "idx": 11027,
    "x_value": 440.5527833182949
  },
  "22": {
    "idx": 11067,
    "x_value": 441.16036056761993
  },
  "23": {
    "idx": 11136,
    "x_value": 442.0250280857395
  },
  "24": {
    "idx": 11143,
    "x_value": 442.0998004074704
  },
  "25": {
    "idx": 11144,
    "x_value": 442.14661740209567
  },
  "26": {
    "idx": 11145,
    "x_value": 442.1773748154462
  },
  "27": {
    "idx": 11146,
    "x_value": 442.18217555224857
  },
  "28": {
    "idx": 11149,
    "x_value": 442.20067615672264
  },
  "29": {
    "idx": 11150,
    "x_value": 442.2110520626185
  },
  "30": {
    "idx": 11151,
    "x_value": 442.2143007215833
  }
}