{
  "1": {
    "idx": 932268,
    "x_value": 128422.47567142971
  },
  "2": {
    "idx": 932269,
    "x_value": 128422.5095485024
  },
  "3": {
    "idx": 932270,
    "x_value": 128422.50986648456
  },
  "4": {
    "idx": 932271,
    "x_value": 128422.5122741467
  },
  "5": {
    "idx": 932272,
    "x_value": 128422.51532879415
  },
  "6": {
    "idx": 932273,
    "x_value": 128422.51566823189
  }
}