{
  "1": {
    "idx": 575317,
    "x_value": 79573.47776403847
  },
  "2": {
    "idx": 575318,
    "x_value": 79574.15107409397
  },
  "3": {
    "idx": 575319,
    "x_value": 79574.15153852772
  },
  "4": {
    "idx": 575320,
    "x_value": 79574.15803111873
  },
  "5": {
    "idx": 575321,
    "x_value": 79574.16416900116
  },
  "6": {
    "idx": 575322,
    "x_value": 79574.16590436558
  }
}