{
  "1": {
    "idx": 400303,
    "x_value": 37975.45019386364
  },
  "2": {
    "idx": 400310,
    "x_value": 37976.02201521921
  },
  "3": {
    "idx": 400311,
    "x_value": 37976.1261676621
  },
  "4": {
    "idx": 400312,
    "x_value": 37976.13666986406
  },
  "5": {
    "idx": 400313,
    "x_value": 37976.162846835905
  },
  "6": {
    "idx": 400659,
    "x_value": 37977.64190128295
  },
  "7": {
    "idx": 400680,
    "x_value": 37977.787649742444
  },
  "8": {
    "idx": 400701,
    "x_value": 37977.87339638434
  },
  "9": {
    "idx": 401697,
    "x_value": 37980.680404193714
  },
  "10": {
    "idx": 401950,
    "x_value": 37981.352695441376
  },
  "11": {
    "idx": 401961,
    "x_value": 37981.370706403955
  },
  "12": {
    "idx": 401968,
    "x_value": 37981.37675127858
  },
  "13": {
    "idx": 408660,
    "x_value": 37993.66663929893
  },
  "14": {
    "idx": 408683,
    "x_value": 37993.69628749661
  },
  "15": {
    "idx": 408762,
    "x_value": 37993.8634530922
  },
  "16": {
    "idx": 409602,
    "x_value": 37995.1930451396
  },
  "17": {
    "idx": 410444,
    "x_value": 37996.4048587567
  },
  "18": {
    "idx": 410947,
    "x_value": 37997.18277662783
  },
  "19": {
    "idx": 411038,
    "x_value": 37997.26320290254
  },
  "20": {
    "idx": 411053,
    "x_value": 37997.28037159311
  },
  "21": {
    "idx": 411691,
    "x_value": 37997.997855460526
  },
  "22": {
    "idx": 412092,
    "x_value": 37998.47769270339
  },
  "23": {
    "idx": 412099,
    "x_value": 37998.47964773952
  },
  "24": {
    "idx": 412122,
    "x_value": 37998.503871162895
  },
  "25": {
    "idx": 412141,
    "x_value": 37998.5321706443
  },
  "26": {
    "idx": 412142,
    "x_value": 37998.53449994204
  },
  "27": {
    "idx": 412145,
    "x_value": 37998.53607586982
  },
  "28": {
    "idx": 412146,
    "x_value": 37998.538334372344
  },
  "29": {
    "idx": 412151,
    "x_value": 37998.54191758336
  },
  "30": {
    "idx": 412152,
    "x_value": 37998.54414115487
  }
}