{
  "1": {
    "idx": 46898,
    "x_value": 3959.646778935946
  },
  "2": {
    "idx": 46899,
    "x_value": 3960.215837477558
  },
  "3": {
    "idx": 46900,
    "x_value": 3960.2944393147827
  },
  "4": {
    "idx": 46901,
    "x_value": 3960.3090355540876
  },
  "5": {
    "idx": 46908,
    "x_value": 3960.4306203348474
  },
  "6": {
    "idx": 46909,
    "x_value": 3960.4433864505804
  },
  "7": {
    "idx": 46910,
    "x_value": 3960.45287122964
  },
  "8": {
    "idx": 46911,
    "x_value": 3960.4606163965464
  },
  "9": {
    "idx": 46912,
    "x_value": 3960.4636570828707
  },
  "10": {
    "idx": 46913,
    "x_value": 3960.4851725899753
  }
}