{
  "1": {
    "idx": 73253,
    "x_value": 3321.402336930431
  },
  "2": {
    "idx": 73256,
    "x_value": 3321.4723968600456
  },
  "3": {
    "idx": 73257,
    "x_value": 3321.6340692113627
  },
  "4": {
    "idx": 73258,
    "x_value": 3321.664735393508
  },
  "5": {
    "idx": 73295,
    "x_value": 3322.950631972598
  },
  "6": {
    "idx": 73296,
    "x_value": 3322.9827107201836
  },
  "7": {
    "idx": 74955,
    "x_value": 3340.129116276444
  },
  "8": {
    "idx": 74956,
    "x_value": 3340.1432049942455
  },
  "9": {
    "idx": 74971,
    "x_value": 3340.2860282962824
  },
  "10": {
    "idx": 74974,
    "x_value": 3340.3482500815953
  },
  "11": {
    "idx": 75215,
    "x_value": 3342.8512918739893
  },
  "12": {
    "idx": 75216,
    "x_value": 3342.853213728249
  },
  "13": {
    "idx": 75392,
    "x_value": 3344.403950273468
  },
  "14": {
    "idx": 75517,
    "x_value": 3345.4915497272455
  },
  "15": {
    "idx": 76210,
    "x_value": 3350.253759266627
  },
  "16": {
    "idx": 76217,
    "x_value": 3350.2718106832667
  },
  "17": {
    "idx": 76220,
    "x_value": 3350.286981803502
  },
  "18": {
    "idx": 76223,
    "x_value": 3350.2963857304076
  },
  "19": {
    "idx": 76254,
    "x_value": 3350.46841841655
  },
  "20": {
    "idx": 76349,
    "x_value": 3351.114729133655
  },
  "21": {
    "idx": 76370,
    "x_value": 3351.23257095846
  },
  "22": {
    "idx": 76371,
    "x_value": 3351.2356546893443
  },
  "23": {
    "idx": 76376,
    "x_value": 3351.2483851771385
  },
  "24": {
    "idx": 76381,
    "x_value": 3351.268201054424
  },
  "25": {
    "idx": 76382,
    "x_value": 3351.2853409952577
  },
  "26": {
    "idx": 76383,
    "x_value": 3351.2927983197796
  },
  "27": {
    "idx": 76384,
    "x_value": 3351.2978696091113
  },
  "28": {
    "idx": 76389,
    "x_value": 3351.3295437829406
  },
  "29": {
    "idx": 76392,
    "x_value": 3351.3391799616725
  },
  "30": {
    "idx": 76393,
    "x_value": 3351.3394182422708
  }
}