{
  "1": {
    "idx": 143331,
    "x_value": 17146.28120129632
  },
  "2": {
    "idx": 143332,
    "x_value": 17146.818710854932
  },
  "3": {
    "idx": 143333,
    "x_value": 17146.84087918373
  },
  "4": {
    "idx": 143334,
    "x_value": 17146.861857054926
  },
  "5": {
    "idx": 143335,
    "x_value": 17146.866707410805
  },
  "6": {
    "idx": 143336,
    "x_value": 17146.868689505412
  },
  "7": {
    "idx": 143337,
    "x_value": 17146.877548465698
  },
  "8": {
    "idx": 143338,
    "x_value": 17146.886681642747
  }
}