{
  "1": {
    "idx": 186195,
    "x_value": 14665.223433115092
  },
  "2": {
    "idx": 186200,
    "x_value": 14665.447861133127
  },
  "3": {
    "idx": 186201,
    "x_value": 14665.482070840362
  },
  "4": {
    "idx": 186202,
    "x_value": 14665.483378182402
  },
  "5": {
    "idx": 186203,
    "x_value": 14665.489864465928
  },
  "6": {
    "idx": 186204,
    "x_value": 14665.514007726944
  },
  "7": {
    "idx": 186205,
    "x_value": 14665.528638124144
  },
  "8": {
    "idx": 186206,
    "x_value": 14665.555513222807
  },
  "9": {
    "idx": 186207,
    "x_value": 14665.558678861495
  },
  "10": {
    "idx": 186208,
    "x_value": 14665.56391299785
  },
  "11": {
    "idx": 186209,
    "x_value": 14665.579642681143
  },
  "12": {
    "idx": 186210,
    "x_value": 14665.581467203743
  }
}