{
  "1": {
    "idx": 18138,
    "x_value": 966.4680671385751
  },
  "2": {
    "idx": 18141,
    "x_value": 966.7586989965455
  },
  "3": {
    "idx": 18152,
    "x_value": 967.1292079067838
  },
  "4": {
    "idx": 18163,
    "x_value": 967.43917848256
  },
  "5": {
    "idx": 18168,
    "x_value": 967.5430080673091
  },
  "6": {
    "idx": 18171,
    "x_value": 967.5484267531077
  },
  "7": {
    "idx": 18377,
    "x_value": 969.4178338428939
  },
  "8": {
    "idx": 18390,
    "x_value": 969.5892247543554
  },
  "9": {
    "idx": 18841,
    "x_value": 973.5397616923574
  },
  "10": {
    "idx": 19164,
    "x_value": 975.6723814884165
  },
  "11": {
    "idx": 19169,
    "x_value": 975.683313032771
  },
  "12": {
    "idx": 20229,
    "x_value": 982.0365425450709
  },
  "13": {
    "idx": 20238,
    "x_value": 982.0710999317242
  },
  "14": {
    "idx": 20239,
    "x_value": 982.072387564989
  },
  "15": {
    "idx": 20241,
    "x_value": 982.0738404580347
  },
  "16": {
    "idx": 20242,
    "x_value": 982.080354326068
  },
  "17": {
    "idx": 20243,
    "x_value": 982.0928581749639
  },
  "18": {
    "idx": 20261,
    "x_value": 982.1593904620615
  },
  "19": {
    "idx": 20266,
    "x_value": 982.1745358888733
  },
  "20": {
    "idx": 20285,
    "x_value": 982.2743526709102
  },
  "21": {
    "idx": 20290,
    "x_value": 982.2883304301403
  },
  "22": {
    "idx": 20291,
    "x_value": 982.2965509733018
  },
  "23": {
    "idx": 20298,
    "x_value": 982.3109720156306
  },
  "24": {
    "idx": 20299,
    "x_value": 982.3157020721774
  },
  "25": {
    "idx": 20300,
    "x_value": 982.3261954437265
  },
  "26": {
    "idx": 20303,
    "x_value": 982.3317064218879
  },
  "27": {
    "idx": 20306,
    "x_value": 982.3359456194137
  },
  "28": {
    "idx": 20307,
    "x_value": 982.3471830559353
  },
  "29": {
    "idx": 20310,
    "x_value": 982.3547272182935
  },
  "30": {
    "idx": 20311,
    "x_value": 982.3558659407315
  }
}