{
  "1": {
    "idx": 576504,
    "x_value": 71465.25702009177
  },
  "2": {
    "idx": 576507,
    "x_value": 71465.37083715889
  },
  "3": {
    "idx": 576508,
    "x_value": 71465.40786662619
  },
  "4": {
    "idx": 576509,
    "x_value": 71465.43041024986
  },
  "5": {
    "idx": 576510,
    "x_value": 71465.44227379453
  },
  "6": {
    "idx": 576511,
    "x_value": 71465.44757931307
  },
  "7": {
    "idx": 576512,
    "x_value": 71465.44999504738
  },
  "8": {
    "idx": 576513,
    "x_value": 71465.45263631077
  }
}