{
  "1": {
    "idx": 2038,
    "x_value": 207.78063326911024
  },
  "2": {
    "idx": 2039,
    "x_value": 208.8259178504285
  },
  "3": {
    "idx": 2042,
    "x_value": 208.87967814080136
  },
  "4": {
    "idx": 2043,
    "x_value": 208.8984087083045
  },
  "5": {
    "idx": 2044,
    "x_value": 208.91048672395436
  },
  "6": {
    "idx": 2045,
    "x_value": 208.9138839600006
  },
  "7": {
    "idx": 2046,
    "x_value": 208.91962639931765
  },
  "8": {
    "idx": 2047,
    "x_value": 208.92191206615416
  },
  "9": {
    "idx": 2048,
    "x_value": 208.92526570045104
  }
}