{
  "1": {
    "idx": 150029,
    "x_value": 14913.69640585836
  },
  "2": {
    "idx": 150030,
    "x_value": 14913.754952708568
  },
  "3": {
    "idx": 150031,
    "x_value": 14913.798583790738
  },
  "4": {
    "idx": 150032,
    "x_value": 14913.80146530214
  },
  "5": {
    "idx": 150033,
    "x_value": 14913.811742698255
  },
  "6": {
    "idx": 150036,
    "x_value": 14913.83687152976
  },
  "7": {
    "idx": 150037,
    "x_value": 14913.848237534694
  },
  "8": {
    "idx": 150038,
    "x_value": 14913.85145098577
  },
  "9": {
    "idx": 150039,
    "x_value": 14913.862346319173
  }
}