{
  "1": {
    "idx": 72368,
    "x_value": 3208.866627759241
  },
  "2": {
    "idx": 72421,
    "x_value": 3211.814205032994
  },
  "3": {
    "idx": 72512,
    "x_value": 3215.551819919529
  },
  "4": {
    "idx": 72513,
    "x_value": 3215.5626620862786
  },
  "5": {
    "idx": 72534,
    "x_value": 3215.820129300296
  },
  "6": {
    "idx": 72537,
    "x_value": 3215.9822575993508
  },
  "7": {
    "idx": 72538,
    "x_value": 3216.0016129698715
  },
  "8": {
    "idx": 72541,
    "x_value": 3216.1751459604866
  },
  "9": {
    "idx": 74761,
    "x_value": 3239.086280575798
  },
  "10": {
    "idx": 74764,
    "x_value": 3239.11072868095
  },
  "11": {
    "idx": 74765,
    "x_value": 3239.129877681774
  },
  "12": {
    "idx": 74984,
    "x_value": 3241.3233161987105
  },
  "13": {
    "idx": 75000,
    "x_value": 3241.4800459672388
  },
  "14": {
    "idx": 75261,
    "x_value": 3243.1363100476096
  },
  "15": {
    "idx": 75338,
    "x_value": 3243.7703375613637
  },
  "16": {
    "idx": 75339,
    "x_value": 3243.792033472599
  },
  "17": {
    "idx": 75364,
    "x_value": 3243.9807578899035
  },
  "18": {
    "idx": 75463,
    "x_value": 3244.8578155054106
  },
  "19": {
    "idx": 75464,
    "x_value": 3244.864457137406
  },
  "20": {
    "idx": 75465,
    "x_value": 3244.872161669302
  },
  "21": {
    "idx": 75476,
    "x_value": 3244.959436340438
  },
  "22": {
    "idx": 75499,
    "x_value": 3245.142509156858
  },
  "23": {
    "idx": 75500,
    "x_value": 3245.1491295452565
  },
  "24": {
    "idx": 75501,
    "x_value": 3245.169111538957
  },
  "25": {
    "idx": 75502,
    "x_value": 3245.185358550321
  },
  "26": {
    "idx": 75505,
    "x_value": 3245.193735056865
  },
  "27": {
    "idx": 75506,
    "x_value": 3245.204076071864
  },
  "28": {
    "idx": 75507,
    "x_value": 3245.2171857553226
  },
  "29": {
    "idx": 75508,
    "x_value": 3245.2193369234146
  },
  "30": {
    "idx": 75509,
    "x_value": 3245.23909798708
  }
}