{
  "1": {
    "idx": 908338,
    "x_value": 80188.2959901314
  },
  "2": {
    "idx": 908339,
    "x_value": 80188.31154648494
  },
  "3": {
    "idx": 908340,
    "x_value": 80188.33574117742
  },
  "4": {
    "idx": 908341,
    "x_value": 80188.35600367295
  },
  "5": {
    "idx": 908342,
    "x_value": 80188.38680799578
  },
  "6": {
    "idx": 908347,
    "x_value": 80188.43418045936
  },
  "7": {
    "idx": 908348,
    "x_value": 80188.43659009023
  },
  "8": {
    "idx": 908351,
    "x_value": 80188.57707544514
  },
  "9": {
    "idx": 908352,
    "x_value": 80188.58447871795
  },
  "10": {
    "idx": 908353,
    "x_value": 80188.58757854745
  },
  "11": {
    "idx": 908354,
    "x_value": 80188.59303728087
  }
}