{
  "1": {
    "idx": 537249,
    "x_value": 75011.62340375155
  },
  "2": {
    "idx": 537250,
    "x_value": 75011.69164959592
  },
  "3": {
    "idx": 537251,
    "x_value": 75011.69339303118
  },
  "4": {
    "idx": 537252,
    "x_value": 75011.69395651101
  },
  "5": {
    "idx": 537253,
    "x_value": 75011.70163287073
  },
  "6": {
    "idx": 537254,
    "x_value": 75011.70894932606
  }
}