{
  "1": {
    "idx": 279993,
    "x_value": 26385.91286287162
  },
  "2": {
    "idx": 279994,
    "x_value": 26385.962237810287
  },
  "3": {
    "idx": 279995,
    "x_value": 26386.00234756793
  },
  "4": {
    "idx": 279996,
    "x_value": 26386.003708364013
  },
  "5": {
    "idx": 279997,
    "x_value": 26386.01331556088
  },
  "6": {
    "idx": 280000,
    "x_value": 26386.05780056444
  },
  "7": {
    "idx": 280001,
    "x_value": 26386.05940375175
  },
  "8": {
    "idx": 280002,
    "x_value": 26386.067784675542
  },
  "9": {
    "idx": 280003,
    "x_value": 26386.0813609782
  }
}