{
  "1": {
    "idx": 259958,
    "x_value": 26306.025178392774
  },
  "2": {
    "idx": 259959,
    "x_value": 26306.229268281673
  },
  "3": {
    "idx": 259960,
    "x_value": 26306.404130962317
  },
  "4": {
    "idx": 259961,
    "x_value": 26306.406634907158
  },
  "5": {
    "idx": 259962,
    "x_value": 26306.459415284335
  },
  "6": {
    "idx": 260622,
    "x_value": 26308.819841485856
  },
  "7": {
    "idx": 260631,
    "x_value": 26308.84713048141
  },
  "8": {
    "idx": 260648,
    "x_value": 26308.868079103315
  },
  "9": {
    "idx": 260653,
    "x_value": 26308.935067339145
  },
  "10": {
    "idx": 291910,
    "x_value": 26373.21310176996
  },
  "11": {
    "idx": 292087,
    "x_value": 26373.58260495044
  },
  "12": {
    "idx": 292088,
    "x_value": 26373.583853050008
  },
  "13": {
    "idx": 295896,
    "x_value": 26379.474939901695
  },
  "14": {
    "idx": 296133,
    "x_value": 26379.828957210975
  },
  "15": {
    "idx": 296214,
    "x_value": 26379.961271785545
  },
  "16": {
    "idx": 296217,
    "x_value": 26379.971389434682
  },
  "17": {
    "idx": 316132,
    "x_value": 26402.917053773068
  },
  "18": {
    "idx": 316141,
    "x_value": 26402.92922733852
  },
  "19": {
    "idx": 316146,
    "x_value": 26402.938260150164
  },
  "20": {
    "idx": 316504,
    "x_value": 26403.34861413698
  },
  "21": {
    "idx": 317108,
    "x_value": 26404.003996533935
  },
  "22": {
    "idx": 317181,
    "x_value": 26404.065955740225
  },
  "23": {
    "idx": 317192,
    "x_value": 26404.076338099043
  },
  "24": {
    "idx": 317193,
    "x_value": 26404.078788004168
  },
  "25": {
    "idx": 317198,
    "x_value": 26404.0830349046
  },
  "26": {
    "idx": 317207,
    "x_value": 26404.09459186384
  },
  "27": {
    "idx": 317208,
    "x_value": 26404.095788088565
  },
  "28": {
    "idx": 317239,
    "x_value": 26404.11720885652
  },
  "29": {
    "idx": 317254,
    "x_value": 26404.12552267739
  },
  "30": {
    "idx": 317255,
    "x_value": 26404.12707069555
  }
}