{
  "1": {
    "idx": 211831,
    "x_value": 9339.863058425783
  },
  "2": {
    "idx": 211872,
    "x_value": 9342.073465559357
  },
  "3": {
    "idx": 211891,
    "x_value": 9343.063753418543
  },
  "4": {
    "idx": 211894,
    "x_value": 9343.24881517863
  },
  "5": {
    "idx": 211895,
    "x_value": 9343.26046355793
  },
  "6": {
    "idx": 211907,
    "x_value": 9343.450947706557
  },
  "7": {
    "idx": 211910,
    "x_value": 9343.494106841503
  },
  "8": {
    "idx": 212730,
    "x_value": 9352.876881045804
  },
  "9": {
    "idx": 213247,
    "x_value": 9358.409877605327
  },
  "10": {
    "idx": 213248,
    "x_value": 9358.411608874187
  },
  "11": {
    "idx": 213592,
    "x_value": 9361.665382551078
  },
  "12": {
    "idx": 213595,
    "x_value": 9361.704460256733
  },
  "13": {
    "idx": 213931,
    "x_value": 9364.244993245784
  },
  "14": {
    "idx": 214518,
    "x_value": 9369.184707280736
  },
  "15": {
    "idx": 214521,
    "x_value": 9369.19904856061
  },
  "16": {
    "idx": 214522,
    "x_value": 9369.223161878403
  },
  "17": {
    "idx": 214527,
    "x_value": 9369.260913450504
  },
  "18": {
    "idx": 214528,
    "x_value": 9369.29179808098
  },
  "19": {
    "idx": 214601,
    "x_value": 9369.913416795089
  },
  "20": {
    "idx": 214606,
    "x_value": 9369.929368890686
  },
  "21": {
    "idx": 214607,
    "x_value": 9369.930654280979
  },
  "22": {
    "idx": 214634,
    "x_value": 9370.072499887478
  },
  "23": {
    "idx": 214635,
    "x_value": 9370.082788628997
  },
  "24": {
    "idx": 214636,
    "x_value": 9370.092424019744
  },
  "25": {
    "idx": 214647,
    "x_value": 9370.141968775739
  },
  "26": {
    "idx": 214648,
    "x_value": 9370.14230665799
  },
  "27": {
    "idx": 214649,
    "x_value": 9370.151422409313
  },
  "28": {
    "idx": 214650,
    "x_value": 9370.160477690344
  },
  "29": {
    "idx": 214651,
    "x_value": 9370.17345406482
  },
  "30": {
    "idx": 214652,
    "x_value": 9370.179149999993
  }
}