{
  "1": {
    "idx": 11848,
    "x_value": 1527.5461130006463
  },
  "2": {
    "idx": 11851,
    "x_value": 1527.5623598516963
  },
  "3": {
    "idx": 11852,
    "x_value": 1527.609402845305
  },
  "4": {
    "idx": 11853,
    "x_value": 1527.6122192961009
  },
  "5": {
    "idx": 11854,
    "x_value": 1527.6254234200374
  },
  "6": {
    "idx": 11855,
    "x_value": 1527.6354507339051
  },
  "7": {
    "idx": 11856,
    "x_value": 1527.6385792011058
  }
}