{
  "1": {
    "idx": 169099,
    "x_value": 20851.365418251033
  },
  "2": {
    "idx": 169100,
    "x_value": 20851.78301755838
  },
  "3": {
    "idx": 169103,
    "x_value": 20851.86473822726
  },
  "4": {
    "idx": 169104,
    "x_value": 20851.88332356219
  },
  "5": {
    "idx": 169105,
    "x_value": 20851.888096544328
  },
  "6": {
    "idx": 169106,
    "x_value": 20851.922452713818
  },
  "7": {
    "idx": 169107,
    "x_value": 20851.926266723436
  }
}