{
  "1": {
    "idx": 5645777,
    "x_value": 766660.5675730257
  },
  "2": {
    "idx": 5645778,
    "x_value": 766660.7075749943
  },
  "3": {
    "idx": 5645779,
    "x_value": 766660.7080767233
  },
  "4": {
    "idx": 5645780,
    "x_value": 766660.7091555764
  },
  "5": {
    "idx": 5645781,
    "x_value": 766660.7101754693
  },
  "6": {
    "idx": 5645782,
    "x_value": 766660.7127133127
  },
  "7": {
    "idx": 5645783,
    "x_value": 766660.7162819941
  }
}