{
  "1": {
    "idx": 88830,
    "x_value": 8204.687610257744
  },
  "2": {
    "idx": 88831,
    "x_value": 8204.745775472178
  },
  "3": {
    "idx": 88832,
    "x_value": 8204.795692398839
  },
  "4": {
    "idx": 88833,
    "x_value": 8204.799247424196
  },
  "5": {
    "idx": 88834,
    "x_value": 8204.810134890336
  },
  "6": {
    "idx": 88835,
    "x_value": 8204.818686090312
  },
  "7": {
    "idx": 88836,
    "x_value": 8204.825320018936
  },
  "8": {
    "idx": 88837,
    "x_value": 8204.87317037999
  },
  "9": {
    "idx": 88838,
    "x_value": 8204.883895844154
  },
  "10": {
    "idx": 88839,
    "x_value": 8204.896101526572
  },
  "11": {
    "idx": 88840,
    "x_value": 8204.900044860091
  },
  "12": {
    "idx": 88841,
    "x_value": 8204.900183529553
  }
}