{
  "1": {
    "idx": 54438,
    "x_value": 2866.56831227603
  },
  "2": {
    "idx": 54439,
    "x_value": 2866.5899288094133
  },
  "3": {
    "idx": 54490,
    "x_value": 2868.349332852458
  },
  "4": {
    "idx": 54493,
    "x_value": 2868.4560811073393
  },
  "5": {
    "idx": 54494,
    "x_value": 2868.558338714854
  },
  "6": {
    "idx": 54505,
    "x_value": 2868.8759349583975
  },
  "7": {
    "idx": 54515,
    "x_value": 2868.9699166551454
  },
  "8": {
    "idx": 54518,
    "x_value": 2868.9880959519496
  },
  "9": {
    "idx": 54527,
    "x_value": 2869.0611259818693
  },
  "10": {
    "idx": 54570,
    "x_value": 2869.7376852993457
  },
  "11": {
    "idx": 56890,
    "x_value": 2882.9706749326656
  },
  "12": {
    "idx": 57087,
    "x_value": 2884.045678356731
  },
  "13": {
    "idx": 57252,
    "x_value": 2884.826593682152
  },
  "14": {
    "idx": 57349,
    "x_value": 2885.460098226288
  },
  "15": {
    "idx": 57392,
    "x_value": 2885.684767645659
  },
  "16": {
    "idx": 57393,
    "x_value": 2885.690249727374
  },
  "17": {
    "idx": 57400,
    "x_value": 2885.7249735326473
  },
  "18": {
    "idx": 57487,
    "x_value": 2886.0559035771853
  },
  "19": {
    "idx": 57490,
    "x_value": 2886.0578048620696
  },
  "20": {
    "idx": 57517,
    "x_value": 2886.2251079716307
  },
  "21": {
    "idx": 57528,
    "x_value": 2886.263740455631
  },
  "22": {
    "idx": 57546,
    "x_value": 2886.357862937808
  },
  "23": {
    "idx": 57575,
    "x_value": 2886.509351185722
  },
  "24": {
    "idx": 57576,
    "x_value": 2886.513964398564
  },
  "25": {
    "idx": 57589,
    "x_value": 2886.545722015936
  },
  "26": {
    "idx": 57600,
    "x_value": 2886.578500607826
  },
  "27": {
    "idx": 57601,
    "x_value": 2886.5904278844628
  },
  "28": {
    "idx": 57602,
    "x_value": 2886.6069888327743
  },
  "29": {
    "idx": 57603,
    "x_value": 2886.6101268962307
  },
  "30": {
    "idx": 57604,
    "x_value": 2886.6108742358165
  }
}