{
  "1": {
    "idx": 41700,
    "x_value": 6102.164559739048
  },
  "2": {
    "idx": 41701,
    "x_value": 6102.423445595053
  },
  "3": {
    "idx": 41702,
    "x_value": 6102.423783501861
  },
  "4": {
    "idx": 41703,
    "x_value": 6102.424605140602
  }
}