{
  "1": {
    "idx": 481672,
    "x_value": 43761.216319113904
  },
  "2": {
    "idx": 481673,
    "x_value": 43761.73520001633
  },
  "3": {
    "idx": 481674,
    "x_value": 43761.75661684499
  },
  "4": {
    "idx": 481675,
    "x_value": 43761.785296289956
  },
  "5": {
    "idx": 481676,
    "x_value": 43761.79162329617
  },
  "6": {
    "idx": 484836,
    "x_value": 43776.50044645081
  },
  "7": {
    "idx": 484851,
    "x_value": 43776.54672440058
  },
  "8": {
    "idx": 484854,
    "x_value": 43776.55281345918
  },
  "9": {
    "idx": 490805,
    "x_value": 43794.59811115384
  },
  "10": {
    "idx": 490806,
    "x_value": 43794.59997368904
  },
  "11": {
    "idx": 490844,
    "x_value": 43794.70751473012
  },
  "12": {
    "idx": 498056,
    "x_value": 43810.643054670494
  },
  "13": {
    "idx": 498087,
    "x_value": 43810.69136563286
  },
  "14": {
    "idx": 498214,
    "x_value": 43810.986061436925
  },
  "15": {
    "idx": 498314,
    "x_value": 43811.17881871692
  },
  "16": {
    "idx": 503385,
    "x_value": 43819.585161266834
  },
  "17": {
    "idx": 503642,
    "x_value": 43820.01848153028
  },
  "18": {
    "idx": 503795,
    "x_value": 43820.26789364577
  },
  "19": {
    "idx": 503876,
    "x_value": 43820.3996043543
  },
  "20": {
    "idx": 504008,
    "x_value": 43820.59196881122
  },
  "21": {
    "idx": 504067,
    "x_value": 43820.69110122895
  },
  "22": {
    "idx": 504550,
    "x_value": 43821.40655490723
  },
  "23": {
    "idx": 504557,
    "x_value": 43821.416785038535
  },
  "24": {
    "idx": 504604,
    "x_value": 43821.463221601145
  },
  "25": {
    "idx": 504613,
    "x_value": 43821.47775913565
  },
  "26": {
    "idx": 504616,
    "x_value": 43821.48038290779
  },
  "27": {
    "idx": 504621,
    "x_value": 43821.48688227503
  },
  "28": {
    "idx": 504634,
    "x_value": 43821.50172242638
  },
  "29": {
    "idx": 504639,
    "x_value": 43821.50449926273
  },
  "30": {
    "idx": 504640,
    "x_value": 43821.50802813488
  }
}