{
  "1": {
    "idx": 429229,
    "x_value": 46748.2232398631
  },
  "2": {
    "idx": 429230,
    "x_value": 46748.2931235593
  },
  "3": {
    "idx": 429231,
    "x_value": 46748.295581058075
  },
  "4": {
    "idx": 429234,
    "x_value": 46748.329360523596
  },
  "5": {
    "idx": 429235,
    "x_value": 46748.341387797016
  },
  "6": {
    "idx": 429238,
    "x_value": 46748.370519878845
  },
  "7": {
    "idx": 429239,
    "x_value": 46748.39145101944
  },
  "8": {
    "idx": 429240,
    "x_value": 46748.398610487675
  },
  "9": {
    "idx": 429241,
    "x_value": 46748.414520444116
  }
}