{
  "1": {
    "idx": 585930,
    "x_value": 76571.10318871852
  },
  "2": {
    "idx": 585931,
    "x_value": 76571.18386739327
  },
  "3": {
    "idx": 585932,
    "x_value": 76571.18573400316
  },
  "4": {
    "idx": 585933,
    "x_value": 76571.18860158035
  },
  "5": {
    "idx": 585934,
    "x_value": 76571.1967587857
  },
  "6": {
    "idx": 585935,
    "x_value": 76571.20000777027
  },
  "7": {
    "idx": 585936,
    "x_value": 76571.20410040715
  }
}