{
  "1": {
    "idx": 100914,
    "x_value": 12246.439841894051
  },
  "2": {
    "idx": 100919,
    "x_value": 12246.585920308817
  },
  "3": {
    "idx": 100922,
    "x_value": 12246.599832603317
  },
  "4": {
    "idx": 100923,
    "x_value": 12246.60244246104
  },
  "5": {
    "idx": 100924,
    "x_value": 12246.60839788353
  },
  "6": {
    "idx": 100925,
    "x_value": 12246.612131795744
  },
  "7": {
    "idx": 100926,
    "x_value": 12246.625911136287
  },
  "8": {
    "idx": 100927,
    "x_value": 12246.627905617748
  }
}