{
  "1": {
    "idx": 3283,
    "x_value": 433.0886319790393
  },
  "2": {
    "idx": 3284,
    "x_value": 434.6013501420212
  },
  "3": {
    "idx": 3285,
    "x_value": 434.6145115917538
  },
  "4": {
    "idx": 3286,
    "x_value": 434.614720143275
  },
  "5": {
    "idx": 3287,
    "x_value": 434.6150756669396
  }
}