{
  "1": {
    "idx": 19723,
    "x_value": 2014.807967057537
  },
  "2": {
    "idx": 19724,
    "x_value": 2014.8237794098895
  },
  "3": {
    "idx": 19725,
    "x_value": 2014.8269129526007
  },
  "4": {
    "idx": 19726,
    "x_value": 2014.8614156902331
  },
  "5": {
    "idx": 19727,
    "x_value": 2014.8717999027963
  },
  "6": {
    "idx": 19728,
    "x_value": 2014.8933860352383
  },
  "7": {
    "idx": 19729,
    "x_value": 2014.9164286648613
  },
  "8": {
    "idx": 19730,
    "x_value": 2014.9268595101437
  },
  "9": {
    "idx": 19731,
    "x_value": 2014.9285114635702
  }
}