{
  "1": {
    "idx": 286583,
    "x_value": 34973.678549269396
  },
  "2": {
    "idx": 286584,
    "x_value": 34973.68226091126
  },
  "3": {
    "idx": 286585,
    "x_value": 34973.744794931736
  },
  "4": {
    "idx": 286586,
    "x_value": 34973.74524812215
  },
  "5": {
    "idx": 286587,
    "x_value": 34973.75130159964
  },
  "6": {
    "idx": 286588,
    "x_value": 34973.75739543165
  },
  "7": {
    "idx": 286589,
    "x_value": 34973.75776324444
  }
}