{
  "1": {
    "idx": 803664,
    "x_value": 114685.90337868746
  },
  "2": {
    "idx": 803665,
    "x_value": 114687.051746196
  },
  "3": {
    "idx": 803666,
    "x_value": 114687.06445960671
  },
  "4": {
    "idx": 803667,
    "x_value": 114687.06472742786
  },
  "5": {
    "idx": 803668,
    "x_value": 114687.06473461949
  }
}