{
  "1": {
    "idx": 790344,
    "x_value": 50669.421238193994
  },
  "2": {
    "idx": 790365,
    "x_value": 50670.24701586513
  },
  "3": {
    "idx": 790366,
    "x_value": 50670.26991765985
  },
  "4": {
    "idx": 790367,
    "x_value": 50670.30847619412
  },
  "5": {
    "idx": 790372,
    "x_value": 50670.350020399805
  },
  "6": {
    "idx": 790379,
    "x_value": 50670.44527942864
  },
  "7": {
    "idx": 790384,
    "x_value": 50670.535474604374
  },
  "8": {
    "idx": 790385,
    "x_value": 50670.58976892441
  },
  "9": {
    "idx": 790386,
    "x_value": 50670.599204013175
  },
  "10": {
    "idx": 790387,
    "x_value": 50670.60257527261
  },
  "11": {
    "idx": 790388,
    "x_value": 50670.63118246393
  },
  "12": {
    "idx": 790389,
    "x_value": 50670.63618294863
  },
  "13": {
    "idx": 790390,
    "x_value": 50670.63747067306
  },
  "14": {
    "idx": 790391,
    "x_value": 50670.64114160144
  },
  "15": {
    "idx": 790392,
    "x_value": 50670.65092970839
  },
  "16": {
    "idx": 790393,
    "x_value": 50670.659266661416
  },
  "17": {
    "idx": 790394,
    "x_value": 50670.68271657516
  },
  "18": {
    "idx": 790395,
    "x_value": 50670.7019169585
  }
}