{
  "1": {
    "idx": 1800,
    "x_value": 250.73541268641745
  },
  "2": {
    "idx": 1801,
    "x_value": 250.783484283491
  },
  "3": {
    "idx": 1802,
    "x_value": 250.79094588026248
  },
  "4": {
    "idx": 1803,
    "x_value": 250.7919721287283
  },
  "5": {
    "idx": 1804,
    "x_value": 250.7968735859261
  }
}