{
  "1": {
    "idx": 730012,
    "x_value": 90003.5429404505
  },
  "2": {
    "idx": 730019,
    "x_value": 90003.9658070169
  },
  "3": {
    "idx": 730020,
    "x_value": 90003.9668311158
  },
  "4": {
    "idx": 730021,
    "x_value": 90003.96915707507
  },
  "5": {
    "idx": 730026,
    "x_value": 90003.98661392623
  },
  "6": {
    "idx": 730029,
    "x_value": 90004.03490575952
  },
  "7": {
    "idx": 730030,
    "x_value": 90004.03831120505
  },
  "8": {
    "idx": 730031,
    "x_value": 90004.04161935784
  }
}