{
  "1": {
    "idx": 77481,
    "x_value": 9265.701236442854
  },
  "2": {
    "idx": 77488,
    "x_value": 9265.907235490651
  },
  "3": {
    "idx": 77489,
    "x_value": 9265.929970972667
  },
  "4": {
    "idx": 77490,
    "x_value": 9265.94523572178
  },
  "5": {
    "idx": 77491,
    "x_value": 9265.954413695692
  },
  "6": {
    "idx": 77492,
    "x_value": 9265.95539607678
  },
  "7": {
    "idx": 77493,
    "x_value": 9265.95644700602
  },
  "8": {
    "idx": 77494,
    "x_value": 9265.95664298629
  }
}