{
  "1": {
    "idx": 13532,
    "x_value": 572.5503594384086
  },
  "2": {
    "idx": 13720,
    "x_value": 580.1515155293149
  },
  "3": {
    "idx": 13851,
    "x_value": 585.4620191346876
  },
  "4": {
    "idx": 13852,
    "x_value": 585.5096234607076
  },
  "5": {
    "idx": 13861,
    "x_value": 585.7019725657059
  },
  "6": {
    "idx": 13862,
    "x_value": 585.7033854845135
  },
  "7": {
    "idx": 13865,
    "x_value": 585.7811002924309
  },
  "8": {
    "idx": 13866,
    "x_value": 585.787250833447
  },
  "9": {
    "idx": 13867,
    "x_value": 585.8031189417339
  },
  "10": {
    "idx": 13878,
    "x_value": 586.0381267588555
  },
  "11": {
    "idx": 13879,
    "x_value": 586.0485241752141
  },
  "12": {
    "idx": 13880,
    "x_value": 586.0506772429218
  },
  "13": {
    "idx": 13885,
    "x_value": 586.107000327106
  },
  "14": {
    "idx": 13886,
    "x_value": 586.1126944686249
  },
  "15": {
    "idx": 13887,
    "x_value": 586.11528447731
  },
  "16": {
    "idx": 13899,
    "x_value": 586.2239395660989
  },
  "17": {
    "idx": 13906,
    "x_value": 586.3017552347707
  },
  "18": {
    "idx": 13907,
    "x_value": 586.3306645180502
  },
  "19": {
    "idx": 13908,
    "x_value": 586.3462761029936
  },
  "20": {
    "idx": 13909,
    "x_value": 586.3468955546675
  },
  "21": {
    "idx": 13910,
    "x_value": 586.3653488417084
  },
  "22": {
    "idx": 13911,
    "x_value": 586.3785330380986
  },
  "23": {
    "idx": 13912,
    "x_value": 586.3805134298151
  },
  "24": {
    "idx": 13915,
    "x_value": 586.4550778788367
  },
  "25": {
    "idx": 13916,
    "x_value": 586.4606079128246
  },
  "26": {
    "idx": 13917,
    "x_value": 586.4625311242081
  },
  "27": {
    "idx": 13926,
    "x_value": 586.5291453978796
  },
  "28": {
    "idx": 13931,
    "x_value": 586.563694441624
  },
  "29": {
    "idx": 13932,
    "x_value": 586.5820781491318
  },
  "30": {
    "idx": 13933,
    "x_value": 586.5831586377392
  }
}