{
  "1": {
    "idx": 189873,
    "x_value": 13764.597272880837
  },
  "2": {
    "idx": 189892,
    "x_value": 13766.513978188825
  },
  "3": {
    "idx": 189893,
    "x_value": 13766.673536970728
  },
  "4": {
    "idx": 189896,
    "x_value": 13766.800633568791
  },
  "5": {
    "idx": 189897,
    "x_value": 13766.870183445884
  },
  "6": {
    "idx": 194307,
    "x_value": 13795.619003321804
  },
  "7": {
    "idx": 194308,
    "x_value": 13795.623835588101
  },
  "8": {
    "idx": 194370,
    "x_value": 13796.1455355395
  },
  "9": {
    "idx": 194509,
    "x_value": 13797.02341787468
  },
  "10": {
    "idx": 194606,
    "x_value": 13797.443808502741
  },
  "11": {
    "idx": 196505,
    "x_value": 13804.763339154533
  },
  "12": {
    "idx": 196520,
    "x_value": 13804.825572751342
  },
  "13": {
    "idx": 196649,
    "x_value": 13805.320556806413
  },
  "14": {
    "idx": 196652,
    "x_value": 13805.339545866538
  },
  "15": {
    "idx": 196700,
    "x_value": 13805.465678030541
  },
  "16": {
    "idx": 196703,
    "x_value": 13805.467820986509
  },
  "17": {
    "idx": 196704,
    "x_value": 13805.470898672002
  },
  "18": {
    "idx": 197130,
    "x_value": 13806.572238970246
  },
  "19": {
    "idx": 197131,
    "x_value": 13806.573801261617
  },
  "20": {
    "idx": 197144,
    "x_value": 13806.609048236243
  },
  "21": {
    "idx": 197157,
    "x_value": 13806.627422442796
  },
  "22": {
    "idx": 197164,
    "x_value": 13806.647712821514
  },
  "23": {
    "idx": 197165,
    "x_value": 13806.651002946757
  },
  "24": {
    "idx": 197291,
    "x_value": 13806.908993865249
  },
  "25": {
    "idx": 197302,
    "x_value": 13806.935555932005
  },
  "26": {
    "idx": 197319,
    "x_value": 13806.995356179012
  },
  "27": {
    "idx": 197328,
    "x_value": 13807.013955538676
  },
  "28": {
    "idx": 197365,
    "x_value": 13807.111388248963
  },
  "29": {
    "idx": 197366,
    "x_value": 13807.111914491812
  },
  "30": {
    "idx": 197367,
    "x_value": 13807.112093182866
  }
}