{
  "1": {
    "idx": 375834,
    "x_value": 35984.686842837546
  },
  "2": {
    "idx": 375835,
    "x_value": 35984.7787982535
  },
  "3": {
    "idx": 375840,
    "x_value": 35984.85493416341
  },
  "4": {
    "idx": 375841,
    "x_value": 35984.899917327704
  },
  "5": {
    "idx": 375842,
    "x_value": 35984.904584584096
  },
  "6": {
    "idx": 375843,
    "x_value": 35984.93377277446
  },
  "7": {
    "idx": 375844,
    "x_value": 35984.94457229029
  },
  "8": {
    "idx": 375845,
    "x_value": 35984.974770896515
  },
  "9": {
    "idx": 375846,
    "x_value": 35984.98030852618
  },
  "10": {
    "idx": 375847,
    "x_value": 35984.999751427305
  },
  "11": {
    "idx": 375848,
    "x_value": 35985.00112002819
  }
}