{
  "1": {
    "idx": 54059,
    "x_value": 4836.182295824696
  },
  "2": {
    "idx": 54060,
    "x_value": 4836.285060643164
  },
  "3": {
    "idx": 54063,
    "x_value": 4836.602980392538
  },
  "4": {
    "idx": 54066,
    "x_value": 4836.752603378137
  },
  "5": {
    "idx": 54067,
    "x_value": 4836.764612799147
  },
  "6": {
    "idx": 57491,
    "x_value": 4852.17073034199
  },
  "7": {
    "idx": 57684,
    "x_value": 4852.9371958358915
  },
  "8": {
    "idx": 57713,
    "x_value": 4853.048678866971
  },
  "9": {
    "idx": 57993,
    "x_value": 4854.0003195160725
  },
  "10": {
    "idx": 60771,
    "x_value": 4861.490147869899
  },
  "11": {
    "idx": 60830,
    "x_value": 4861.649996060849
  },
  "12": {
    "idx": 60839,
    "x_value": 4861.683592576549
  },
  "13": {
    "idx": 62485,
    "x_value": 4865.103996696794
  },
  "14": {
    "idx": 62492,
    "x_value": 4865.131092308763
  },
  "15": {
    "idx": 62681,
    "x_value": 4865.482039025415
  },
  "16": {
    "idx": 66943,
    "x_value": 4872.419744284014
  },
  "17": {
    "idx": 67022,
    "x_value": 4872.552362464042
  },
  "18": {
    "idx": 67326,
    "x_value": 4873.029044361471
  },
  "19": {
    "idx": 67334,
    "x_value": 4873.041043406186
  },
  "20": {
    "idx": 67363,
    "x_value": 4873.07767365084
  },
  "21": {
    "idx": 67400,
    "x_value": 4873.13229168249
  },
  "22": {
    "idx": 67559,
    "x_value": 4873.352337922356
  },
  "23": {
    "idx": 67568,
    "x_value": 4873.360769971223
  },
  "24": {
    "idx": 67587,
    "x_value": 4873.391906084217
  },
  "25": {
    "idx": 67588,
    "x_value": 4873.392627236787
  },
  "26": {
    "idx": 67619,
    "x_value": 4873.430383308055
  },
  "27": {
    "idx": 67646,
    "x_value": 4873.467538022904
  },
  "28": {
    "idx": 67655,
    "x_value": 4873.484764455418
  },
  "29": {
    "idx": 67664,
    "x_value": 4873.504198783639
  },
  "30": {
    "idx": 67665,
    "x_value": 4873.504590188437
  }
}