{
  "1": {
    "idx": 667850,
    "x_value": 63831.668542240724
  },
  "2": {
    "idx": 667853,
    "x_value": 63831.77259781676
  },
  "3": {
    "idx": 667858,
    "x_value": 63831.8890890165
  },
  "4": {
    "idx": 667859,
    "x_value": 63831.96457611713
  },
  "5": {
    "idx": 667860,
    "x_value": 63831.981637481
  },
  "6": {
    "idx": 667861,
    "x_value": 63832.03020889932
  },
  "7": {
    "idx": 667862,
    "x_value": 63832.03137081582
  },
  "8": {
    "idx": 667863,
    "x_value": 63832.03492482803
  },
  "9": {
    "idx": 667864,
    "x_value": 63832.03771860892
  },
  "10": {
    "idx": 667865,
    "x_value": 63832.05113834716
  },
  "11": {
    "idx": 667866,
    "x_value": 63832.05739990314
  }
}