{
  "1": {
    "idx": 8808,
    "x_value": 1223.4920598985557
  },
  "2": {
    "idx": 8811,
    "x_value": 1223.589637608386
  },
  "3": {
    "idx": 8812,
    "x_value": 1223.6056145911691
  },
  "4": {
    "idx": 8813,
    "x_value": 1223.6074713437883
  },
  "5": {
    "idx": 8814,
    "x_value": 1223.607587851153
  },
  "6": {
    "idx": 8815,
    "x_value": 1223.6131231534064
  }
}