{
  "1": {
    "idx": 674842,
    "x_value": 38348.80834870403
  },
  "2": {
    "idx": 674917,
    "x_value": 38352.09202574848
  },
  "3": {
    "idx": 674918,
    "x_value": 38352.11625163839
  },
  "4": {
    "idx": 674919,
    "x_value": 38352.187309083565
  },
  "5": {
    "idx": 674920,
    "x_value": 38352.22278558335
  },
  "6": {
    "idx": 678042,
    "x_value": 38377.627165762526
  },
  "7": {
    "idx": 678045,
    "x_value": 38377.66521732847
  },
  "8": {
    "idx": 678050,
    "x_value": 38377.70032006212
  },
  "9": {
    "idx": 678083,
    "x_value": 38377.97444316161
  },
  "10": {
    "idx": 678088,
    "x_value": 38378.01392312744
  },
  "11": {
    "idx": 678147,
    "x_value": 38378.55310094159
  },
  "12": {
    "idx": 678383,
    "x_value": 38379.78271541403
  },
  "13": {
    "idx": 678730,
    "x_value": 38381.81093375374
  },
  "14": {
    "idx": 678873,
    "x_value": 38382.450338669034
  },
  "15": {
    "idx": 679199,
    "x_value": 38383.72478820334
  },
  "16": {
    "idx": 679200,
    "x_value": 38383.7251881325
  },
  "17": {
    "idx": 679217,
    "x_value": 38383.79401014952
  },
  "18": {
    "idx": 679222,
    "x_value": 38383.82002881316
  },
  "19": {
    "idx": 679223,
    "x_value": 38383.82074902029
  },
  "20": {
    "idx": 679224,
    "x_value": 38383.82115654182
  },
  "21": {
    "idx": 679225,
    "x_value": 38383.82327866097
  },
  "22": {
    "idx": 679234,
    "x_value": 38383.87131478546
  },
  "23": {
    "idx": 679239,
    "x_value": 38383.89015562009
  },
  "24": {
    "idx": 679248,
    "x_value": 38383.925196304604
  },
  "25": {
    "idx": 679301,
    "x_value": 38384.12440108775
  },
  "26": {
    "idx": 679302,
    "x_value": 38384.126958500114
  },
  "27": {
    "idx": 679309,
    "x_value": 38384.151412408384
  },
  "28": {
    "idx": 679312,
    "x_value": 38384.15938076164
  },
  "29": {
    "idx": 679313,
    "x_value": 38384.16332039917
  },
  "30": {
    "idx": 679314,
    "x_value": 38384.16707782518
  }
}