{
  "1": {
    "idx": 305206,
    "x_value": 36970.01217434589
  },
  "2": {
    "idx": 305207,
    "x_value": 36970.02279744485
  },
  "3": {
    "idx": 305208,
    "x_value": 36970.043938738934
  },
  "4": {
    "idx": 305209,
    "x_value": 36970.063246416896
  },
  "5": {
    "idx": 305210,
    "x_value": 36970.06335321714
  },
  "6": {
    "idx": 305211,
    "x_value": 36970.077296929114
  },
  "7": {
    "idx": 305212,
    "x_value": 36970.082462206454
  },
  "8": {
    "idx": 305213,
    "x_value": 36970.08549669554
  }
}