{
  "1": {
    "idx": 794052,
    "x_value": 66681.13914715766
  },
  "2": {
    "idx": 794069,
    "x_value": 66681.83469674291
  },
  "3": {
    "idx": 794070,
    "x_value": 66681.90014131035
  },
  "4": {
    "idx": 794071,
    "x_value": 66681.90306367999
  },
  "5": {
    "idx": 794072,
    "x_value": 66681.92095374392
  },
  "6": {
    "idx": 794073,
    "x_value": 66681.9289352388
  },
  "7": {
    "idx": 794074,
    "x_value": 66681.93738310662
  },
  "8": {
    "idx": 794077,
    "x_value": 66681.99133812982
  },
  "9": {
    "idx": 794078,
    "x_value": 66681.99268957115
  },
  "10": {
    "idx": 794079,
    "x_value": 66681.99706392018
  },
  "11": {
    "idx": 794080,
    "x_value": 66682.03088194322
  }
}