{
  "1": {
    "idx": 6778543,
    "x_value": 790877.9583722516
  },
  "2": {
    "idx": 6778546,
    "x_value": 790878.031354145
  },
  "3": {
    "idx": 6778547,
    "x_value": 790878.0388581097
  },
  "4": {
    "idx": 6778548,
    "x_value": 790878.0406831166
  },
  "5": {
    "idx": 6778549,
    "x_value": 790878.0491337173
  },
  "6": {
    "idx": 6920002,
    "x_value": 791193.4731852042
  },
  "7": {
    "idx": 6920023,
    "x_value": 791193.5314180623
  },
  "8": {
    "idx": 6920026,
    "x_value": 791193.5426217724
  },
  "9": {
    "idx": 6967231,
    "x_value": 791258.6778312618
  },
  "10": {
    "idx": 6967232,
    "x_value": 791258.6779354025
  },
  "11": {
    "idx": 6967239,
    "x_value": 791258.6895317506
  },
  "12": {
    "idx": 6970143,
    "x_value": 791261.6088280282
  },
  "13": {
    "idx": 7016351,
    "x_value": 791302.6688851707
  },
  "14": {
    "idx": 7016410,
    "x_value": 791302.734398713
  },
  "15": {
    "idx": 7016423,
    "x_value": 791302.7452152644
  },
  "16": {
    "idx": 7017385,
    "x_value": 791303.4307932889
  },
  "17": {
    "idx": 7025043,
    "x_value": 791308.5150215116
  },
  "18": {
    "idx": 7025330,
    "x_value": 791308.6867631634
  },
  "19": {
    "idx": 7025387,
    "x_value": 791308.7314273809
  },
  "20": {
    "idx": 7027473,
    "x_value": 791309.8972546227
  },
  "21": {
    "idx": 7088518,
    "x_value": 791341.7043919937
  },
  "22": {
    "idx": 7088679,
    "x_value": 791341.7975809146
  },
  "23": {
    "idx": 7088724,
    "x_value": 791341.8243070801
  },
  "24": {
    "idx": 7090609,
    "x_value": 791342.667742811
  },
  "25": {
    "idx": 7091008,
    "x_value": 791342.8420175987
  },
  "26": {
    "idx": 7091039,
    "x_value": 791342.8529302881
  },
  "27": {
    "idx": 7091074,
    "x_value": 791342.8661859836
  },
  "28": {
    "idx": 7091089,
    "x_value": 791342.870667451
  },
  "29": {
    "idx": 7091090,
    "x_value": 791342.870669694
  },
  "30": {
    "idx": 7091091,
    "x_value": 791342.8706757443
  }
}