{
  "1": {
    "idx": 63248,
    "x_value": 6658.144350100983
  },
  "2": {
    "idx": 63249,
    "x_value": 6658.2022561910035
  },
  "3": {
    "idx": 63250,
    "x_value": 6658.2100761529955
  },
  "4": {
    "idx": 63251,
    "x_value": 6658.223666148137
  },
  "5": {
    "idx": 63252,
    "x_value": 6658.228168170159
  },
  "6": {
    "idx": 63253,
    "x_value": 6658.234436333056
  },
  "7": {
    "idx": 63254,
    "x_value": 6658.235508849805
  },
  "8": {
    "idx": 63255,
    "x_value": 6658.280774454917
  }
}