{
  "1": {
    "idx": 650,
    "x_value": 92.99446620261656
  },
  "2": {
    "idx": 651,
    "x_value": 93.48025791481193
  },
  "3": {
    "idx": 652,
    "x_value": 93.48157397081714
  },
  "4": {
    "idx": 653,
    "x_value": 93.48159372235746
  }
}