{
  "1": {
    "idx": 466230,
    "x_value": 65301.07979948726
  },
  "2": {
    "idx": 466231,
    "x_value": 65301.28827912117
  },
  "3": {
    "idx": 466232,
    "x_value": 65301.28887174591
  },
  "4": {
    "idx": 466233,
    "x_value": 65301.29753196128
  },
  "5": {
    "idx": 466234,
    "x_value": 65301.29761087729
  },
  "6": {
    "idx": 466235,
    "x_value": 65301.29895739208
  }
}