{
  "1": {
    "idx": 94442,
    "x_value": 9395.70587462909
  },
  "2": {
    "idx": 94443,
    "x_value": 9395.789258329367
  },
  "3": {
    "idx": 94444,
    "x_value": 9395.803285887654
  },
  "4": {
    "idx": 94449,
    "x_value": 9395.950559589808
  },
  "5": {
    "idx": 94454,
    "x_value": 9395.990678475122
  },
  "6": {
    "idx": 94455,
    "x_value": 9396.023462012963
  },
  "7": {
    "idx": 94458,
    "x_value": 9396.055341573569
  },
  "8": {
    "idx": 94459,
    "x_value": 9396.065992286389
  },
  "9": {
    "idx": 94460,
    "x_value": 9396.06619287801
  },
  "10": {
    "idx": 94461,
    "x_value": 9396.071240023743
  }
}