{
  "1": {
    "idx": 112586,
    "x_value": 10837.742438097088
  },
  "2": {
    "idx": 112587,
    "x_value": 10838.23501160124
  },
  "3": {
    "idx": 112588,
    "x_value": 10838.242384908817
  },
  "4": {
    "idx": 112589,
    "x_value": 10838.25196826715
  },
  "5": {
    "idx": 112590,
    "x_value": 10838.253174623025
  },
  "6": {
    "idx": 112591,
    "x_value": 10838.276307567854
  },
  "7": {
    "idx": 112592,
    "x_value": 10838.2874125405
  },
  "8": {
    "idx": 112593,
    "x_value": 10838.289110348316
  },
  "9": {
    "idx": 112594,
    "x_value": 10838.29062210233
  },
  "10": {
    "idx": 112595,
    "x_value": 10838.305713363334
  }
}