{
  "1": {
    "idx": 113871,
    "x_value": 10942.968485493622
  },
  "2": {
    "idx": 113872,
    "x_value": 10943.379010830411
  },
  "3": {
    "idx": 113873,
    "x_value": 10943.472291605356
  },
  "4": {
    "idx": 113874,
    "x_value": 10943.495973037845
  },
  "5": {
    "idx": 113875,
    "x_value": 10943.503039400635
  },
  "6": {
    "idx": 113876,
    "x_value": 10943.541569400386
  },
  "7": {
    "idx": 113877,
    "x_value": 10943.575916675667
  },
  "8": {
    "idx": 113878,
    "x_value": 10943.57956553206
  },
  "9": {
    "idx": 113879,
    "x_value": 10943.591856608698
  },
  "10": {
    "idx": 113880,
    "x_value": 10943.597513279417
  }
}