{
  "1": {
    "idx": 0,
    "x_value": 0.0
  },
  "2": {
    "idx": 3,
    "x_value": 0.2267550941877001
  },
  "3": {
    "idx": 4,
    "x_value": 0.3537867232303466
  },
  "4": {
    "idx": 5,
    "x_value": 0.39891938266976096
  },
  "5": {
    "idx": 6,
    "x_value": 0.4741540945198647
  },
  "6": {
    "idx": 7,
    "x_value": 0.4813086309835495
  },
  "7": {
    "idx": 12,
    "x_value": 0.765695442244016
  },
  "8": {
    "idx": 13,
    "x_value": 0.9647301592750924
  },
  "9": {
    "idx": 14,
    "x_value": 1.0294068634787874
  },
  "10": {
    "idx": 17,
    "x_value": 1.2308085502721322
  },
  "11": {
    "idx": 18,
    "x_value": 1.3489358722443259
  },
  "12": {
    "idx": 19,
    "x_value": 1.4530833563982735
  },
  "13": {
    "idx": 20,
    "x_value": 1.5051656522433696
  },
  "14": {
    "idx": 21,
    "x_value": 1.5202543005351465
  },
  "15": {
    "idx": 22,
    "x_value": 1.5378923110431362
  },
  "16": {
    "idx": 23,
    "x_value": 1.6002383981998864
  },
  "17": {
    "idx": 24,
    "x_value": 1.6156532488074835
  },
  "18": {
    "idx": 29,
    "x_value": 1.662169338440956
  },
  "19": {
    "idx": 30,
    "x_value": 1.6721735460952125
  },
  "20": {
    "idx": 33,
    "x_value": 1.702299246660912
  },
  "21": {
    "idx": 36,
    "x_value": 1.7785567289702913
  },
  "22": {
    "idx": 37,
    "x_value": 1.7840531937187034
  },
  "23": {
    "idx": 40,
    "x_value": 1.8656289697195705
  },
  "24": {
    "idx": 66,
    "x_value": 2.436036248403753
  },
  "25": {
    "idx": 67,
    "x_value": 2.449987955706294
  },
  "26": {
    "idx": 76,
    "x_value": 2.6297893381119555
  },
  "27": {
    "idx": 77,
    "x_value": 2.634665881604589
  },
  "28": {
    "idx": 78,
    "x_value": 2.642863207586293
  },
  "29": {
    "idx": 79,
    "x_value": 2.648419901706286
  },
  "30": {
    "idx": 80,
    "x_value": 2.64858229896034
  }
}