{
  "1": {
    "idx": 114712,
    "x_value": 15567.465954596748
  },
  "2": {
    "idx": 114713,
    "x_value": 15567.579035374363
  },
  "3": {
    "idx": 114714,
    "x_value": 15567.583954211377
  },
  "4": {
    "idx": 114715,
    "x_value": 15567.595517445534
  },
  "5": {
    "idx": 114716,
    "x_value": 15567.604301899948
  },
  "6": {
    "idx": 114717,
    "x_value": 15567.606378278771
  }
}