{
  "1": {
    "idx": 63469,
    "x_value": 6137.5516881061785
  },
  "2": {
    "idx": 63474,
    "x_value": 6137.969495430733
  },
  "3": {
    "idx": 63475,
    "x_value": 6138.007249040481
  },
  "4": {
    "idx": 63476,
    "x_value": 6138.034158377698
  },
  "5": {
    "idx": 63479,
    "x_value": 6138.107679667352
  },
  "6": {
    "idx": 63480,
    "x_value": 6138.12404845238
  },
  "7": {
    "idx": 63481,
    "x_value": 6138.134602959183
  },
  "8": {
    "idx": 63482,
    "x_value": 6138.1391473651365
  },
  "9": {
    "idx": 63483,
    "x_value": 6138.140610000456
  }
}