{
  "1": {
    "idx": 7256655,
    "x_value": 916664.1382075329
  },
  "2": {
    "idx": 7256656,
    "x_value": 916664.7651653877
  },
  "3": {
    "idx": 7256657,
    "x_value": 916664.7679878543
  },
  "4": {
    "idx": 7256658,
    "x_value": 916664.7745715134
  },
  "5": {
    "idx": 7256659,
    "x_value": 916664.7797160588
  },
  "6": {
    "idx": 7311699,
    "x_value": 916746.0055573715
  },
  "7": {
    "idx": 7311700,
    "x_value": 916746.0075354744
  },
  "8": {
    "idx": 7311703,
    "x_value": 916746.0141185649
  },
  "9": {
    "idx": 7352277,
    "x_value": 916782.3787289327
  },
  "10": {
    "idx": 7352300,
    "x_value": 916782.4097783377
  },
  "11": {
    "idx": 7352303,
    "x_value": 916782.4160501387
  },
  "12": {
    "idx": 7352951,
    "x_value": 916782.8719816257
  },
  "13": {
    "idx": 7429729,
    "x_value": 916827.0911181247
  },
  "14": {
    "idx": 7429746,
    "x_value": 916827.094793705
  },
  "15": {
    "idx": 7429755,
    "x_value": 916827.0977858125
  },
  "16": {
    "idx": 7432823,
    "x_value": 916828.5789709411
  },
  "17": {
    "idx": 7438550,
    "x_value": 916831.0112365555
  },
  "18": {
    "idx": 7438555,
    "x_value": 916831.0125206923
  },
  "19": {
    "idx": 7438562,
    "x_value": 916831.0154472402
  },
  "20": {
    "idx": 7888100,
    "x_value": 916993.3626555138
  },
  "21": {
    "idx": 7888135,
    "x_value": 916993.3770323864
  },
  "22": {
    "idx": 7888180,
    "x_value": 916993.3942207308
  },
  "23": {
    "idx": 7890436,
    "x_value": 916994.0795495677
  },
  "24": {
    "idx": 7904301,
    "x_value": 916998.0770250546
  },
  "25": {
    "idx": 7904508,
    "x_value": 916998.1369949644
  },
  "26": {
    "idx": 7904521,
    "x_value": 916998.1421635367
  },
  "27": {
    "idx": 7904526,
    "x_value": 916998.1432814831
  },
  "28": {
    "idx": 7904545,
    "x_value": 916998.1481210053
  },
  "29": {
    "idx": 7904566,
    "x_value": 916998.1550920125
  },
  "30": {
    "idx": 7904567,
    "x_value": 916998.1551177334
  }
}