{
  "1": {
    "idx": 702012,
    "x_value": 62087.59414998033
  },
  "2": {
    "idx": 702041,
    "x_value": 62088.558802218984
  },
  "3": {
    "idx": 702042,
    "x_value": 62088.56714477859
  },
  "4": {
    "idx": 702043,
    "x_value": 62088.5784717044
  },
  "5": {
    "idx": 702048,
    "x_value": 62088.66708809018
  },
  "6": {
    "idx": 702049,
    "x_value": 62088.675053550316
  },
  "7": {
    "idx": 702050,
    "x_value": 62088.68069805969
  },
  "8": {
    "idx": 702051,
    "x_value": 62088.68555571722
  },
  "9": {
    "idx": 702052,
    "x_value": 62088.68729075815
  },
  "10": {
    "idx": 702053,
    "x_value": 62088.69213820021
  },
  "11": {
    "idx": 702054,
    "x_value": 62088.6979925619
  }
}