{
  "1": {
    "idx": 582328,
    "x_value": 32640.94683803944
  },
  "2": {
    "idx": 582331,
    "x_value": 32641.043146250526
  },
  "3": {
    "idx": 582332,
    "x_value": 32641.05121237382
  },
  "4": {
    "idx": 582333,
    "x_value": 32641.11125092333
  },
  "5": {
    "idx": 582334,
    "x_value": 32641.134798015413
  },
  "6": {
    "idx": 582335,
    "x_value": 32641.148289309476
  },
  "7": {
    "idx": 582336,
    "x_value": 32641.151708438603
  },
  "8": {
    "idx": 582392,
    "x_value": 32641.752651163253
  },
  "9": {
    "idx": 582513,
    "x_value": 32642.635505512317
  },
  "10": {
    "idx": 582540,
    "x_value": 32642.817959500364
  },
  "11": {
    "idx": 583600,
    "x_value": 32648.698926807403
  },
  "12": {
    "idx": 583605,
    "x_value": 32648.74876811441
  },
  "13": {
    "idx": 583606,
    "x_value": 32648.78557502921
  },
  "14": {
    "idx": 584093,
    "x_value": 32650.92657739121
  },
  "15": {
    "idx": 584408,
    "x_value": 32652.065693286608
  },
  "16": {
    "idx": 584603,
    "x_value": 32652.83354366586
  },
  "17": {
    "idx": 585468,
    "x_value": 32655.90122935911
  },
  "18": {
    "idx": 585481,
    "x_value": 32656.00720307993
  },
  "19": {
    "idx": 585484,
    "x_value": 32656.014192827082
  },
  "20": {
    "idx": 585487,
    "x_value": 32656.036965556406
  },
  "21": {
    "idx": 585489,
    "x_value": 32656.039056784957
  },
  "22": {
    "idx": 585500,
    "x_value": 32656.05495616298
  },
  "23": {
    "idx": 585503,
    "x_value": 32656.05565735221
  },
  "24": {
    "idx": 585512,
    "x_value": 32656.10167575907
  },
  "25": {
    "idx": 585513,
    "x_value": 32656.112621384942
  },
  "26": {
    "idx": 585514,
    "x_value": 32656.118738424517
  },
  "27": {
    "idx": 585533,
    "x_value": 32656.1865392246
  },
  "28": {
    "idx": 585540,
    "x_value": 32656.21105089001
  },
  "29": {
    "idx": 585545,
    "x_value": 32656.255488692186
  },
  "30": {
    "idx": 585546,
    "x_value": 32656.25833366099
  }
}