{
  "1": {
    "idx": 200053,
    "x_value": 21501.663653587202
  },
  "2": {
    "idx": 200058,
    "x_value": 21501.72018800842
  },
  "3": {
    "idx": 200059,
    "x_value": 21501.760754516486
  },
  "4": {
    "idx": 200060,
    "x_value": 21501.762955277765
  },
  "5": {
    "idx": 200061,
    "x_value": 21501.766582271062
  },
  "6": {
    "idx": 200062,
    "x_value": 21501.769567481602
  },
  "7": {
    "idx": 200063,
    "x_value": 21501.771670098486
  },
  "8": {
    "idx": 200064,
    "x_value": 21501.77277056299
  },
  "9": {
    "idx": 200065,
    "x_value": 21501.7891546048
  },
  "10": {
    "idx": 200066,
    "x_value": 21501.790039935502
  }
}