{
  "1": {
    "idx": 0,
    "x_value": 0.0
  },
  "2": {
    "idx": 1,
    "x_value": 0.23378838815964562
  },
  "3": {
    "idx": 14,
    "x_value": 1.0772084693954431
  },
  "4": {
    "idx": 15,
    "x_value": 1.1916824118021165
  },
  "5": {
    "idx": 16,
    "x_value": 1.2123098637927892
  },
  "6": {
    "idx": 17,
    "x_value": 1.288577163049601
  },
  "7": {
    "idx": 18,
    "x_value": 1.3783473846048788
  },
  "8": {
    "idx": 19,
    "x_value": 1.3812431399015943
  },
  "9": {
    "idx": 26,
    "x_value": 1.7541215168699282
  },
  "10": {
    "idx": 31,
    "x_value": 1.9412391891453624
  },
  "11": {
    "idx": 32,
    "x_value": 1.9919333712158778
  },
  "12": {
    "idx": 33,
    "x_value": 2.0604178564788933
  },
  "13": {
    "idx": 34,
    "x_value": 2.1155261730508554
  },
  "14": {
    "idx": 39,
    "x_value": 2.4006232258407376
  },
  "15": {
    "idx": 40,
    "x_value": 2.402168408711221
  },
  "16": {
    "idx": 41,
    "x_value": 2.416136348362308
  },
  "17": {
    "idx": 42,
    "x_value": 2.417719190127328
  },
  "18": {
    "idx": 49,
    "x_value": 2.5235045478407097
  },
  "19": {
    "idx": 50,
    "x_value": 2.550840777694185
  },
  "20": {
    "idx": 51,
    "x_value": 2.6759242115961572
  },
  "21": {
    "idx": 52,
    "x_value": 2.763406867742847
  },
  "22": {
    "idx": 53,
    "x_value": 2.803185132229883
  },
  "23": {
    "idx": 54,
    "x_value": 2.8522038091113795
  },
  "24": {
    "idx": 74,
    "x_value": 3.2743501216812603
  },
  "25": {
    "idx": 75,
    "x_value": 3.2970630980908173
  },
  "26": {
    "idx": 84,
    "x_value": 3.415791835286748
  },
  "27": {
    "idx": 87,
    "x_value": 3.478626869510154
  },
  "28": {
    "idx": 88,
    "x_value": 3.4824581957053815
  },
  "29": {
    "idx": 89,
    "x_value": 3.522730937797553
  },
  "30": {
    "idx": 90,
    "x_value": 3.525772596483893
  }
}