{
  "1": {
    "idx": 153487,
    "x_value": 14219.83961754956
  },
  "2": {
    "idx": 153492,
    "x_value": 14220.55853229049
  },
  "3": {
    "idx": 153493,
    "x_value": 14220.668481328466
  },
  "4": {
    "idx": 153494,
    "x_value": 14220.679150854585
  },
  "5": {
    "idx": 153495,
    "x_value": 14220.68669104827
  },
  "6": {
    "idx": 153496,
    "x_value": 14220.689823124836
  },
  "7": {
    "idx": 153497,
    "x_value": 14220.692372982732
  },
  "8": {
    "idx": 153498,
    "x_value": 14220.6998272653
  },
  "9": {
    "idx": 153499,
    "x_value": 14220.71006522638
  },
  "10": {
    "idx": 153500,
    "x_value": 14220.713923170772
  }
}