{
  "1": {
    "idx": 238237,
    "x_value": 32442.260073356745
  },
  "2": {
    "idx": 238240,
    "x_value": 32442.271012181744
  },
  "3": {
    "idx": 238241,
    "x_value": 32442.280474848667
  },
  "4": {
    "idx": 238242,
    "x_value": 32442.282957804146
  },
  "5": {
    "idx": 238243,
    "x_value": 32442.28701572045
  },
  "6": {
    "idx": 238244,
    "x_value": 32442.28737092344
  }
}