{
  "1": {
    "idx": 884859,
    "x_value": 124706.11870194397
  },
  "2": {
    "idx": 884860,
    "x_value": 124706.17531071848
  },
  "3": {
    "idx": 884861,
    "x_value": 124706.17750803336
  },
  "4": {
    "idx": 884862,
    "x_value": 124706.18077664862
  },
  "5": {
    "idx": 884863,
    "x_value": 124706.18224813062
  },
  "6": {
    "idx": 884864,
    "x_value": 124706.1832125153
  }
}