{
  "1": {
    "idx": 53194,
    "x_value": 6244.091361063852
  },
  "2": {
    "idx": 53199,
    "x_value": 6244.611965093145
  },
  "3": {
    "idx": 53200,
    "x_value": 6244.629658649322
  },
  "4": {
    "idx": 53201,
    "x_value": 6244.654121469195
  },
  "5": {
    "idx": 53202,
    "x_value": 6244.654914950736
  },
  "6": {
    "idx": 53203,
    "x_value": 6244.666078624669
  },
  "7": {
    "idx": 53204,
    "x_value": 6244.6689999923565
  },
  "8": {
    "idx": 53205,
    "x_value": 6244.67021425102
  }
}