{
  "1": {
    "idx": 48650,
    "x_value": 3366.022644276436
  },
  "2": {
    "idx": 48665,
    "x_value": 3366.343469656533
  },
  "3": {
    "idx": 48670,
    "x_value": 3366.4770332446387
  },
  "4": {
    "idx": 48671,
    "x_value": 3366.5132606830516
  },
  "5": {
    "idx": 48672,
    "x_value": 3366.531787961149
  },
  "6": {
    "idx": 49257,
    "x_value": 3370.741331067203
  },
  "7": {
    "idx": 50376,
    "x_value": 3377.508156761285
  },
  "8": {
    "idx": 50433,
    "x_value": 3377.9399854041885
  },
  "9": {
    "idx": 52077,
    "x_value": 3385.261676211673
  },
  "10": {
    "idx": 52388,
    "x_value": 3386.408853939754
  },
  "11": {
    "idx": 52767,
    "x_value": 3387.970891229384
  },
  "12": {
    "idx": 52770,
    "x_value": 3387.9879541942305
  },
  "13": {
    "idx": 55017,
    "x_value": 3394.7868786949575
  },
  "14": {
    "idx": 55018,
    "x_value": 3394.7878388402582
  },
  "15": {
    "idx": 55165,
    "x_value": 3395.2581823053074
  },
  "16": {
    "idx": 55186,
    "x_value": 3395.308879082723
  },
  "17": {
    "idx": 55225,
    "x_value": 3395.399550135686
  },
  "18": {
    "idx": 55246,
    "x_value": 3395.468030473519
  },
  "19": {
    "idx": 55465,
    "x_value": 3395.9580491878637
  },
  "20": {
    "idx": 55684,
    "x_value": 3396.4772999003058
  },
  "21": {
    "idx": 56011,
    "x_value": 3397.190084664588
  },
  "22": {
    "idx": 56016,
    "x_value": 3397.1947017519474
  },
  "23": {
    "idx": 56017,
    "x_value": 3397.196950829706
  },
  "24": {
    "idx": 56024,
    "x_value": 3397.217383279094
  },
  "25": {
    "idx": 56039,
    "x_value": 3397.2400517118276
  },
  "26": {
    "idx": 56040,
    "x_value": 3397.2457386579363
  },
  "27": {
    "idx": 56043,
    "x_value": 3397.2485640719406
  },
  "28": {
    "idx": 56044,
    "x_value": 3397.249873405797
  },
  "29": {
    "idx": 56047,
    "x_value": 3397.250965501172
  },
  "30": {
    "idx": 56048,
    "x_value": 3397.2543660536853
  }
}