{
  "1": {
    "idx": 0,
    "x_value": 0.0
  },
  "2": {
    "idx": 1,
    "x_value": 0.09921337215353104
  },
  "3": {
    "idx": 2,
    "x_value": 0.11057849049324345
  },
  "4": {
    "idx": 3,
    "x_value": 0.12399161673648845
  },
  "5": {
    "idx": 4,
    "x_value": 0.2743164742695346
  },
  "6": {
    "idx": 5,
    "x_value": 0.27557975638439614
  },
  "7": {
    "idx": 54,
    "x_value": 2.590752425323351
  },
  "8": {
    "idx": 55,
    "x_value": 2.6070784172580748
  },
  "9": {
    "idx": 56,
    "x_value": 2.6105154111901308
  },
  "10": {
    "idx": 61,
    "x_value": 2.7297726034053578
  },
  "11": {
    "idx": 62,
    "x_value": 2.9139944933318707
  },
  "12": {
    "idx": 63,
    "x_value": 2.9416768019359307
  },
  "13": {
    "idx": 64,
    "x_value": 2.9920191038667703
  },
  "14": {
    "idx": 65,
    "x_value": 3.056153959243458
  },
  "15": {
    "idx": 72,
    "x_value": 3.406785715437442
  },
  "16": {
    "idx": 73,
    "x_value": 3.412504881165709
  },
  "17": {
    "idx": 74,
    "x_value": 3.438100200371818
  },
  "18": {
    "idx": 75,
    "x_value": 3.4874165831592108
  },
  "19": {
    "idx": 84,
    "x_value": 3.8600103243218085
  },
  "20": {
    "idx": 87,
    "x_value": 3.9147814169917288
  },
  "21": {
    "idx": 88,
    "x_value": 4.0033979410007
  },
  "22": {
    "idx": 91,
    "x_value": 4.056287278104585
  },
  "23": {
    "idx": 98,
    "x_value": 4.490935081587978
  },
  "24": {
    "idx": 101,
    "x_value": 4.707064128391914
  },
  "25": {
    "idx": 102,
    "x_value": 4.725449787096104
  },
  "26": {
    "idx": 104,
    "x_value": 4.726032698315146
  },
  "27": {
    "idx": 105,
    "x_value": 4.795027107296265
  },
  "28": {
    "idx": 106,
    "x_value": 4.795028833206536
  },
  "29": {
    "idx": 107,
    "x_value": 4.806279116268676
  },
  "30": {
    "idx": 108,
    "x_value": 4.851951977209659
  }
}