{
  "1": {
    "idx": 232637,
    "x_value": 21424.49633998603
  },
  "2": {
    "idx": 232640,
    "x_value": 21424.63586796145
  },
  "3": {
    "idx": 232641,
    "x_value": 21424.659485072665
  },
  "4": {
    "idx": 232642,
    "x_value": 21424.68750370898
  },
  "5": {
    "idx": 232643,
    "x_value": 21424.698446457984
  },
  "6": {
    "idx": 232652,
    "x_value": 21424.761186336113
  },
  "7": {
    "idx": 232653,
    "x_value": 21424.78649838372
  },
  "8": {
    "idx": 232654,
    "x_value": 21424.79168352649
  },
  "9": {
    "idx": 232655,
    "x_value": 21424.793435961572
  },
  "10": {
    "idx": 232656,
    "x_value": 21424.800393542937
  }
}