{
  "1": {
    "idx": 318149,
    "x_value": 42335.84623261113
  },
  "2": {
    "idx": 318150,
    "x_value": 42336.06344733277
  },
  "3": {
    "idx": 318151,
    "x_value": 42336.07609365333
  },
  "4": {
    "idx": 318152,
    "x_value": 42336.07911545999
  },
  "5": {
    "idx": 318153,
    "x_value": 42336.08414013827
  },
  "6": {
    "idx": 318154,
    "x_value": 42336.088358307214
  },
  "7": {
    "idx": 318155,
    "x_value": 42336.090576489834
  }
}