{
  "1": {
    "idx": 169336,
    "x_value": 15103.521169005773
  },
  "2": {
    "idx": 169343,
    "x_value": 15104.033795849835
  },
  "3": {
    "idx": 169344,
    "x_value": 15104.047321684187
  },
  "4": {
    "idx": 169353,
    "x_value": 15104.300441340763
  },
  "5": {
    "idx": 169354,
    "x_value": 15104.303327956128
  },
  "6": {
    "idx": 169357,
    "x_value": 15104.363824412867
  },
  "7": {
    "idx": 169358,
    "x_value": 15104.372392357178
  },
  "8": {
    "idx": 169359,
    "x_value": 15104.380117041614
  },
  "9": {
    "idx": 169360,
    "x_value": 15104.380851773918
  },
  "10": {
    "idx": 169361,
    "x_value": 15104.382941118038
  }
}