{
  "1": {
    "idx": 403575,
    "x_value": 42130.91759804185
  },
  "2": {
    "idx": 403576,
    "x_value": 42130.91996778807
  },
  "3": {
    "idx": 403577,
    "x_value": 42131.001504588196
  },
  "4": {
    "idx": 403578,
    "x_value": 42131.02366077042
  },
  "5": {
    "idx": 403579,
    "x_value": 42131.03755194172
  },
  "6": {
    "idx": 403580,
    "x_value": 42131.03894318697
  },
  "7": {
    "idx": 403581,
    "x_value": 42131.04301089976
  },
  "8": {
    "idx": 403582,
    "x_value": 42131.050653503444
  },
  "9": {
    "idx": 403583,
    "x_value": 42131.0632702204
  }
}