{
  "1": {
    "idx": 64590,
    "x_value": 3134.3936682370995
  },
  "2": {
    "idx": 64689,
    "x_value": 3140.811627002305
  },
  "3": {
    "idx": 64690,
    "x_value": 3140.8496998885003
  },
  "4": {
    "idx": 64691,
    "x_value": 3140.901184862193
  },
  "5": {
    "idx": 64692,
    "x_value": 3140.924361417964
  },
  "6": {
    "idx": 64701,
    "x_value": 3141.047597525162
  },
  "7": {
    "idx": 64702,
    "x_value": 3141.0478117313364
  },
  "8": {
    "idx": 65072,
    "x_value": 3144.441542679095
  },
  "9": {
    "idx": 65075,
    "x_value": 3144.4648329932766
  },
  "10": {
    "idx": 65078,
    "x_value": 3144.48363578738
  },
  "11": {
    "idx": 65103,
    "x_value": 3144.823205472325
  },
  "12": {
    "idx": 65435,
    "x_value": 3147.460611813929
  },
  "13": {
    "idx": 65969,
    "x_value": 3151.039476028716
  },
  "14": {
    "idx": 65980,
    "x_value": 3151.1473188919294
  },
  "15": {
    "idx": 65983,
    "x_value": 3151.199079158198
  },
  "16": {
    "idx": 66060,
    "x_value": 3151.74924819139
  },
  "17": {
    "idx": 66061,
    "x_value": 3151.7625744135576
  },
  "18": {
    "idx": 66122,
    "x_value": 3152.134618925482
  },
  "19": {
    "idx": 66208,
    "x_value": 3152.634470238887
  },
  "20": {
    "idx": 66211,
    "x_value": 3152.64875499605
  },
  "21": {
    "idx": 66252,
    "x_value": 3152.898776468337
  },
  "22": {
    "idx": 66255,
    "x_value": 3152.9295788707527
  },
  "23": {
    "idx": 66260,
    "x_value": 3152.9645740577466
  },
  "24": {
    "idx": 66261,
    "x_value": 3152.969421016047
  },
  "25": {
    "idx": 66262,
    "x_value": 3152.9766700124965
  },
  "26": {
    "idx": 66265,
    "x_value": 3152.987985484533
  },
  "27": {
    "idx": 66266,
    "x_value": 3152.999530559305
  },
  "28": {
    "idx": 66267,
    "x_value": 3153.0110224883915
  },
  "29": {
    "idx": 66268,
    "x_value": 3153.0128483893277
  },
  "30": {
    "idx": 66269,
    "x_value": 3153.0212961366956
  }
}