{
  "1": {
    "idx": 281819,
    "x_value": 39582.91298949251
  },
  "2": {
    "idx": 281820,
    "x_value": 39583.08837425934
  },
  "3": {
    "idx": 281821,
    "x_value": 39583.090335243665
  },
  "4": {
    "idx": 281822,
    "x_value": 39583.10043128523
  },
  "5": {
    "idx": 281823,
    "x_value": 39583.100588742505
  },
  "6": {
    "idx": 281824,
    "x_value": 39583.101121248015
  }
}