{
  "1": {
    "idx": 153620,
    "x_value": 21467.244093839705
  },
  "2": {
    "idx": 153621,
    "x_value": 21467.25960031714
  },
  "3": {
    "idx": 153622,
    "x_value": 21467.260778333348
  },
  "4": {
    "idx": 153623,
    "x_value": 21467.26216482835
  },
  "5": {
    "idx": 153624,
    "x_value": 21467.262340734815
  },
  "6": {
    "idx": 153625,
    "x_value": 21467.263999849947
  }
}