{
  "1": {
    "idx": 109792,
    "x_value": 7385.357104072306
  },
  "2": {
    "idx": 109825,
    "x_value": 7386.440941124474
  },
  "3": {
    "idx": 109826,
    "x_value": 7386.499679573563
  },
  "4": {
    "idx": 109827,
    "x_value": 7386.526452095184
  },
  "5": {
    "idx": 109828,
    "x_value": 7386.540846283126
  },
  "6": {
    "idx": 118132,
    "x_value": 7445.28019908685
  },
  "7": {
    "idx": 118137,
    "x_value": 7445.304695141824
  },
  "8": {
    "idx": 118506,
    "x_value": 7447.59032585033
  },
  "9": {
    "idx": 118511,
    "x_value": 7447.642793251324
  },
  "10": {
    "idx": 120483,
    "x_value": 7456.207119326417
  },
  "11": {
    "idx": 120588,
    "x_value": 7456.767457711602
  },
  "12": {
    "idx": 120599,
    "x_value": 7456.808142124801
  },
  "13": {
    "idx": 123970,
    "x_value": 7467.533680135516
  },
  "14": {
    "idx": 123975,
    "x_value": 7467.54143003399
  },
  "15": {
    "idx": 123978,
    "x_value": 7467.545844635971
  },
  "16": {
    "idx": 124293,
    "x_value": 7468.565741518821
  },
  "17": {
    "idx": 124320,
    "x_value": 7468.661727082429
  },
  "18": {
    "idx": 124325,
    "x_value": 7468.680555766052
  },
  "19": {
    "idx": 124358,
    "x_value": 7468.831420974424
  },
  "20": {
    "idx": 124359,
    "x_value": 7468.839404982769
  },
  "21": {
    "idx": 124362,
    "x_value": 7468.851143366186
  },
  "22": {
    "idx": 124369,
    "x_value": 7468.863574416853
  },
  "23": {
    "idx": 124376,
    "x_value": 7468.870759087686
  },
  "24": {
    "idx": 124397,
    "x_value": 7468.916318972123
  },
  "25": {
    "idx": 124400,
    "x_value": 7468.935370700434
  },
  "26": {
    "idx": 124401,
    "x_value": 7468.9526137470075
  },
  "27": {
    "idx": 124404,
    "x_value": 7468.953702156357
  },
  "28": {
    "idx": 124413,
    "x_value": 7468.97183362498
  },
  "29": {
    "idx": 124420,
    "x_value": 7468.991593607275
  },
  "30": {
    "idx": 124421,
    "x_value": 7468.997160531962
  }
}