{
  "1": {
    "idx": 35238,
    "x_value": 4445.576389240641
  },
  "2": {
    "idx": 35239,
    "x_value": 4445.609666737253
  },
  "3": {
    "idx": 35240,
    "x_value": 4445.650311182127
  },
  "4": {
    "idx": 35243,
    "x_value": 4445.666683144366
  },
  "5": {
    "idx": 35244,
    "x_value": 4445.667771174514
  },
  "6": {
    "idx": 35245,
    "x_value": 4445.673234624334
  },
  "7": {
    "idx": 35246,
    "x_value": 4445.687847324125
  }
}