{
  "1": {
    "idx": 682817,
    "x_value": 33997.330100678475
  },
  "2": {
    "idx": 682896,
    "x_value": 34000.59731156228
  },
  "3": {
    "idx": 682897,
    "x_value": 34000.624306844285
  },
  "4": {
    "idx": 682900,
    "x_value": 34000.77027556888
  },
  "5": {
    "idx": 682905,
    "x_value": 34000.95757195359
  },
  "6": {
    "idx": 682906,
    "x_value": 34000.98445699157
  },
  "7": {
    "idx": 682909,
    "x_value": 34001.04258622863
  },
  "8": {
    "idx": 682912,
    "x_value": 34001.1650809032
  },
  "9": {
    "idx": 682913,
    "x_value": 34001.169993558055
  },
  "10": {
    "idx": 682914,
    "x_value": 34001.18993470006
  },
  "11": {
    "idx": 682915,
    "x_value": 34001.19652346547
  },
  "12": {
    "idx": 682918,
    "x_value": 34001.213217794575
  },
  "13": {
    "idx": 682919,
    "x_value": 34001.231952935406
  },
  "14": {
    "idx": 682920,
    "x_value": 34001.264481235165
  },
  "15": {
    "idx": 682923,
    "x_value": 34001.31928118545
  },
  "16": {
    "idx": 682924,
    "x_value": 34001.34307205759
  },
  "17": {
    "idx": 682925,
    "x_value": 34001.355509878034
  }
}