{
  "1": {
    "idx": 173096,
    "x_value": 10522.889077788594
  },
  "2": {
    "idx": 173099,
    "x_value": 10523.350890424148
  },
  "3": {
    "idx": 173100,
    "x_value": 10523.392740897385
  },
  "4": {
    "idx": 173113,
    "x_value": 10523.553691114237
  },
  "5": {
    "idx": 173114,
    "x_value": 10523.594247532727
  },
  "6": {
    "idx": 174840,
    "x_value": 10536.43196807063
  },
  "7": {
    "idx": 174863,
    "x_value": 10536.598041434934
  },
  "8": {
    "idx": 174864,
    "x_value": 10536.614661006517
  },
  "9": {
    "idx": 174899,
    "x_value": 10536.901091525564
  },
  "10": {
    "idx": 174950,
    "x_value": 10537.277078877838
  },
  "11": {
    "idx": 174951,
    "x_value": 10537.280042228913
  },
  "12": {
    "idx": 175247,
    "x_value": 10538.77586249547
  },
  "13": {
    "idx": 175399,
    "x_value": 10539.537047515812
  },
  "14": {
    "idx": 175506,
    "x_value": 10540.141931896373
  },
  "15": {
    "idx": 176154,
    "x_value": 10542.572836222702
  },
  "16": {
    "idx": 176357,
    "x_value": 10543.294131455215
  },
  "17": {
    "idx": 176526,
    "x_value": 10543.788877889421
  },
  "18": {
    "idx": 176531,
    "x_value": 10543.812086199629
  },
  "19": {
    "idx": 176532,
    "x_value": 10543.814574103826
  },
  "20": {
    "idx": 176535,
    "x_value": 10543.832225082306
  },
  "21": {
    "idx": 176562,
    "x_value": 10543.918527245547
  },
  "22": {
    "idx": 176567,
    "x_value": 10543.928889433539
  },
  "23": {
    "idx": 176572,
    "x_value": 10543.953949798037
  },
  "24": {
    "idx": 176575,
    "x_value": 10543.973398598228
  },
  "25": {
    "idx": 176582,
    "x_value": 10543.979819652257
  },
  "26": {
    "idx": 176583,
    "x_value": 10543.989446520649
  },
  "27": {
    "idx": 176584,
    "x_value": 10543.990789954947
  },
  "28": {
    "idx": 176585,
    "x_value": 10543.991173608816
  },
  "29": {
    "idx": 176586,
    "x_value": 10544.000099345438
  },
  "30": {
    "idx": 176587,
    "x_value": 10544.001571474757
  }
}