{
  "1": {
    "idx": 7225765,
    "x_value": 1007359.5923288004
  },
  "2": {
    "idx": 7225766,
    "x_value": 1007359.5927988349
  },
  "3": {
    "idx": 7225769,
    "x_value": 1007359.6000473966
  },
  "4": {
    "idx": 7225770,
    "x_value": 1007359.6002143682
  },
  "5": {
    "idx": 7225771,
    "x_value": 1007359.6020832311
  },
  "6": {
    "idx": 7225772,
    "x_value": 1007359.6022624008
  },
  "7": {
    "idx": 7225773,
    "x_value": 1007359.6023852776
  }
}