{
  "1": {
    "idx": 222154,
    "x_value": 27896.654191162765
  },
  "2": {
    "idx": 222155,
    "x_value": 27896.654684946952
  },
  "3": {
    "idx": 222156,
    "x_value": 27896.66947950209
  },
  "4": {
    "idx": 222157,
    "x_value": 27896.684891048502
  },
  "5": {
    "idx": 222158,
    "x_value": 27896.685930282376
  },
  "6": {
    "idx": 222159,
    "x_value": 27896.686102885058
  },
  "7": {
    "idx": 222160,
    "x_value": 27896.686363916466
  }
}