{
  "final_entities": 1,
  "simulated_time_seconds": 537.6020038286734,
  "event_num_link": 0,
  "event_num_grow": 16098,
  "event_num_grow_success": 13977,
  "event_num_grow_fail": 2121,
  "event_num_remove": 13902,
  "event_num_to_do_nothing": 0,
  "distorted_linker_enabled": true,
  "distorted_linker_fraction": 0.23988150220314358,
  "off_pathway_linker_fraction": 0.47976300440628716,
  "effective_zr6_conc": 30.080947982374852,
  "effective_linker_conc": 2.0809479823748513,
  "external_addition_activity": 0.699312653676841
}