{
  "1": {
    "idx": 3493,
    "x_value": 504.42110097655564
  },
  "2": {
    "idx": 3494,
    "x_value": 504.5216408737392
  },
  "3": {
    "idx": 3495,
    "x_value": 504.53315908728774
  },
  "4": {
    "idx": 3496,
    "x_value": 504.54001068061217
  },
  "5": {
    "idx": 3497,
    "x_value": 504.5427220557119
  },
  "6": {
    "idx": 3498,
    "x_value": 504.5444189004158
  }
}