{
  "1": {
    "idx": 134529,
    "x_value": 12939.990245828656
  },
  "2": {
    "idx": 134530,
    "x_value": 12940.092685160485
  },
  "3": {
    "idx": 134531,
    "x_value": 12940.131593339896
  },
  "4": {
    "idx": 134532,
    "x_value": 12940.158734210687
  },
  "5": {
    "idx": 134535,
    "x_value": 12940.18109619313
  },
  "6": {
    "idx": 134536,
    "x_value": 12940.186237258633
  },
  "7": {
    "idx": 134537,
    "x_value": 12940.1939165336
  },
  "8": {
    "idx": 134538,
    "x_value": 12940.20725988054
  },
  "9": {
    "idx": 134539,
    "x_value": 12940.208307014114
  },
  "10": {
    "idx": 134540,
    "x_value": 12940.226206868167
  }
}