{
  "1": {
    "idx": 565164,
    "x_value": 56090.50990149324
  },
  "2": {
    "idx": 565165,
    "x_value": 56091.67072574782
  },
  "3": {
    "idx": 565166,
    "x_value": 56091.75976130584
  },
  "4": {
    "idx": 565167,
    "x_value": 56091.793139868045
  },
  "5": {
    "idx": 565168,
    "x_value": 56091.80764310043
  },
  "6": {
    "idx": 565169,
    "x_value": 56091.81632829247
  },
  "7": {
    "idx": 565170,
    "x_value": 56091.85177292634
  },
  "8": {
    "idx": 565171,
    "x_value": 56091.85279277529
  },
  "9": {
    "idx": 565172,
    "x_value": 56091.85360005804
  },
  "10": {
    "idx": 565173,
    "x_value": 56091.86589526525
  }
}