{
  "1": {
    "idx": 793782,
    "x_value": 103915.1962493496
  },
  "2": {
    "idx": 793783,
    "x_value": 103915.56433861316
  },
  "3": {
    "idx": 793784,
    "x_value": 103915.57063296689
  },
  "4": {
    "idx": 793785,
    "x_value": 103915.57186171881
  },
  "5": {
    "idx": 793786,
    "x_value": 103915.57526765385
  },
  "6": {
    "idx": 793787,
    "x_value": 103915.57540896846
  },
  "7": {
    "idx": 793788,
    "x_value": 103915.58235766806
  }
}