{
  "final_entities": 6,
  "simulated_time_seconds": 461.4147088912283,
  "event_num_link": 164,
  "event_num_grow": 15648,
  "event_num_grow_success": 14148,
  "event_num_grow_fail": 1500,
  "event_num_remove": 14188,
  "event_num_to_do_nothing": 0,
  "distorted_linker_enabled": true,
  "distorted_linker_fraction": 0.1734441588713866,
  "off_pathway_linker_fraction": 0.3468883177427732,
  "effective_zr6_conc": 19.94578006236224,
  "effective_linker_conc": 2.6124467290289073,
  "external_addition_activity": 0.7814296384610766
}