{
  "1": {
    "idx": 945405,
    "x_value": 111732.02826530409
  },
  "2": {
    "idx": 945406,
    "x_value": 111732.11726526548
  },
  "3": {
    "idx": 945407,
    "x_value": 111732.1196702535
  },
  "4": {
    "idx": 945408,
    "x_value": 111732.12919402689
  },
  "5": {
    "idx": 945411,
    "x_value": 111732.1455678963
  },
  "6": {
    "idx": 945412,
    "x_value": 111732.15634054966
  },
  "7": {
    "idx": 945413,
    "x_value": 111732.16302536416
  },
  "8": {
    "idx": 945414,
    "x_value": 111732.16355490402
  }
}