{
  "1": {
    "idx": 0,
    "x_value": 0.0
  },
  "2": {
    "idx": 1,
    "x_value": 0.08354587143150378
  },
  "3": {
    "idx": 2,
    "x_value": 0.2667629141709391
  },
  "4": {
    "idx": 3,
    "x_value": 0.28064563989246205
  },
  "5": {
    "idx": 4,
    "x_value": 0.4467091686038316
  },
  "6": {
    "idx": 5,
    "x_value": 0.5823505325132246
  },
  "7": {
    "idx": 6,
    "x_value": 0.5951940937331776
  },
  "8": {
    "idx": 7,
    "x_value": 0.6111995514780485
  },
  "9": {
    "idx": 8,
    "x_value": 0.7445775015960111
  },
  "10": {
    "idx": 11,
    "x_value": 0.8283405290091094
  },
  "11": {
    "idx": 12,
    "x_value": 1.0053382906441997
  },
  "12": {
    "idx": 13,
    "x_value": 1.119124071926524
  },
  "13": {
    "idx": 23,
    "x_value": 1.5171144289149157
  },
  "14": {
    "idx": 26,
    "x_value": 1.6561868672247377
  },
  "15": {
    "idx": 27,
    "x_value": 1.7071030774083922
  },
  "16": {
    "idx": 28,
    "x_value": 1.7339926099175929
  },
  "17": {
    "idx": 29,
    "x_value": 1.7404979375571572
  },
  "18": {
    "idx": 30,
    "x_value": 1.7491045460797325
  },
  "19": {
    "idx": 37,
    "x_value": 2.014691443236027
  },
  "20": {
    "idx": 63,
    "x_value": 2.717987980395138
  },
  "21": {
    "idx": 64,
    "x_value": 2.7330597232932257
  },
  "22": {
    "idx": 65,
    "x_value": 2.7501542534856855
  },
  "23": {
    "idx": 66,
    "x_value": 2.788270304550687
  },
  "24": {
    "idx": 67,
    "x_value": 2.798548881686406
  },
  "25": {
    "idx": 68,
    "x_value": 2.899169292758425
  },
  "26": {
    "idx": 69,
    "x_value": 2.9239489709924458
  },
  "27": {
    "idx": 71,
    "x_value": 2.955140254095676
  },
  "28": {
    "idx": 72,
    "x_value": 2.99576566368303
  },
  "29": {
    "idx": 73,
    "x_value": 3.0055189647536302
  },
  "30": {
    "idx": 74,
    "x_value": 3.0104851670290285
  }
}