{
  "1": {
    "idx": 43344,
    "x_value": 3819.9864608079192
  },
  "2": {
    "idx": 43345,
    "x_value": 3821.1643999911453
  },
  "3": {
    "idx": 43348,
    "x_value": 3821.2386411258994
  },
  "4": {
    "idx": 43349,
    "x_value": 3821.263002931003
  },
  "5": {
    "idx": 43350,
    "x_value": 3821.2691442795895
  },
  "6": {
    "idx": 43351,
    "x_value": 3821.27796107688
  },
  "7": {
    "idx": 43352,
    "x_value": 3821.279682583827
  },
  "8": {
    "idx": 43353,
    "x_value": 3821.296482347593
  },
  "9": {
    "idx": 43354,
    "x_value": 3821.2992452586327
  },
  "10": {
    "idx": 43355,
    "x_value": 3821.3059319513022
  }
}