{
  "1": {
    "idx": 537882,
    "x_value": 56205.36517146
  },
  "2": {
    "idx": 537883,
    "x_value": 56205.36786802962
  },
  "3": {
    "idx": 537886,
    "x_value": 56205.48225636929
  },
  "4": {
    "idx": 537887,
    "x_value": 56205.5371443135
  },
  "5": {
    "idx": 537890,
    "x_value": 56205.56487079768
  },
  "6": {
    "idx": 537891,
    "x_value": 56205.56666547721
  },
  "7": {
    "idx": 537892,
    "x_value": 56205.57160049995
  },
  "8": {
    "idx": 537893,
    "x_value": 56205.57520833716
  },
  "9": {
    "idx": 537894,
    "x_value": 56205.58596511405
  }
}