{
  "1": {
    "idx": 360153,
    "x_value": 15966.478173566125
  },
  "2": {
    "idx": 360229,
    "x_value": 15970.02194320343
  },
  "3": {
    "idx": 360234,
    "x_value": 15970.328738877599
  },
  "4": {
    "idx": 360237,
    "x_value": 15970.496213074071
  },
  "5": {
    "idx": 360242,
    "x_value": 15970.601481609501
  },
  "6": {
    "idx": 360243,
    "x_value": 15970.60478759122
  },
  "7": {
    "idx": 368082,
    "x_value": 16051.922953246223
  },
  "8": {
    "idx": 368087,
    "x_value": 16051.975825044346
  },
  "9": {
    "idx": 368088,
    "x_value": 16051.980563028288
  },
  "10": {
    "idx": 368453,
    "x_value": 16056.023191100661
  },
  "11": {
    "idx": 368454,
    "x_value": 16056.039628774159
  },
  "12": {
    "idx": 368807,
    "x_value": 16059.604389512986
  },
  "13": {
    "idx": 368810,
    "x_value": 16059.61753860415
  },
  "14": {
    "idx": 368897,
    "x_value": 16060.504587128959
  },
  "15": {
    "idx": 368898,
    "x_value": 16060.51326641007
  },
  "16": {
    "idx": 369156,
    "x_value": 16062.312827455737
  },
  "17": {
    "idx": 369167,
    "x_value": 16062.384052439584
  },
  "18": {
    "idx": 369172,
    "x_value": 16062.427361520435
  },
  "19": {
    "idx": 369173,
    "x_value": 16062.432779094452
  },
  "20": {
    "idx": 369254,
    "x_value": 16062.98281195411
  },
  "21": {
    "idx": 369257,
    "x_value": 16063.012070839066
  },
  "22": {
    "idx": 369258,
    "x_value": 16063.017534889157
  },
  "23": {
    "idx": 369265,
    "x_value": 16063.043607654612
  },
  "24": {
    "idx": 369266,
    "x_value": 16063.058275773561
  },
  "25": {
    "idx": 369267,
    "x_value": 16063.0639431688
  },
  "26": {
    "idx": 369274,
    "x_value": 16063.128171537055
  },
  "27": {
    "idx": 369275,
    "x_value": 16063.142882193764
  },
  "28": {
    "idx": 369276,
    "x_value": 16063.144920175917
  },
  "29": {
    "idx": 369277,
    "x_value": 16063.147752464947
  },
  "30": {
    "idx": 369278,
    "x_value": 16063.155299200931
  }
}