{
  "1": {
    "idx": 924855,
    "x_value": 82150.54137246253
  },
  "2": {
    "idx": 924878,
    "x_value": 82151.87377825282
  },
  "3": {
    "idx": 924879,
    "x_value": 82151.90086992481
  },
  "4": {
    "idx": 924882,
    "x_value": 82151.95928230445
  },
  "5": {
    "idx": 924883,
    "x_value": 82151.98083156494
  },
  "6": {
    "idx": 924884,
    "x_value": 82151.99165224809
  },
  "7": {
    "idx": 924885,
    "x_value": 82151.99204707744
  },
  "8": {
    "idx": 924886,
    "x_value": 82152.03121189993
  },
  "9": {
    "idx": 924887,
    "x_value": 82152.03755746516
  },
  "10": {
    "idx": 924888,
    "x_value": 82152.04620630611
  },
  "11": {
    "idx": 924889,
    "x_value": 82152.04691112925
  }
}