{
  "1": {
    "idx": 0,
    "x_value": 0.0
  },
  "2": {
    "idx": 5927,
    "x_value": 241.38255044283605
  },
  "3": {
    "idx": 5928,
    "x_value": 241.51852013709546
  },
  "4": {
    "idx": 6496,
    "x_value": 263.83506375301374
  },
  "5": {
    "idx": 6499,
    "x_value": 263.9556278031309
  },
  "6": {
    "idx": 6500,
    "x_value": 263.9734854195917
  },
  "7": {
    "idx": 6643,
    "x_value": 269.78235481984643
  },
  "8": {
    "idx": 6648,
    "x_value": 270.0710206820768
  },
  "9": {
    "idx": 6697,
    "x_value": 271.72209563102774
  },
  "10": {
    "idx": 6714,
    "x_value": 272.1778405012039
  },
  "11": {
    "idx": 6715,
    "x_value": 272.18192194363627
  },
  "12": {
    "idx": 6716,
    "x_value": 272.19184617433245
  },
  "13": {
    "idx": 6719,
    "x_value": 272.21282583604335
  },
  "14": {
    "idx": 6730,
    "x_value": 272.4616353822224
  },
  "15": {
    "idx": 6731,
    "x_value": 272.4787903084678
  },
  "16": {
    "idx": 6740,
    "x_value": 272.6593829939211
  },
  "17": {
    "idx": 6743,
    "x_value": 272.73328239001864
  },
  "18": {
    "idx": 6752,
    "x_value": 272.9419475686861
  },
  "19": {
    "idx": 6753,
    "x_value": 272.99396649500096
  },
  "20": {
    "idx": 6756,
    "x_value": 273.0478876929865
  },
  "21": {
    "idx": 6757,
    "x_value": 273.0673788723008
  },
  "22": {
    "idx": 6758,
    "x_value": 273.0768402207002
  },
  "23": {
    "idx": 6761,
    "x_value": 273.17835830766353
  },
  "24": {
    "idx": 6762,
    "x_value": 273.18137548011424
  },
  "25": {
    "idx": 6768,
    "x_value": 273.25090137342346
  },
  "26": {
    "idx": 6783,
    "x_value": 273.4680042489265
  },
  "27": {
    "idx": 6784,
    "x_value": 273.4719061033595
  },
  "28": {
    "idx": 6785,
    "x_value": 273.52274140163087
  },
  "29": {
    "idx": 6786,
    "x_value": 273.5655449951584
  },
  "30": {
    "idx": 6787,
    "x_value": 273.5669059857618
  }
}