{
  "1": {
    "idx": 613010,
    "x_value": 51510.18834163475
  },
  "2": {
    "idx": 613011,
    "x_value": 51510.4122354591
  },
  "3": {
    "idx": 613012,
    "x_value": 51510.42270422495
  },
  "4": {
    "idx": 613013,
    "x_value": 51510.466219736605
  },
  "5": {
    "idx": 613014,
    "x_value": 51510.50243101087
  },
  "6": {
    "idx": 613017,
    "x_value": 51510.54672507259
  },
  "7": {
    "idx": 613018,
    "x_value": 51510.571829526576
  },
  "8": {
    "idx": 613019,
    "x_value": 51510.57407610244
  },
  "9": {
    "idx": 613020,
    "x_value": 51510.57732898655
  },
  "10": {
    "idx": 613021,
    "x_value": 51510.57861102055
  },
  "11": {
    "idx": 613022,
    "x_value": 51510.58486996636
  },
  "12": {
    "idx": 613023,
    "x_value": 51510.58666901669
  }
}