{
  "1": {
    "idx": 27619,
    "x_value": 3752.9123007384514
  },
  "2": {
    "idx": 27620,
    "x_value": 3752.913681726842
  },
  "3": {
    "idx": 27621,
    "x_value": 3752.9161729785237
  },
  "4": {
    "idx": 27622,
    "x_value": 3752.917764205244
  },
  "5": {
    "idx": 27623,
    "x_value": 3752.932542676614
  },
  "6": {
    "idx": 27624,
    "x_value": 3752.9354128787845
  }
}