{
  "1": {
    "idx": 555895,
    "x_value": 27621.069806320203
  },
  "2": {
    "idx": 555900,
    "x_value": 27622.363466726863
  },
  "3": {
    "idx": 555905,
    "x_value": 27622.518929294372
  },
  "4": {
    "idx": 555918,
    "x_value": 27622.773332772278
  },
  "5": {
    "idx": 555919,
    "x_value": 27622.77698144571
  },
  "6": {
    "idx": 555920,
    "x_value": 27622.805143480084
  },
  "7": {
    "idx": 555966,
    "x_value": 27623.34010989659
  },
  "8": {
    "idx": 555967,
    "x_value": 27623.342588955136
  },
  "9": {
    "idx": 556298,
    "x_value": 27626.251111190133
  },
  "10": {
    "idx": 556883,
    "x_value": 27631.31271541582
  },
  "11": {
    "idx": 556886,
    "x_value": 27631.350486224994
  },
  "12": {
    "idx": 559804,
    "x_value": 27650.03076046796
  },
  "13": {
    "idx": 560031,
    "x_value": 27651.425981634668
  },
  "14": {
    "idx": 560354,
    "x_value": 27653.420861515373
  },
  "15": {
    "idx": 560435,
    "x_value": 27653.964690348614
  },
  "16": {
    "idx": 560440,
    "x_value": 27653.98828888338
  },
  "17": {
    "idx": 560447,
    "x_value": 27654.022808532103
  },
  "18": {
    "idx": 560460,
    "x_value": 27654.11948774706
  },
  "19": {
    "idx": 560507,
    "x_value": 27654.384861507035
  },
  "20": {
    "idx": 560518,
    "x_value": 27654.431423344664
  },
  "21": {
    "idx": 560539,
    "x_value": 27654.60372533036
  },
  "22": {
    "idx": 560550,
    "x_value": 27654.670674395715
  },
  "23": {
    "idx": 560559,
    "x_value": 27654.711863054075
  },
  "24": {
    "idx": 560566,
    "x_value": 27654.77047565111
  },
  "25": {
    "idx": 560567,
    "x_value": 27654.775711555365
  },
  "26": {
    "idx": 560568,
    "x_value": 27654.78034856108
  },
  "27": {
    "idx": 560571,
    "x_value": 27654.795414282282
  },
  "28": {
    "idx": 560574,
    "x_value": 27654.808764661102
  },
  "29": {
    "idx": 560577,
    "x_value": 27654.838023926663
  },
  "30": {
    "idx": 560578,
    "x_value": 27654.840465383855
  }
}