{
  "1": {
    "idx": 67150,
    "x_value": 8930.109664935851
  },
  "2": {
    "idx": 67151,
    "x_value": 8930.277114996357
  },
  "3": {
    "idx": 67152,
    "x_value": 8930.285241379823
  },
  "4": {
    "idx": 67153,
    "x_value": 8930.287190912177
  },
  "5": {
    "idx": 67154,
    "x_value": 8930.291912439001
  },
  "6": {
    "idx": 67155,
    "x_value": 8930.292756323644
  }
}