{
  "1": {
    "idx": 194,
    "x_value": 13.44773442709661
  },
  "2": {
    "idx": 391,
    "x_value": 22.41751661358692
  },
  "3": {
    "idx": 392,
    "x_value": 22.465573449079955
  },
  "4": {
    "idx": 393,
    "x_value": 22.481544595131147
  },
  "5": {
    "idx": 394,
    "x_value": 22.482058485941838
  },
  "6": {
    "idx": 395,
    "x_value": 22.508956633063523
  },
  "7": {
    "idx": 400,
    "x_value": 22.624318481262648
  },
  "8": {
    "idx": 1517,
    "x_value": 34.89092150994054
  },
  "9": {
    "idx": 2108,
    "x_value": 41.70603329171969
  },
  "10": {
    "idx": 2135,
    "x_value": 41.93661259757611
  },
  "11": {
    "idx": 2172,
    "x_value": 42.400423318708626
  },
  "12": {
    "idx": 2175,
    "x_value": 42.42762838262935
  },
  "13": {
    "idx": 2450,
    "x_value": 45.45308132809756
  },
  "14": {
    "idx": 2469,
    "x_value": 45.68887225950429
  },
  "15": {
    "idx": 2551,
    "x_value": 46.411888224907784
  },
  "16": {
    "idx": 2554,
    "x_value": 46.43574757268578
  },
  "17": {
    "idx": 2567,
    "x_value": 46.59012359851294
  },
  "18": {
    "idx": 2742,
    "x_value": 48.09769237090706
  },
  "19": {
    "idx": 2786,
    "x_value": 48.42211465075194
  },
  "20": {
    "idx": 2787,
    "x_value": 48.42495744466021
  },
  "21": {
    "idx": 2835,
    "x_value": 48.71747911612878
  },
  "22": {
    "idx": 2884,
    "x_value": 49.03876472699041
  },
  "23": {
    "idx": 2891,
    "x_value": 49.07437892842944
  },
  "24": {
    "idx": 2950,
    "x_value": 49.35846151164341
  },
  "25": {
    "idx": 2951,
    "x_value": 49.36632122687203
  },
  "26": {
    "idx": 2952,
    "x_value": 49.366774243971484
  },
  "27": {
    "idx": 2955,
    "x_value": 49.373735984390294
  },
  "28": {
    "idx": 2960,
    "x_value": 49.37967859177841
  },
  "29": {
    "idx": 2965,
    "x_value": 49.3907334116824
  },
  "30": {
    "idx": 2966,
    "x_value": 49.40019220015256
  }
}