{
  "1": {
    "idx": 75435,
    "x_value": 3528.753724169798
  },
  "2": {
    "idx": 75549,
    "x_value": 3532.6308445869568
  },
  "3": {
    "idx": 75556,
    "x_value": 3532.8461838823
  },
  "4": {
    "idx": 75557,
    "x_value": 3532.861425879435
  },
  "5": {
    "idx": 75558,
    "x_value": 3532.8747693907553
  },
  "6": {
    "idx": 75561,
    "x_value": 3532.9012118114106
  },
  "7": {
    "idx": 75566,
    "x_value": 3532.9890687813536
  },
  "8": {
    "idx": 75573,
    "x_value": 3533.092603068279
  },
  "9": {
    "idx": 75859,
    "x_value": 3536.0188030822083
  },
  "10": {
    "idx": 75860,
    "x_value": 3536.0703814610756
  },
  "11": {
    "idx": 75869,
    "x_value": 3536.155012070432
  },
  "12": {
    "idx": 77648,
    "x_value": 3548.0588710056477
  },
  "13": {
    "idx": 77661,
    "x_value": 3548.200264823841
  },
  "14": {
    "idx": 77669,
    "x_value": 3548.236105280693
  },
  "15": {
    "idx": 77670,
    "x_value": 3548.271867217176
  },
  "16": {
    "idx": 77677,
    "x_value": 3548.32372986371
  },
  "17": {
    "idx": 77880,
    "x_value": 3549.3430543670993
  },
  "18": {
    "idx": 77881,
    "x_value": 3549.363865058374
  },
  "19": {
    "idx": 77974,
    "x_value": 3549.845474550938
  },
  "20": {
    "idx": 77977,
    "x_value": 3549.855187526121
  },
  "21": {
    "idx": 77978,
    "x_value": 3549.879735800994
  },
  "22": {
    "idx": 77984,
    "x_value": 3549.891044318457
  },
  "23": {
    "idx": 77997,
    "x_value": 3549.9651176908815
  },
  "24": {
    "idx": 78033,
    "x_value": 3550.070317564626
  },
  "25": {
    "idx": 78036,
    "x_value": 3550.097874852134
  },
  "26": {
    "idx": 78037,
    "x_value": 3550.099750937408
  },
  "27": {
    "idx": 78040,
    "x_value": 3550.130421462607
  },
  "28": {
    "idx": 78042,
    "x_value": 3550.131624583035
  },
  "29": {
    "idx": 78044,
    "x_value": 3550.1323321551936
  },
  "30": {
    "idx": 78045,
    "x_value": 3550.137229355387
  }
}