{
  "1": {
    "idx": 12866,
    "x_value": 1740.0735778697024
  },
  "2": {
    "idx": 12867,
    "x_value": 1740.4208981678066
  },
  "3": {
    "idx": 12868,
    "x_value": 1740.4281795364768
  },
  "4": {
    "idx": 12869,
    "x_value": 1740.434325437972
  },
  "5": {
    "idx": 12870,
    "x_value": 1740.437164210525
  },
  "6": {
    "idx": 12871,
    "x_value": 1740.4609220288
  }
}