{
  "1": {
    "idx": 417886,
    "x_value": 52205.99327376619
  },
  "2": {
    "idx": 417887,
    "x_value": 52206.75338898543
  },
  "3": {
    "idx": 417888,
    "x_value": 52206.795577000805
  },
  "4": {
    "idx": 417889,
    "x_value": 52206.83140856136
  },
  "5": {
    "idx": 417890,
    "x_value": 52206.84916633825
  },
  "6": {
    "idx": 417891,
    "x_value": 52206.85939356656
  },
  "7": {
    "idx": 417892,
    "x_value": 52206.86232252345
  }
}