{
  "final_entities": 1,
  "simulated_time_seconds": 462.68563188238,
  "event_num_link": 0,
  "event_num_grow": 15828,
  "event_num_grow_success": 14292,
  "event_num_grow_fail": 1536,
  "event_num_remove": 14172,
  "event_num_to_do_nothing": 0,
  "distorted_linker_enabled": true,
  "distorted_linker_fraction": 0.1734441588713866,
  "off_pathway_linker_fraction": 0.3468883177427732,
  "effective_zr6_conc": 19.94578006236224,
  "effective_linker_conc": 2.6124467290289073,
  "external_addition_activity": 0.7814296384610766
}