{
  "1": {
    "idx": 309897,
    "x_value": 42193.655133112035
  },
  "2": {
    "idx": 309898,
    "x_value": 42195.10199076362
  },
  "3": {
    "idx": 309899,
    "x_value": 42195.103250698834
  },
  "4": {
    "idx": 309900,
    "x_value": 42195.1057552911
  },
  "5": {
    "idx": 309901,
    "x_value": 42195.1060928499
  },
  "6": {
    "idx": 309902,
    "x_value": 42195.10765537197
  }
}