{
  "1": {
    "idx": 809046,
    "x_value": 68604.90642210752
  },
  "2": {
    "idx": 809047,
    "x_value": 68605.17033575714
  },
  "3": {
    "idx": 809048,
    "x_value": 68605.18909868006
  },
  "4": {
    "idx": 809051,
    "x_value": 68605.35381040759
  },
  "5": {
    "idx": 809052,
    "x_value": 68605.35480997899
  },
  "6": {
    "idx": 809053,
    "x_value": 68605.36393043664
  },
  "7": {
    "idx": 809054,
    "x_value": 68605.36854199228
  },
  "8": {
    "idx": 809055,
    "x_value": 68605.38242942358
  },
  "9": {
    "idx": 809056,
    "x_value": 68605.39956057478
  },
  "10": {
    "idx": 809057,
    "x_value": 68605.4220763525
  },
  "11": {
    "idx": 809058,
    "x_value": 68605.42827361892
  }
}