{
  "1": {
    "idx": 834109,
    "x_value": 81623.18626251306
  },
  "2": {
    "idx": 834110,
    "x_value": 81624.02517630967
  },
  "3": {
    "idx": 834111,
    "x_value": 81624.10665572126
  },
  "4": {
    "idx": 834112,
    "x_value": 81624.10908183857
  },
  "5": {
    "idx": 834113,
    "x_value": 81624.11563544354
  },
  "6": {
    "idx": 834114,
    "x_value": 81624.12033977684
  },
  "7": {
    "idx": 834115,
    "x_value": 81624.16561397222
  },
  "8": {
    "idx": 834116,
    "x_value": 81624.16682640876
  },
  "9": {
    "idx": 834119,
    "x_value": 81624.20627078746
  },
  "10": {
    "idx": 834120,
    "x_value": 81624.2099946896
  },
  "11": {
    "idx": 834121,
    "x_value": 81624.22029896577
  }
}