{
  "1": {
    "idx": 403435,
    "x_value": 37007.77832809739
  },
  "2": {
    "idx": 403448,
    "x_value": 37008.11844549841
  },
  "3": {
    "idx": 403451,
    "x_value": 37008.19573315131
  },
  "4": {
    "idx": 403452,
    "x_value": 37008.24656748715
  },
  "5": {
    "idx": 403453,
    "x_value": 37008.25745375995
  },
  "6": {
    "idx": 408333,
    "x_value": 37030.84981590993
  },
  "7": {
    "idx": 408464,
    "x_value": 37031.358054833465
  },
  "8": {
    "idx": 408469,
    "x_value": 37031.37165957909
  },
  "9": {
    "idx": 411390,
    "x_value": 37040.56702049736
  },
  "10": {
    "idx": 411393,
    "x_value": 37040.610227923986
  },
  "11": {
    "idx": 411402,
    "x_value": 37040.633170237394
  },
  "12": {
    "idx": 411411,
    "x_value": 37040.667872470156
  },
  "13": {
    "idx": 411466,
    "x_value": 37040.80930065149
  },
  "14": {
    "idx": 411764,
    "x_value": 37041.51771895459
  },
  "15": {
    "idx": 411767,
    "x_value": 37041.52363269557
  },
  "16": {
    "idx": 412024,
    "x_value": 37041.98057544058
  },
  "17": {
    "idx": 414037,
    "x_value": 37045.046484067134
  },
  "18": {
    "idx": 414194,
    "x_value": 37045.26697570934
  },
  "19": {
    "idx": 414227,
    "x_value": 37045.30773364476
  },
  "20": {
    "idx": 414852,
    "x_value": 37046.16837463236
  },
  "21": {
    "idx": 414853,
    "x_value": 37046.17000831773
  },
  "22": {
    "idx": 414969,
    "x_value": 37046.34396519241
  },
  "23": {
    "idx": 414970,
    "x_value": 37046.3446129263
  },
  "24": {
    "idx": 414973,
    "x_value": 37046.34999736725
  },
  "25": {
    "idx": 414984,
    "x_value": 37046.35899182025
  },
  "26": {
    "idx": 415031,
    "x_value": 37046.39628962495
  },
  "27": {
    "idx": 415034,
    "x_value": 37046.399587017266
  },
  "28": {
    "idx": 415039,
    "x_value": 37046.40484368026
  },
  "29": {
    "idx": 415046,
    "x_value": 37046.41254335785
  },
  "30": {
    "idx": 415047,
    "x_value": 37046.41554391126
  }
}