{
  "1": {
    "idx": 12733,
    "x_value": 802.6603543741768
  },
  "2": {
    "idx": 12734,
    "x_value": 805.5159248064165
  },
  "3": {
    "idx": 12751,
    "x_value": 805.8631652706467
  },
  "4": {
    "idx": 12754,
    "x_value": 805.8877886927307
  },
  "5": {
    "idx": 12755,
    "x_value": 805.9079797091301
  },
  "6": {
    "idx": 22459,
    "x_value": 875.1577090944843
  },
  "7": {
    "idx": 22486,
    "x_value": 875.3972921248168
  },
  "8": {
    "idx": 22497,
    "x_value": 875.5116982660685
  },
  "9": {
    "idx": 25262,
    "x_value": 888.0279718284813
  },
  "10": {
    "idx": 26680,
    "x_value": 894.6287500115477
  },
  "11": {
    "idx": 26683,
    "x_value": 894.6299582563366
  },
  "12": {
    "idx": 26713,
    "x_value": 894.7737315409156
  },
  "13": {
    "idx": 36893,
    "x_value": 927.2997767254938
  },
  "14": {
    "idx": 38214,
    "x_value": 931.9037523916627
  },
  "15": {
    "idx": 38219,
    "x_value": 931.937400635281
  },
  "16": {
    "idx": 38281,
    "x_value": 932.1412829446837
  },
  "17": {
    "idx": 38282,
    "x_value": 932.1450418802912
  },
  "18": {
    "idx": 38285,
    "x_value": 932.1484776243309
  },
  "19": {
    "idx": 38286,
    "x_value": 932.1566509590251
  },
  "20": {
    "idx": 38453,
    "x_value": 932.6492966436379
  },
  "21": {
    "idx": 38458,
    "x_value": 932.6597936071943
  },
  "22": {
    "idx": 38459,
    "x_value": 932.6665607231182
  },
  "23": {
    "idx": 38460,
    "x_value": 932.6674683891302
  },
  "24": {
    "idx": 38561,
    "x_value": 932.9245982024868
  },
  "25": {
    "idx": 38564,
    "x_value": 932.9379712518103
  },
  "26": {
    "idx": 38573,
    "x_value": 932.9651963465603
  },
  "27": {
    "idx": 38574,
    "x_value": 932.9710347182948
  },
  "28": {
    "idx": 38579,
    "x_value": 932.9840427466934
  },
  "29": {
    "idx": 38580,
    "x_value": 932.9854331007193
  },
  "30": {
    "idx": 38581,
    "x_value": 932.9928727006736
  }
}