{
  "1": {
    "idx": 107942,
    "x_value": 11862.956132625059
  },
  "2": {
    "idx": 107943,
    "x_value": 11865.62226376031
  },
  "3": {
    "idx": 107944,
    "x_value": 11865.627422672587
  },
  "4": {
    "idx": 107947,
    "x_value": 11865.647115980944
  },
  "5": {
    "idx": 107948,
    "x_value": 11865.649119004647
  },
  "6": {
    "idx": 111266,
    "x_value": 11875.73045461626
  },
  "7": {
    "idx": 111267,
    "x_value": 11875.731311487618
  },
  "8": {
    "idx": 111278,
    "x_value": 11875.751317108983
  },
  "9": {
    "idx": 128678,
    "x_value": 11909.205114949697
  },
  "10": {
    "idx": 128683,
    "x_value": 11909.211619130685
  },
  "11": {
    "idx": 128700,
    "x_value": 11909.253595383483
  },
  "12": {
    "idx": 129458,
    "x_value": 11910.411128298347
  },
  "13": {
    "idx": 212555,
    "x_value": 12014.877589643369
  },
  "14": {
    "idx": 212778,
    "x_value": 12015.163826366665
  },
  "15": {
    "idx": 212839,
    "x_value": 12015.249128381489
  },
  "16": {
    "idx": 238352,
    "x_value": 12041.042777712155
  },
  "17": {
    "idx": 238873,
    "x_value": 12041.54434393195
  },
  "18": {
    "idx": 238878,
    "x_value": 12041.552571737013
  },
  "19": {
    "idx": 241069,
    "x_value": 12043.366430600721
  },
  "20": {
    "idx": 247677,
    "x_value": 12048.554090121866
  },
  "21": {
    "idx": 248272,
    "x_value": 12048.975419930126
  },
  "22": {
    "idx": 248273,
    "x_value": 12048.975527112583
  },
  "23": {
    "idx": 248332,
    "x_value": 12049.016130420143
  },
  "24": {
    "idx": 248333,
    "x_value": 12049.020750709387
  },
  "25": {
    "idx": 248338,
    "x_value": 12049.024719134874
  },
  "26": {
    "idx": 248341,
    "x_value": 12049.025861880773
  },
  "27": {
    "idx": 248352,
    "x_value": 12049.033236955804
  },
  "28": {
    "idx": 248363,
    "x_value": 12049.037728531774
  },
  "29": {
    "idx": 248366,
    "x_value": 12049.038733070478
  },
  "30": {
    "idx": 248367,
    "x_value": 12049.039657986923
  }
}