{
  "1": {
    "idx": 125835,
    "x_value": 11609.629759440102
  },
  "2": {
    "idx": 125858,
    "x_value": 11610.772079773165
  },
  "3": {
    "idx": 125859,
    "x_value": 11610.8401121282
  },
  "4": {
    "idx": 125860,
    "x_value": 11610.842987345966
  },
  "5": {
    "idx": 125861,
    "x_value": 11610.854418380497
  },
  "6": {
    "idx": 139127,
    "x_value": 11672.641667790216
  },
  "7": {
    "idx": 139198,
    "x_value": 11672.974705590814
  },
  "8": {
    "idx": 139211,
    "x_value": 11673.039942018264
  },
  "9": {
    "idx": 139309,
    "x_value": 11673.307341908096
  },
  "10": {
    "idx": 161301,
    "x_value": 11730.844466483728
  },
  "11": {
    "idx": 161713,
    "x_value": 11731.941780068928
  },
  "12": {
    "idx": 161726,
    "x_value": 11731.962943877143
  },
  "13": {
    "idx": 170070,
    "x_value": 11748.9131248252
  },
  "14": {
    "idx": 170083,
    "x_value": 11748.947795924578
  },
  "15": {
    "idx": 170508,
    "x_value": 11749.663930217204
  },
  "16": {
    "idx": 175999,
    "x_value": 11758.59296995582
  },
  "17": {
    "idx": 176738,
    "x_value": 11759.747640280539
  },
  "18": {
    "idx": 176739,
    "x_value": 11759.74983659027
  },
  "19": {
    "idx": 176898,
    "x_value": 11760.036655107695
  },
  "20": {
    "idx": 176899,
    "x_value": 11760.039846586811
  },
  "21": {
    "idx": 176961,
    "x_value": 11760.130454870368
  },
  "22": {
    "idx": 176966,
    "x_value": 11760.136578468604
  },
  "23": {
    "idx": 176973,
    "x_value": 11760.140937874134
  },
  "24": {
    "idx": 176974,
    "x_value": 11760.144419366472
  },
  "25": {
    "idx": 176997,
    "x_value": 11760.172531994436
  },
  "26": {
    "idx": 176998,
    "x_value": 11760.172817825895
  },
  "27": {
    "idx": 177001,
    "x_value": 11760.172921818155
  },
  "28": {
    "idx": 177002,
    "x_value": 11760.173166485678
  },
  "29": {
    "idx": 177003,
    "x_value": 11760.174401798518
  },
  "30": {
    "idx": 177004,
    "x_value": 11760.175758795176
  }
}