{
  "ZR6_PERCENTAGE": 1.0,
  "Zr_conc_total": 128.0,
  "Linker_conc_total": 4.0,
  "Capping_agent_conc": 300.0,
  "equilibrium_constant_coefficient": 1.32975172557788,
  "effective_equilibrium_constant": 1.5250299510123937,
  "distorted_linker_enabled": true,
  "distorted_ligand_state": {
    "association_constant": 0.010166866340082625,
    "effective_exchange_equilibrium_constant": 1.5250299510123937,
    "acid_speciation": {
      "linker_carboxylate_to_acid_ratio": 0.0,
      "formate_to_acid_ratio": 0.0,
      "linker_carboxylic_acid_conc": 8.0,
      "formic_acid_conc": 300.0
    },
    "second_step_equivalents": 1.0,
    "total_zr6_conc": 21.333333333333332,
    "total_linker_conc": 4.0,
    "distorted_ligand_conc": 0.6937766354855464,
    "polymerized_distorted_conc": 0.6937766354855464,
    "off_pathway_zr6_conc": 1.3875532709710927,
    "off_pathway_linker_conc": 1.3875532709710927,
    "distorted_ligand_fraction": 0.1734441588713866,
    "off_pathway_linker_fraction": 0.3468883177427732,
    "off_pathway_zr6_fraction": 0.06504155957676998,
    "free_zr6_conc": 19.94578006236224,
    "free_linker_conc": 2.6124467290289073,
    "free_zr6_fraction": 0.93495844042323,
    "free_linker_fraction": 0.6531116822572268
  },
  "effective_zr6_conc_for_growth": 19.94578006236224,
  "effective_linker_conc_for_growth": 2.6124467290289073,
  "Zr6_conc_adding_probability": 0.5558879471626144,
  "external_addition_activity": 0.7814296384610766
}