{
  "1": {
    "idx": 149099,
    "x_value": 14020.544824538763
  },
  "2": {
    "idx": 149102,
    "x_value": 14021.549396391418
  },
  "3": {
    "idx": 149103,
    "x_value": 14021.641714841935
  },
  "4": {
    "idx": 149106,
    "x_value": 14021.653976631958
  },
  "5": {
    "idx": 149107,
    "x_value": 14021.65850798965
  },
  "6": {
    "idx": 153899,
    "x_value": 14041.871701002452
  },
  "7": {
    "idx": 153902,
    "x_value": 14041.883095397612
  },
  "8": {
    "idx": 153975,
    "x_value": 14042.166144339342
  },
  "9": {
    "idx": 162856,
    "x_value": 14066.599202534493
  },
  "10": {
    "idx": 162891,
    "x_value": 14066.696889531073
  },
  "11": {
    "idx": 162999,
    "x_value": 14066.961939931454
  },
  "12": {
    "idx": 163109,
    "x_value": 14067.193489049283
  },
  "13": {
    "idx": 163755,
    "x_value": 14068.486513929314
  },
  "14": {
    "idx": 164572,
    "x_value": 14069.909883103282
  },
  "15": {
    "idx": 164577,
    "x_value": 14069.911101317597
  },
  "16": {
    "idx": 164610,
    "x_value": 14069.971132399252
  },
  "17": {
    "idx": 165077,
    "x_value": 14070.648066985774
  },
  "18": {
    "idx": 166474,
    "x_value": 14072.533711626445
  },
  "19": {
    "idx": 166475,
    "x_value": 14072.537074642445
  },
  "20": {
    "idx": 167261,
    "x_value": 14073.452311761077
  },
  "21": {
    "idx": 167268,
    "x_value": 14073.459891184388
  },
  "22": {
    "idx": 167277,
    "x_value": 14073.475751826923
  },
  "23": {
    "idx": 167312,
    "x_value": 14073.512183562534
  },
  "24": {
    "idx": 167385,
    "x_value": 14073.608601906342
  },
  "25": {
    "idx": 167414,
    "x_value": 14073.668812944035
  },
  "26": {
    "idx": 167419,
    "x_value": 14073.672325689164
  },
  "27": {
    "idx": 167422,
    "x_value": 14073.67799212109
  },
  "28": {
    "idx": 167423,
    "x_value": 14073.680090695698
  },
  "29": {
    "idx": 167424,
    "x_value": 14073.681004564041
  },
  "30": {
    "idx": 167425,
    "x_value": 14073.681100901797
  }
}