{
  "1": {
    "idx": 800178,
    "x_value": 85058.18615644643
  },
  "2": {
    "idx": 800181,
    "x_value": 85058.31761483819
  },
  "3": {
    "idx": 800182,
    "x_value": 85058.33076081863
  },
  "4": {
    "idx": 800183,
    "x_value": 85058.36397104624
  },
  "5": {
    "idx": 800184,
    "x_value": 85058.38390799485
  },
  "6": {
    "idx": 800189,
    "x_value": 85058.41540931996
  },
  "7": {
    "idx": 800190,
    "x_value": 85058.43255355618
  },
  "8": {
    "idx": 800191,
    "x_value": 85058.43377519764
  },
  "9": {
    "idx": 800192,
    "x_value": 85058.44074558088
  }
}