{
  "1": {
    "idx": 619718,
    "x_value": 55161.815780608136
  },
  "2": {
    "idx": 619733,
    "x_value": 55162.28144446058
  },
  "3": {
    "idx": 619742,
    "x_value": 55162.42409257218
  },
  "4": {
    "idx": 619747,
    "x_value": 55162.528042330676
  },
  "5": {
    "idx": 619748,
    "x_value": 55162.52997803038
  },
  "6": {
    "idx": 619749,
    "x_value": 55162.543025066305
  },
  "7": {
    "idx": 619752,
    "x_value": 55162.555108260174
  },
  "8": {
    "idx": 619753,
    "x_value": 55162.56631429368
  },
  "9": {
    "idx": 619754,
    "x_value": 55162.58214062824
  },
  "10": {
    "idx": 619755,
    "x_value": 55162.58378597989
  },
  "11": {
    "idx": 619756,
    "x_value": 55162.5936514651
  }
}