{
  "1": {
    "idx": 97643,
    "x_value": 12023.903883877507
  },
  "2": {
    "idx": 97648,
    "x_value": 12024.021638230339
  },
  "3": {
    "idx": 97649,
    "x_value": 12024.024854022633
  },
  "4": {
    "idx": 97650,
    "x_value": 12024.025125917817
  },
  "5": {
    "idx": 97651,
    "x_value": 12024.026921285944
  },
  "6": {
    "idx": 97652,
    "x_value": 12024.043729241052
  },
  "7": {
    "idx": 97653,
    "x_value": 12024.045540676796
  },
  "8": {
    "idx": 97654,
    "x_value": 12024.04818088655
  }
}