{
  "1": {
    "idx": 634053,
    "x_value": 77103.52522925725
  },
  "2": {
    "idx": 634054,
    "x_value": 77105.43667534227
  },
  "3": {
    "idx": 634055,
    "x_value": 77105.45594048273
  },
  "4": {
    "idx": 634056,
    "x_value": 77105.47843545656
  },
  "5": {
    "idx": 634057,
    "x_value": 77105.48420789978
  },
  "6": {
    "idx": 634058,
    "x_value": 77105.48650261803
  },
  "7": {
    "idx": 634059,
    "x_value": 77105.49258021107
  },
  "8": {
    "idx": 634060,
    "x_value": 77105.49436328499
  }
}