{
  "1": {
    "idx": 627297,
    "x_value": 80058.361227093
  },
  "2": {
    "idx": 627298,
    "x_value": 80058.61296241585
  },
  "3": {
    "idx": 627299,
    "x_value": 80058.68144214309
  },
  "4": {
    "idx": 627300,
    "x_value": 80058.68826256937
  },
  "5": {
    "idx": 627301,
    "x_value": 80058.6930691407
  },
  "6": {
    "idx": 627302,
    "x_value": 80058.69683065767
  },
  "7": {
    "idx": 627303,
    "x_value": 80058.69713642036
  }
}