{
  "1": {
    "idx": 144291,
    "x_value": 19784.501129000702
  },
  "2": {
    "idx": 144292,
    "x_value": 19784.561366972932
  },
  "3": {
    "idx": 144293,
    "x_value": 19784.576833769912
  },
  "4": {
    "idx": 144294,
    "x_value": 19784.58007937222
  },
  "5": {
    "idx": 144295,
    "x_value": 19784.582543878725
  },
  "6": {
    "idx": 144296,
    "x_value": 19784.586161015
  }
}