{
  "1": {
    "idx": 365603,
    "x_value": 34410.09717538558
  },
  "2": {
    "idx": 365608,
    "x_value": 34410.23045895264
  },
  "3": {
    "idx": 365619,
    "x_value": 34410.467824668085
  },
  "4": {
    "idx": 365620,
    "x_value": 34410.47206713584
  },
  "5": {
    "idx": 365623,
    "x_value": 34410.49368326604
  },
  "6": {
    "idx": 377085,
    "x_value": 34461.35812202779
  },
  "7": {
    "idx": 377132,
    "x_value": 34461.561123857886
  },
  "8": {
    "idx": 377141,
    "x_value": 34461.60019250351
  },
  "9": {
    "idx": 377230,
    "x_value": 34461.90801375999
  },
  "10": {
    "idx": 377233,
    "x_value": 34461.93354260792
  },
  "11": {
    "idx": 377238,
    "x_value": 34461.95131451535
  },
  "12": {
    "idx": 377666,
    "x_value": 34462.815647508774
  },
  "13": {
    "idx": 383183,
    "x_value": 34473.2724063681
  },
  "14": {
    "idx": 383190,
    "x_value": 34473.286506117794
  },
  "15": {
    "idx": 383223,
    "x_value": 34473.36526960305
  },
  "16": {
    "idx": 383230,
    "x_value": 34473.37434389706
  },
  "17": {
    "idx": 385062,
    "x_value": 34475.84368054327
  },
  "18": {
    "idx": 385929,
    "x_value": 34477.09137106041
  },
  "19": {
    "idx": 385968,
    "x_value": 34477.129233747284
  },
  "20": {
    "idx": 385975,
    "x_value": 34477.13726769376
  },
  "21": {
    "idx": 386018,
    "x_value": 34477.18330877819
  },
  "22": {
    "idx": 386047,
    "x_value": 34477.212548146665
  },
  "23": {
    "idx": 386052,
    "x_value": 34477.22623319153
  },
  "24": {
    "idx": 386269,
    "x_value": 34477.4373859481
  },
  "25": {
    "idx": 386282,
    "x_value": 34477.45984087496
  },
  "26": {
    "idx": 386285,
    "x_value": 34477.462620645136
  },
  "27": {
    "idx": 386286,
    "x_value": 34477.46275379882
  },
  "28": {
    "idx": 386289,
    "x_value": 34477.46592268482
  },
  "29": {
    "idx": 386298,
    "x_value": 34477.46711201853
  },
  "30": {
    "idx": 386299,
    "x_value": 34477.46743134401
  }
}