{
  "1": {
    "idx": 78884,
    "x_value": 3798.0057174984177
  },
  "2": {
    "idx": 78905,
    "x_value": 3799.028285678175
  },
  "3": {
    "idx": 78934,
    "x_value": 3800.4689620326817
  },
  "4": {
    "idx": 78935,
    "x_value": 3800.476513235312
  },
  "5": {
    "idx": 78948,
    "x_value": 3800.6481423852433
  },
  "6": {
    "idx": 78951,
    "x_value": 3800.6791463298055
  },
  "7": {
    "idx": 78952,
    "x_value": 3800.680208751918
  },
  "8": {
    "idx": 79379,
    "x_value": 3804.4310384942096
  },
  "9": {
    "idx": 79492,
    "x_value": 3805.508789203562
  },
  "10": {
    "idx": 79495,
    "x_value": 3805.5386336944043
  },
  "11": {
    "idx": 79512,
    "x_value": 3805.8892068351324
  },
  "12": {
    "idx": 79521,
    "x_value": 3805.951391080816
  },
  "13": {
    "idx": 79522,
    "x_value": 3805.9664085251893
  },
  "14": {
    "idx": 79523,
    "x_value": 3805.9753593056107
  },
  "15": {
    "idx": 79524,
    "x_value": 3805.9840656488755
  },
  "16": {
    "idx": 79525,
    "x_value": 3805.99448349978
  },
  "17": {
    "idx": 79533,
    "x_value": 3806.0439759045403
  },
  "18": {
    "idx": 79586,
    "x_value": 3806.424866503162
  },
  "19": {
    "idx": 79589,
    "x_value": 3806.4388057133983
  },
  "20": {
    "idx": 79592,
    "x_value": 3806.473672895025
  },
  "21": {
    "idx": 79681,
    "x_value": 3806.93921273647
  },
  "22": {
    "idx": 79780,
    "x_value": 3807.430361537479
  },
  "23": {
    "idx": 79783,
    "x_value": 3807.442453754741
  },
  "24": {
    "idx": 79808,
    "x_value": 3807.5893616495555
  },
  "25": {
    "idx": 79813,
    "x_value": 3807.599788359528
  },
  "26": {
    "idx": 79844,
    "x_value": 3807.7761038545245
  },
  "27": {
    "idx": 79845,
    "x_value": 3807.778963200589
  },
  "28": {
    "idx": 79848,
    "x_value": 3807.792423703292
  },
  "29": {
    "idx": 79851,
    "x_value": 3807.8136911297397
  },
  "30": {
    "idx": 79852,
    "x_value": 3807.817865606279
  }
}