{
  "ZR6_PERCENTAGE": 1.0,
  "Zr_conc_total": 16.0,
  "Linker_conc_total": 4.0,
  "Capping_agent_conc": 300.0,
  "equilibrium_constant_coefficient": 1.32975172557788,
  "effective_equilibrium_constant": 1.5250299510123937,
  "distorted_linker_enabled": true,
  "distorted_ligand_state": {
    "association_constant": 0.010166866340082625,
    "effective_exchange_equilibrium_constant": 1.5250299510123937,
    "acid_speciation": {
      "linker_carboxylate_to_acid_ratio": 0.0,
      "formate_to_acid_ratio": 0.0,
      "linker_carboxylic_acid_conc": 8.0,
      "formic_acid_conc": 300.0
    },
    "second_step_equivalents": 1.0,
    "total_zr6_conc": 2.6666666666666665,
    "total_linker_conc": 4.0,
    "distorted_ligand_conc": 0.10166114680032975,
    "polymerized_distorted_conc": 0.10166114680032975,
    "off_pathway_zr6_conc": 0.2033222936006595,
    "off_pathway_linker_conc": 0.2033222936006595,
    "distorted_ligand_fraction": 0.02541528670008244,
    "off_pathway_linker_fraction": 0.05083057340016488,
    "off_pathway_zr6_fraction": 0.07624586010024732,
    "free_zr6_conc": 2.463344373066007,
    "free_linker_conc": 3.7966777063993407,
    "free_zr6_fraction": 0.9237541398997527,
    "free_linker_fraction": 0.9491694265998352
  },
  "effective_zr6_conc_for_growth": 2.463344373066007,
  "effective_linker_conc_for_growth": 3.7966777063993407,
  "Zr6_conc_adding_probability": 0.09614191342859164,
  "external_addition_activity": 0.9363755588907008
}