{
  "final_entities": 1,
  "simulated_time_seconds": 366.69334933481116,
  "event_num_link": 0,
  "event_num_grow": 15162,
  "event_num_grow_success": 14926,
  "event_num_grow_fail": 236,
  "event_num_remove": 14838,
  "event_num_to_do_nothing": 0,
  "distorted_linker_enabled": true,
  "distorted_linker_fraction": 0.02541528670008244,
  "off_pathway_linker_fraction": 0.05083057340016488,
  "effective_zr6_conc": 2.463344373066007,
  "effective_linker_conc": 3.7966777063993407,
  "external_addition_activity": 0.9363755588907008
}