{
  "1": {
    "idx": 7585,
    "x_value": 297.70390778073414
  },
  "2": {
    "idx": 11065,
    "x_value": 434.1085976895671
  },
  "3": {
    "idx": 13547,
    "x_value": 528.7348999467745
  },
  "4": {
    "idx": 13825,
    "x_value": 538.8657950608173
  },
  "5": {
    "idx": 13826,
    "x_value": 538.8939894692937
  },
  "6": {
    "idx": 13827,
    "x_value": 538.9367628001229
  },
  "7": {
    "idx": 13828,
    "x_value": 539.0031819717423
  },
  "8": {
    "idx": 13870,
    "x_value": 540.8446768409794
  },
  "9": {
    "idx": 13871,
    "x_value": 540.8683743244466
  },
  "10": {
    "idx": 13872,
    "x_value": 540.8773840124993
  },
  "11": {
    "idx": 13875,
    "x_value": 540.9575652604333
  },
  "12": {
    "idx": 13878,
    "x_value": 541.0790033246294
  },
  "13": {
    "idx": 13889,
    "x_value": 541.3885215744649
  },
  "14": {
    "idx": 13890,
    "x_value": 541.4835256664346
  },
  "15": {
    "idx": 13893,
    "x_value": 541.5210653325817
  },
  "16": {
    "idx": 13896,
    "x_value": 541.6294628406388
  },
  "17": {
    "idx": 13902,
    "x_value": 541.6694279537194
  },
  "18": {
    "idx": 13903,
    "x_value": 541.7296921715832
  },
  "19": {
    "idx": 13904,
    "x_value": 541.7404709303037
  },
  "20": {
    "idx": 13915,
    "x_value": 541.8771065528371
  },
  "21": {
    "idx": 13957,
    "x_value": 542.4494146516948
  },
  "22": {
    "idx": 13959,
    "x_value": 542.4585384456481
  },
  "23": {
    "idx": 13960,
    "x_value": 542.4709161269527
  },
  "24": {
    "idx": 14021,
    "x_value": 543.4382268708505
  },
  "25": {
    "idx": 14058,
    "x_value": 543.9752952915418
  },
  "26": {
    "idx": 14061,
    "x_value": 543.985226227275
  },
  "27": {
    "idx": 14062,
    "x_value": 543.9955312354334
  },
  "28": {
    "idx": 14065,
    "x_value": 544.0293758589174
  },
  "29": {
    "idx": 14067,
    "x_value": 544.0693339334247
  },
  "30": {
    "idx": 14068,
    "x_value": 544.0698439416154
  }
}