{
  "1": {
    "idx": 47092,
    "x_value": 2875.2454137254754
  },
  "2": {
    "idx": 47093,
    "x_value": 2875.517363045505
  },
  "3": {
    "idx": 47098,
    "x_value": 2875.6508711088463
  },
  "4": {
    "idx": 47105,
    "x_value": 2875.7569001029397
  },
  "5": {
    "idx": 47106,
    "x_value": 2875.760038433162
  },
  "6": {
    "idx": 47107,
    "x_value": 2875.7622011066646
  },
  "7": {
    "idx": 47227,
    "x_value": 2876.6440569061847
  },
  "8": {
    "idx": 47228,
    "x_value": 2876.652247366764
  },
  "9": {
    "idx": 50462,
    "x_value": 2893.2935583855674
  },
  "10": {
    "idx": 50957,
    "x_value": 2896.265776216126
  },
  "11": {
    "idx": 50960,
    "x_value": 2896.2824740451306
  },
  "12": {
    "idx": 50961,
    "x_value": 2896.2848911216115
  },
  "13": {
    "idx": 50994,
    "x_value": 2896.4334824094467
  },
  "14": {
    "idx": 50999,
    "x_value": 2896.4754081209003
  },
  "15": {
    "idx": 52012,
    "x_value": 2899.960739565737
  },
  "16": {
    "idx": 52115,
    "x_value": 2900.4127528838044
  },
  "17": {
    "idx": 52120,
    "x_value": 2900.4298293389734
  },
  "18": {
    "idx": 52180,
    "x_value": 2900.660295180034
  },
  "19": {
    "idx": 52187,
    "x_value": 2900.7037781545982
  },
  "20": {
    "idx": 52188,
    "x_value": 2900.7055998677256
  },
  "21": {
    "idx": 52199,
    "x_value": 2900.7523215432407
  },
  "22": {
    "idx": 52210,
    "x_value": 2900.7798129176126
  },
  "23": {
    "idx": 52219,
    "x_value": 2900.818087848038
  },
  "24": {
    "idx": 52220,
    "x_value": 2900.8322639342964
  },
  "25": {
    "idx": 52221,
    "x_value": 2900.8361101125574
  },
  "26": {
    "idx": 52222,
    "x_value": 2900.8416306576264
  },
  "27": {
    "idx": 52227,
    "x_value": 2900.848417978256
  },
  "28": {
    "idx": 52228,
    "x_value": 2900.854702673894
  },
  "29": {
    "idx": 52229,
    "x_value": 2900.861575748856
  },
  "30": {
    "idx": 52230,
    "x_value": 2900.861855946975
  }
}