{
  "ZR6_PERCENTAGE": 1.0,
  "Zr_conc_total": 64.0,
  "Linker_conc_total": 4.0,
  "Capping_agent_conc": 300.0,
  "equilibrium_constant_coefficient": 1.32975172557788,
  "effective_equilibrium_constant": 1.5250299510123937,
  "distorted_linker_enabled": true,
  "distorted_ligand_state": {
    "association_constant": 0.010166866340082625,
    "effective_exchange_equilibrium_constant": 1.5250299510123937,
    "acid_speciation": {
      "linker_carboxylate_to_acid_ratio": 0.0,
      "formate_to_acid_ratio": 0.0,
      "linker_carboxylic_acid_conc": 8.0,
      "formic_acid_conc": 300.0
    },
    "second_step_equivalents": 1.0,
    "total_zr6_conc": 10.666666666666666,
    "total_linker_conc": 4.0,
    "distorted_ligand_conc": 0.37876560130121983,
    "polymerized_distorted_conc": 0.37876560130121983,
    "off_pathway_zr6_conc": 0.7575312026024397,
    "off_pathway_linker_conc": 0.7575312026024397,
    "distorted_ligand_fraction": 0.09469140032530496,
    "off_pathway_linker_fraction": 0.18938280065060992,
    "off_pathway_zr6_fraction": 0.07101855024397873,
    "free_zr6_conc": 9.909135464064226,
    "free_linker_conc": 3.24246879739756,
    "free_zr6_fraction": 0.9289814497560213,
    "free_linker_fraction": 0.81061719934939
  },
  "effective_zr6_conc_for_growth": 9.909135464064226,
  "effective_linker_conc_for_growth": 3.24246879739756,
  "Zr6_conc_adding_probability": 0.3337843170952606,
  "external_addition_activity": 0.8677835796146192
}