{
  "1": {
    "idx": 15439,
    "x_value": 677.587083927961
  },
  "2": {
    "idx": 16615,
    "x_value": 729.1247954848782
  },
  "3": {
    "idx": 16616,
    "x_value": 729.1503044241334
  },
  "4": {
    "idx": 16617,
    "x_value": 729.1539295698066
  },
  "5": {
    "idx": 16636,
    "x_value": 730.00866669097
  },
  "6": {
    "idx": 16637,
    "x_value": 730.1046218580223
  },
  "7": {
    "idx": 16638,
    "x_value": 730.1215620952025
  },
  "8": {
    "idx": 16639,
    "x_value": 730.215934975065
  },
  "9": {
    "idx": 16648,
    "x_value": 730.3857747728955
  },
  "10": {
    "idx": 16651,
    "x_value": 730.4760571112288
  },
  "11": {
    "idx": 17103,
    "x_value": 735.4007055125978
  },
  "12": {
    "idx": 17106,
    "x_value": 735.428648065135
  },
  "13": {
    "idx": 17107,
    "x_value": 735.4369296131384
  },
  "14": {
    "idx": 17118,
    "x_value": 735.5101557194643
  },
  "15": {
    "idx": 17133,
    "x_value": 735.6421553151952
  },
  "16": {
    "idx": 17134,
    "x_value": 735.6523500557078
  },
  "17": {
    "idx": 17135,
    "x_value": 735.6815786619483
  },
  "18": {
    "idx": 17140,
    "x_value": 735.7680410375283
  },
  "19": {
    "idx": 17173,
    "x_value": 736.2202439786422
  },
  "20": {
    "idx": 17204,
    "x_value": 736.5144770445997
  },
  "21": {
    "idx": 17205,
    "x_value": 736.5384347480593
  },
  "22": {
    "idx": 17208,
    "x_value": 736.544078126707
  },
  "23": {
    "idx": 17211,
    "x_value": 736.6015687411439
  },
  "24": {
    "idx": 17212,
    "x_value": 736.6030337182287
  },
  "25": {
    "idx": 17223,
    "x_value": 736.7125850297562
  },
  "26": {
    "idx": 17226,
    "x_value": 736.7330011756768
  },
  "27": {
    "idx": 17229,
    "x_value": 736.7734370566343
  },
  "28": {
    "idx": 17230,
    "x_value": 736.776221172687
  },
  "29": {
    "idx": 17231,
    "x_value": 736.7854892208077
  },
  "30": {
    "idx": 17232,
    "x_value": 736.7872393434159
  }
}