{
  "1": {
    "idx": 962397,
    "x_value": 85604.18299324269
  },
  "2": {
    "idx": 962416,
    "x_value": 85604.63640094396
  },
  "3": {
    "idx": 962417,
    "x_value": 85604.6912555435
  },
  "4": {
    "idx": 962418,
    "x_value": 85604.78075768017
  },
  "5": {
    "idx": 962419,
    "x_value": 85604.8274904128
  },
  "6": {
    "idx": 962420,
    "x_value": 85604.86392074102
  },
  "7": {
    "idx": 962421,
    "x_value": 85604.86709480755
  },
  "8": {
    "idx": 962422,
    "x_value": 85604.86888831602
  },
  "9": {
    "idx": 962423,
    "x_value": 85604.87187531462
  },
  "10": {
    "idx": 962424,
    "x_value": 85604.89145647854
  },
  "11": {
    "idx": 962425,
    "x_value": 85604.89310101076
  }
}