{
  "1": {
    "idx": 109318,
    "x_value": 8819.683152181276
  },
  "2": {
    "idx": 109319,
    "x_value": 8819.68553680084
  },
  "3": {
    "idx": 109320,
    "x_value": 8819.721395441273
  },
  "4": {
    "idx": 109321,
    "x_value": 8819.72836816739
  },
  "5": {
    "idx": 109334,
    "x_value": 8819.903739515352
  },
  "6": {
    "idx": 109335,
    "x_value": 8819.904683291694
  },
  "7": {
    "idx": 109336,
    "x_value": 8819.91034052951
  },
  "8": {
    "idx": 109337,
    "x_value": 8819.934428901792
  },
  "9": {
    "idx": 109338,
    "x_value": 8819.940443902651
  },
  "10": {
    "idx": 109339,
    "x_value": 8819.95986699997
  },
  "11": {
    "idx": 109340,
    "x_value": 8819.960871645455
  }
}