{
  "1": {
    "idx": 567113,
    "x_value": 72987.92669962894
  },
  "2": {
    "idx": 567114,
    "x_value": 72988.27490374404
  },
  "3": {
    "idx": 567115,
    "x_value": 72988.27638742217
  },
  "4": {
    "idx": 567116,
    "x_value": 72988.27945962515
  },
  "5": {
    "idx": 567117,
    "x_value": 72988.29071064385
  },
  "6": {
    "idx": 567118,
    "x_value": 72988.29973727044
  },
  "7": {
    "idx": 567119,
    "x_value": 72988.29998433244
  }
}