{
  "1": {
    "idx": 40714,
    "x_value": 3654.297820559046
  },
  "2": {
    "idx": 40725,
    "x_value": 3656.2325813619477
  },
  "3": {
    "idx": 40726,
    "x_value": 3656.235380232438
  },
  "4": {
    "idx": 40727,
    "x_value": 3656.274132647626
  },
  "5": {
    "idx": 40728,
    "x_value": 3656.2750292694036
  },
  "6": {
    "idx": 40729,
    "x_value": 3656.376029548568
  },
  "7": {
    "idx": 40730,
    "x_value": 3656.3810627643525
  },
  "8": {
    "idx": 40731,
    "x_value": 3656.3903694498244
  },
  "9": {
    "idx": 40732,
    "x_value": 3656.401763406195
  },
  "10": {
    "idx": 40733,
    "x_value": 3656.4079875209513
  },
  "11": {
    "idx": 40734,
    "x_value": 3656.414061665699
  }
}