{
  "1": {
    "idx": 324397,
    "x_value": 16100.451618803398
  },
  "2": {
    "idx": 324436,
    "x_value": 16102.620741850315
  },
  "3": {
    "idx": 324437,
    "x_value": 16102.630949643097
  },
  "4": {
    "idx": 324440,
    "x_value": 16102.800187341272
  },
  "5": {
    "idx": 324441,
    "x_value": 16102.806903877134
  },
  "6": {
    "idx": 325956,
    "x_value": 16117.696998450634
  },
  "7": {
    "idx": 325959,
    "x_value": 16117.713738470731
  },
  "8": {
    "idx": 326298,
    "x_value": 16120.937327651474
  },
  "9": {
    "idx": 326986,
    "x_value": 16126.889099135265
  },
  "10": {
    "idx": 326997,
    "x_value": 16126.96234909857
  },
  "11": {
    "idx": 333665,
    "x_value": 16169.576723186156
  },
  "12": {
    "idx": 333670,
    "x_value": 16169.611496085226
  },
  "13": {
    "idx": 333713,
    "x_value": 16169.92006052034
  },
  "14": {
    "idx": 334647,
    "x_value": 16175.834614557856
  },
  "15": {
    "idx": 334670,
    "x_value": 16175.991288834517
  },
  "16": {
    "idx": 334673,
    "x_value": 16176.038806025897
  },
  "17": {
    "idx": 334674,
    "x_value": 16176.047198457169
  },
  "18": {
    "idx": 334681,
    "x_value": 16176.088030448185
  },
  "19": {
    "idx": 334682,
    "x_value": 16176.10941604996
  },
  "20": {
    "idx": 334685,
    "x_value": 16176.12259595198
  },
  "21": {
    "idx": 334688,
    "x_value": 16176.125722863198
  },
  "22": {
    "idx": 334719,
    "x_value": 16176.321340832772
  },
  "23": {
    "idx": 334722,
    "x_value": 16176.344654376799
  },
  "24": {
    "idx": 334729,
    "x_value": 16176.386341992422
  },
  "25": {
    "idx": 334732,
    "x_value": 16176.405492361153
  },
  "26": {
    "idx": 334733,
    "x_value": 16176.405836619757
  },
  "27": {
    "idx": 334734,
    "x_value": 16176.412684763995
  },
  "28": {
    "idx": 334735,
    "x_value": 16176.421296143306
  },
  "29": {
    "idx": 334736,
    "x_value": 16176.42750150152
  },
  "30": {
    "idx": 334737,
    "x_value": 16176.447954698135
  }
}