{
  "1": {
    "idx": 261015,
    "x_value": 34879.89069582151
  },
  "2": {
    "idx": 261016,
    "x_value": 34880.110730056986
  },
  "3": {
    "idx": 261017,
    "x_value": 34880.12906786767
  },
  "4": {
    "idx": 261018,
    "x_value": 34880.14037111459
  },
  "5": {
    "idx": 261019,
    "x_value": 34880.14251429148
  },
  "6": {
    "idx": 261020,
    "x_value": 34880.14341118589
  }
}