{
  "1": {
    "idx": 43520,
    "x_value": 5496.232112115023
  },
  "2": {
    "idx": 43521,
    "x_value": 5496.30456968621
  },
  "3": {
    "idx": 43522,
    "x_value": 5496.316513047044
  },
  "4": {
    "idx": 43523,
    "x_value": 5496.319980130594
  },
  "5": {
    "idx": 43524,
    "x_value": 5496.320424552732
  },
  "6": {
    "idx": 43525,
    "x_value": 5496.3236454080015
  },
  "7": {
    "idx": 43526,
    "x_value": 5496.326536719968
  }
}