{
  "1": {
    "idx": 672619,
    "x_value": 81504.89083577177
  },
  "2": {
    "idx": 672620,
    "x_value": 81505.49506964491
  },
  "3": {
    "idx": 672621,
    "x_value": 81505.49614315055
  },
  "4": {
    "idx": 672624,
    "x_value": 81505.52922617315
  },
  "5": {
    "idx": 672625,
    "x_value": 81505.55754193239
  },
  "6": {
    "idx": 672626,
    "x_value": 81505.56135679317
  },
  "7": {
    "idx": 672627,
    "x_value": 81505.56151106216
  },
  "8": {
    "idx": 672628,
    "x_value": 81505.56914808971
  }
}