{
  "1": {
    "idx": 611943,
    "x_value": 46999.57967146037
  },
  "2": {
    "idx": 611968,
    "x_value": 47000.66486389202
  },
  "3": {
    "idx": 611969,
    "x_value": 47000.69939663169
  },
  "4": {
    "idx": 611972,
    "x_value": 47000.80110411839
  },
  "5": {
    "idx": 611973,
    "x_value": 47000.83533655909
  },
  "6": {
    "idx": 654474,
    "x_value": 47250.596631871405
  },
  "7": {
    "idx": 654800,
    "x_value": 47252.464172828186
  },
  "8": {
    "idx": 654801,
    "x_value": 47252.466602211774
  },
  "9": {
    "idx": 654814,
    "x_value": 47252.54988474942
  },
  "10": {
    "idx": 667570,
    "x_value": 47296.30209019165
  },
  "11": {
    "idx": 667573,
    "x_value": 47296.32204883915
  },
  "12": {
    "idx": 667606,
    "x_value": 47296.46338855163
  },
  "13": {
    "idx": 667617,
    "x_value": 47296.50305694549
  },
  "14": {
    "idx": 668539,
    "x_value": 47298.7030119069
  },
  "15": {
    "idx": 668546,
    "x_value": 47298.737753480644
  },
  "16": {
    "idx": 668551,
    "x_value": 47298.748056940334
  },
  "17": {
    "idx": 672643,
    "x_value": 47307.63783451931
  },
  "18": {
    "idx": 673200,
    "x_value": 47308.84896210923
  },
  "19": {
    "idx": 673207,
    "x_value": 47308.87779839352
  },
  "20": {
    "idx": 673478,
    "x_value": 47309.54191016506
  },
  "21": {
    "idx": 673479,
    "x_value": 47309.54236431941
  },
  "22": {
    "idx": 673504,
    "x_value": 47309.60936973865
  },
  "23": {
    "idx": 673511,
    "x_value": 47309.62421112943
  },
  "24": {
    "idx": 673512,
    "x_value": 47309.62482438169
  },
  "25": {
    "idx": 673513,
    "x_value": 47309.62523682713
  },
  "26": {
    "idx": 673514,
    "x_value": 47309.628284010374
  },
  "27": {
    "idx": 673517,
    "x_value": 47309.63302536939
  },
  "28": {
    "idx": 673526,
    "x_value": 47309.6502296734
  },
  "29": {
    "idx": 673529,
    "x_value": 47309.65342738769
  },
  "30": {
    "idx": 673530,
    "x_value": 47309.656828347324
  }
}