{
  "1": {
    "idx": 18653,
    "x_value": 1216.0843452645483
  },
  "2": {
    "idx": 18662,
    "x_value": 1217.3481811887498
  },
  "3": {
    "idx": 18663,
    "x_value": 1217.4095744897797
  },
  "4": {
    "idx": 18664,
    "x_value": 1217.4427434851364
  },
  "5": {
    "idx": 18665,
    "x_value": 1217.5307228388597
  },
  "6": {
    "idx": 20254,
    "x_value": 1228.1511402274286
  },
  "7": {
    "idx": 20275,
    "x_value": 1228.2303939864928
  },
  "8": {
    "idx": 20278,
    "x_value": 1228.2684065171802
  },
  "9": {
    "idx": 20279,
    "x_value": 1228.302243623584
  },
  "10": {
    "idx": 24014,
    "x_value": 1244.148377921497
  },
  "11": {
    "idx": 26037,
    "x_value": 1253.1062328607939
  },
  "12": {
    "idx": 26040,
    "x_value": 1253.1142917747266
  },
  "13": {
    "idx": 34821,
    "x_value": 1281.2333135596757
  },
  "14": {
    "idx": 36422,
    "x_value": 1286.6356748607584
  },
  "15": {
    "idx": 36985,
    "x_value": 1288.3438404325261
  },
  "16": {
    "idx": 36986,
    "x_value": 1288.3473013769146
  },
  "17": {
    "idx": 37001,
    "x_value": 1288.4110754498647
  },
  "18": {
    "idx": 37315,
    "x_value": 1289.3134590173333
  },
  "19": {
    "idx": 37316,
    "x_value": 1289.3304572293239
  },
  "20": {
    "idx": 37345,
    "x_value": 1289.4272476871588
  },
  "21": {
    "idx": 37726,
    "x_value": 1290.2261549065277
  },
  "22": {
    "idx": 37737,
    "x_value": 1290.2467655685205
  },
  "23": {
    "idx": 37740,
    "x_value": 1290.2581171898657
  },
  "24": {
    "idx": 37751,
    "x_value": 1290.2918103681213
  },
  "25": {
    "idx": 37822,
    "x_value": 1290.4241032406305
  },
  "26": {
    "idx": 37827,
    "x_value": 1290.4405668083234
  },
  "27": {
    "idx": 37838,
    "x_value": 1290.4687306221622
  },
  "28": {
    "idx": 37842,
    "x_value": 1290.4704193999748
  },
  "29": {
    "idx": 37843,
    "x_value": 1290.4704628920592
  },
  "30": {
    "idx": 37844,
    "x_value": 1290.4749982912776
  }
}