{
  "1": {
    "idx": 31791,
    "x_value": 2213.1483200353855
  },
  "2": {
    "idx": 31798,
    "x_value": 2213.7759016421983
  },
  "3": {
    "idx": 31799,
    "x_value": 2213.9560495772066
  },
  "4": {
    "idx": 31800,
    "x_value": 2214.001658838395
  },
  "5": {
    "idx": 31801,
    "x_value": 2214.0323471631423
  },
  "6": {
    "idx": 37406,
    "x_value": 2251.9016441752915
  },
  "7": {
    "idx": 37565,
    "x_value": 2252.9139437408985
  },
  "8": {
    "idx": 37566,
    "x_value": 2252.939841162171
  },
  "9": {
    "idx": 44658,
    "x_value": 2283.7032693327956
  },
  "10": {
    "idx": 44909,
    "x_value": 2284.640710231366
  },
  "11": {
    "idx": 45174,
    "x_value": 2285.755646872729
  },
  "12": {
    "idx": 45183,
    "x_value": 2285.7897127481124
  },
  "13": {
    "idx": 45184,
    "x_value": 2285.7932067746096
  },
  "14": {
    "idx": 45191,
    "x_value": 2285.804736650978
  },
  "15": {
    "idx": 46777,
    "x_value": 2290.8323153778647
  },
  "16": {
    "idx": 46962,
    "x_value": 2291.3477184348717
  },
  "17": {
    "idx": 47543,
    "x_value": 2292.8279598746985
  },
  "18": {
    "idx": 47546,
    "x_value": 2292.845104292463
  },
  "19": {
    "idx": 47633,
    "x_value": 2293.04406076179
  },
  "20": {
    "idx": 47942,
    "x_value": 2293.8018283842775
  },
  "21": {
    "idx": 47961,
    "x_value": 2293.8464781701573
  },
  "22": {
    "idx": 47982,
    "x_value": 2293.8726605472116
  },
  "23": {
    "idx": 48115,
    "x_value": 2294.1661581638978
  },
  "24": {
    "idx": 48188,
    "x_value": 2294.3061125353497
  },
  "25": {
    "idx": 48193,
    "x_value": 2294.3130461290684
  },
  "26": {
    "idx": 48200,
    "x_value": 2294.330922275607
  },
  "27": {
    "idx": 48231,
    "x_value": 2294.3807042527624
  },
  "28": {
    "idx": 48232,
    "x_value": 2294.3835066268753
  },
  "29": {
    "idx": 48233,
    "x_value": 2294.383703022885
  },
  "30": {
    "idx": 48234,
    "x_value": 2294.3853894433523
  }
}