{
  "final_entities": 1,
  "simulated_time_seconds": 384.74223488304904,
  "event_num_link": 0,
  "event_num_grow": 15322,
  "event_num_grow_success": 14848,
  "event_num_grow_fail": 474,
  "event_num_remove": 14678,
  "event_num_to_do_nothing": 0,
  "distorted_linker_enabled": true,
  "distorted_linker_fraction": 0.04961535885178209,
  "off_pathway_linker_fraction": 0.09923071770356418,
  "effective_zr6_conc": 4.936410462519076,
  "effective_linker_conc": 3.6030771291857433,
  "external_addition_activity": 0.9130888760250756
}