{
  "1": {
    "idx": 53375,
    "x_value": 2263.645284924036
  },
  "2": {
    "idx": 53828,
    "x_value": 2281.802657928187
  },
  "3": {
    "idx": 53987,
    "x_value": 2289.4899065430227
  },
  "4": {
    "idx": 53988,
    "x_value": 2289.591842147676
  },
  "5": {
    "idx": 53991,
    "x_value": 2289.675072278694
  },
  "6": {
    "idx": 53992,
    "x_value": 2289.860754924188
  },
  "7": {
    "idx": 53999,
    "x_value": 2290.378876522827
  },
  "8": {
    "idx": 54000,
    "x_value": 2290.404567258954
  },
  "9": {
    "idx": 54001,
    "x_value": 2290.414734570668
  },
  "10": {
    "idx": 54022,
    "x_value": 2290.9308594349613
  },
  "11": {
    "idx": 54023,
    "x_value": 2290.9563913388556
  },
  "12": {
    "idx": 54026,
    "x_value": 2291.1782267828057
  },
  "13": {
    "idx": 54027,
    "x_value": 2291.2118811280516
  },
  "14": {
    "idx": 54028,
    "x_value": 2291.225932113535
  },
  "15": {
    "idx": 54036,
    "x_value": 2291.334670187691
  },
  "16": {
    "idx": 54037,
    "x_value": 2291.3402593135593
  },
  "17": {
    "idx": 54038,
    "x_value": 2291.3605565422977
  },
  "18": {
    "idx": 54047,
    "x_value": 2291.4851573512838
  },
  "19": {
    "idx": 54048,
    "x_value": 2291.4891182710858
  },
  "20": {
    "idx": 54049,
    "x_value": 2291.4981331745716
  },
  "21": {
    "idx": 54062,
    "x_value": 2291.6168624650577
  },
  "22": {
    "idx": 54067,
    "x_value": 2291.709646515542
  },
  "23": {
    "idx": 54068,
    "x_value": 2291.7328686679425
  },
  "24": {
    "idx": 54071,
    "x_value": 2291.765358461977
  },
  "25": {
    "idx": 54084,
    "x_value": 2291.932715218594
  },
  "26": {
    "idx": 54085,
    "x_value": 2291.9367773431636
  },
  "27": {
    "idx": 54100,
    "x_value": 2292.071096870047
  },
  "28": {
    "idx": 54101,
    "x_value": 2292.08793572437
  },
  "29": {
    "idx": 54104,
    "x_value": 2292.1046724168473
  },
  "30": {
    "idx": 54105,
    "x_value": 2292.1109233150287
  }
}