{
  "1": {
    "idx": 843349,
    "x_value": 82557.590837503
  },
  "2": {
    "idx": 843354,
    "x_value": 82558.11989882687
  },
  "3": {
    "idx": 843355,
    "x_value": 82558.15965412863
  },
  "4": {
    "idx": 843356,
    "x_value": 82558.1754090009
  },
  "5": {
    "idx": 843357,
    "x_value": 82558.17789991653
  },
  "6": {
    "idx": 860009,
    "x_value": 82625.23104977251
  },
  "7": {
    "idx": 860052,
    "x_value": 82625.42566087529
  },
  "8": {
    "idx": 860053,
    "x_value": 82625.43688124832
  },
  "9": {
    "idx": 880475,
    "x_value": 82677.84799359301
  },
  "10": {
    "idx": 880530,
    "x_value": 82678.03050998197
  },
  "11": {
    "idx": 880531,
    "x_value": 82678.03414475608
  },
  "12": {
    "idx": 880784,
    "x_value": 82678.57905308611
  },
  "13": {
    "idx": 895595,
    "x_value": 82703.70517008485
  },
  "14": {
    "idx": 895596,
    "x_value": 82703.71220741647
  },
  "15": {
    "idx": 895611,
    "x_value": 82703.76956509046
  },
  "16": {
    "idx": 901065,
    "x_value": 82711.27077872289
  },
  "17": {
    "idx": 901312,
    "x_value": 82711.57328138595
  },
  "18": {
    "idx": 901323,
    "x_value": 82711.58883518208
  },
  "19": {
    "idx": 901354,
    "x_value": 82711.62747741722
  },
  "20": {
    "idx": 901466,
    "x_value": 82711.77743326391
  },
  "21": {
    "idx": 901831,
    "x_value": 82712.14847340372
  },
  "22": {
    "idx": 901856,
    "x_value": 82712.17328535792
  },
  "23": {
    "idx": 901995,
    "x_value": 82712.30751266688
  },
  "24": {
    "idx": 902034,
    "x_value": 82712.33516933414
  },
  "25": {
    "idx": 902035,
    "x_value": 82712.33936065967
  },
  "26": {
    "idx": 902044,
    "x_value": 82712.35180460737
  },
  "27": {
    "idx": 902139,
    "x_value": 82712.45497962249
  },
  "28": {
    "idx": 902140,
    "x_value": 82712.45499626776
  },
  "29": {
    "idx": 902143,
    "x_value": 82712.45821290724
  },
  "30": {
    "idx": 902144,
    "x_value": 82712.45869889086
  }
}