{
  "1": {
    "idx": 7006367,
    "x_value": 910425.2338192859
  },
  "2": {
    "idx": 7006368,
    "x_value": 910425.253718265
  },
  "3": {
    "idx": 7006369,
    "x_value": 910425.2538963472
  },
  "4": {
    "idx": 7006372,
    "x_value": 910425.2710168649
  },
  "5": {
    "idx": 7006373,
    "x_value": 910425.2719645385
  },
  "6": {
    "idx": 7006376,
    "x_value": 910425.2832087886
  },
  "7": {
    "idx": 7006377,
    "x_value": 910425.2837552744
  },
  "8": {
    "idx": 7006378,
    "x_value": 910425.2837703087
  }
}