{
  "1": {
    "idx": 34934,
    "x_value": 4637.2297865629125
  },
  "2": {
    "idx": 34935,
    "x_value": 4637.463339127453
  },
  "3": {
    "idx": 34936,
    "x_value": 4637.480137214139
  },
  "4": {
    "idx": 34937,
    "x_value": 4637.485695111327
  },
  "5": {
    "idx": 34938,
    "x_value": 4637.493515413112
  },
  "6": {
    "idx": 34939,
    "x_value": 4637.4941481234755
  }
}