{
  "1": {
    "idx": 19556,
    "x_value": 823.7053133287637
  },
  "2": {
    "idx": 19851,
    "x_value": 836.0986604513652
  },
  "3": {
    "idx": 19856,
    "x_value": 836.1902678491431
  },
  "4": {
    "idx": 19863,
    "x_value": 836.9563980337714
  },
  "5": {
    "idx": 19870,
    "x_value": 837.0570965451311
  },
  "6": {
    "idx": 19871,
    "x_value": 837.0619186536991
  },
  "7": {
    "idx": 19872,
    "x_value": 837.1142640697269
  },
  "8": {
    "idx": 19875,
    "x_value": 837.1753275771138
  },
  "9": {
    "idx": 19876,
    "x_value": 837.1920863123866
  },
  "10": {
    "idx": 20280,
    "x_value": 841.7318915062663
  },
  "11": {
    "idx": 21120,
    "x_value": 850.7728331515987
  },
  "12": {
    "idx": 21371,
    "x_value": 853.5347128003084
  },
  "13": {
    "idx": 21372,
    "x_value": 853.5592132663928
  },
  "14": {
    "idx": 21375,
    "x_value": 853.6206517597541
  },
  "15": {
    "idx": 21376,
    "x_value": 853.6301773635743
  },
  "16": {
    "idx": 21377,
    "x_value": 853.6374491612985
  },
  "17": {
    "idx": 21392,
    "x_value": 853.8120701171038
  },
  "18": {
    "idx": 21393,
    "x_value": 853.817357240964
  },
  "19": {
    "idx": 21402,
    "x_value": 853.8846063370784
  },
  "20": {
    "idx": 21403,
    "x_value": 853.9093866807908
  },
  "21": {
    "idx": 21404,
    "x_value": 853.9243896556986
  },
  "22": {
    "idx": 21411,
    "x_value": 853.9832354055764
  },
  "23": {
    "idx": 21424,
    "x_value": 854.1839574811185
  },
  "24": {
    "idx": 21438,
    "x_value": 854.3876389438445
  },
  "25": {
    "idx": 21443,
    "x_value": 854.4341673030123
  },
  "26": {
    "idx": 21465,
    "x_value": 854.6654732973319
  },
  "27": {
    "idx": 21466,
    "x_value": 854.6835042502953
  },
  "28": {
    "idx": 21469,
    "x_value": 854.7036110235712
  },
  "29": {
    "idx": 21470,
    "x_value": 854.7113726129649
  },
  "30": {
    "idx": 21471,
    "x_value": 854.7211274656614
  }
}