{
  "1": {
    "idx": 307026,
    "x_value": 13837.879356686586
  },
  "2": {
    "idx": 307067,
    "x_value": 13839.53035969665
  },
  "3": {
    "idx": 307110,
    "x_value": 13840.716485494042
  },
  "4": {
    "idx": 307119,
    "x_value": 13841.090626349936
  },
  "5": {
    "idx": 307132,
    "x_value": 13841.415091702702
  },
  "6": {
    "idx": 307133,
    "x_value": 13841.434336653132
  },
  "7": {
    "idx": 307136,
    "x_value": 13841.481362376267
  },
  "8": {
    "idx": 307137,
    "x_value": 13841.488755055258
  },
  "9": {
    "idx": 307139,
    "x_value": 13841.500346322167
  },
  "10": {
    "idx": 307218,
    "x_value": 13842.388041305474
  },
  "11": {
    "idx": 307241,
    "x_value": 13842.770674586012
  },
  "12": {
    "idx": 307460,
    "x_value": 13844.763314432685
  },
  "13": {
    "idx": 307467,
    "x_value": 13844.836278644896
  },
  "14": {
    "idx": 307752,
    "x_value": 13846.721009151132
  },
  "15": {
    "idx": 307837,
    "x_value": 13847.455397505646
  },
  "16": {
    "idx": 307838,
    "x_value": 13847.465050680983
  },
  "17": {
    "idx": 307941,
    "x_value": 13848.21527460963
  },
  "18": {
    "idx": 307942,
    "x_value": 13848.237612276213
  },
  "19": {
    "idx": 307945,
    "x_value": 13848.259173507586
  },
  "20": {
    "idx": 308070,
    "x_value": 13849.095902213576
  },
  "21": {
    "idx": 308077,
    "x_value": 13849.126070471146
  },
  "22": {
    "idx": 308078,
    "x_value": 13849.128098630697
  },
  "23": {
    "idx": 308083,
    "x_value": 13849.165178474603
  },
  "24": {
    "idx": 308084,
    "x_value": 13849.16644766271
  },
  "25": {
    "idx": 308087,
    "x_value": 13849.188436694998
  },
  "26": {
    "idx": 308092,
    "x_value": 13849.248005130084
  },
  "27": {
    "idx": 308105,
    "x_value": 13849.342989618173
  },
  "28": {
    "idx": 308106,
    "x_value": 13849.356374093757
  },
  "29": {
    "idx": 308107,
    "x_value": 13849.360303431557
  },
  "30": {
    "idx": 308108,
    "x_value": 13849.360545815307
  }
}