{
  "1": {
    "idx": 417509,
    "x_value": 54495.735733500005
  },
  "2": {
    "idx": 417510,
    "x_value": 54495.77808992828
  },
  "3": {
    "idx": 417511,
    "x_value": 54495.78670281942
  },
  "4": {
    "idx": 417512,
    "x_value": 54495.7888928829
  },
  "5": {
    "idx": 417513,
    "x_value": 54495.790040721135
  },
  "6": {
    "idx": 417514,
    "x_value": 54495.79100913743
  },
  "7": {
    "idx": 417515,
    "x_value": 54495.79298568346
  }
}