{
  "1": {
    "idx": 98424,
    "x_value": 13140.612741749943
  },
  "2": {
    "idx": 98425,
    "x_value": 13140.71758556927
  },
  "3": {
    "idx": 98426,
    "x_value": 13140.73060823934
  },
  "4": {
    "idx": 98427,
    "x_value": 13140.736005051973
  },
  "5": {
    "idx": 98428,
    "x_value": 13140.741004072179
  },
  "6": {
    "idx": 98429,
    "x_value": 13140.742897599248
  },
  "7": {
    "idx": 98430,
    "x_value": 13140.745580624553
  }
}