{
  "1": {
    "idx": 589715,
    "x_value": 76779.14534231523
  },
  "2": {
    "idx": 589716,
    "x_value": 76779.8245495936
  },
  "3": {
    "idx": 589717,
    "x_value": 76779.85261311603
  },
  "4": {
    "idx": 589718,
    "x_value": 76779.85502415244
  },
  "5": {
    "idx": 589719,
    "x_value": 76779.8689152102
  },
  "6": {
    "idx": 589720,
    "x_value": 76779.87586035776
  },
  "7": {
    "idx": 589721,
    "x_value": 76779.8780668133
  }
}