{
  "1": {
    "idx": 155519,
    "x_value": 7019.922706092946
  },
  "2": {
    "idx": 155520,
    "x_value": 7020.535284065996
  },
  "3": {
    "idx": 155521,
    "x_value": 7020.707942980809
  },
  "4": {
    "idx": 155524,
    "x_value": 7020.781440371993
  },
  "5": {
    "idx": 155525,
    "x_value": 7020.896640479255
  },
  "6": {
    "idx": 155526,
    "x_value": 7020.914498672111
  },
  "7": {
    "idx": 155527,
    "x_value": 7020.924018938756
  },
  "8": {
    "idx": 156682,
    "x_value": 7033.444841151583
  },
  "9": {
    "idx": 156689,
    "x_value": 7033.537922632211
  },
  "10": {
    "idx": 156690,
    "x_value": 7033.582271021576
  },
  "11": {
    "idx": 157427,
    "x_value": 7040.6737816658415
  },
  "12": {
    "idx": 157430,
    "x_value": 7040.692664453272
  },
  "13": {
    "idx": 157439,
    "x_value": 7040.901172379439
  },
  "14": {
    "idx": 157440,
    "x_value": 7040.903006942616
  },
  "15": {
    "idx": 157441,
    "x_value": 7040.944929225442
  },
  "16": {
    "idx": 157444,
    "x_value": 7040.954064080111
  },
  "17": {
    "idx": 157445,
    "x_value": 7040.964315115419
  },
  "18": {
    "idx": 157446,
    "x_value": 7040.965998009332
  },
  "19": {
    "idx": 157447,
    "x_value": 7040.9769542708345
  },
  "20": {
    "idx": 157448,
    "x_value": 7040.9774202919625
  },
  "21": {
    "idx": 157449,
    "x_value": 7040.9791794937555
  },
  "22": {
    "idx": 157450,
    "x_value": 7040.983556197995
  },
  "23": {
    "idx": 157453,
    "x_value": 7040.996052206703
  },
  "24": {
    "idx": 157454,
    "x_value": 7041.015446834827
  },
  "25": {
    "idx": 157463,
    "x_value": 7041.099736683247
  },
  "26": {
    "idx": 157464,
    "x_value": 7041.112531913927
  },
  "27": {
    "idx": 157465,
    "x_value": 7041.118301437106
  },
  "28": {
    "idx": 157466,
    "x_value": 7041.135710642518
  },
  "29": {
    "idx": 157467,
    "x_value": 7041.138540799336
  },
  "30": {
    "idx": 157468,
    "x_value": 7041.139565054785
  }
}