{
  "1": {
    "idx": 51694,
    "x_value": 7070.977385676141
  },
  "2": {
    "idx": 51695,
    "x_value": 7070.994234419009
  },
  "3": {
    "idx": 51696,
    "x_value": 7071.000739587124
  },
  "4": {
    "idx": 51697,
    "x_value": 7071.008786107818
  },
  "5": {
    "idx": 51698,
    "x_value": 7071.010087656137
  },
  "6": {
    "idx": 51699,
    "x_value": 7071.020904087128
  }
}