{
  "1": {
    "idx": 96079,
    "x_value": 11464.613541414052
  },
  "2": {
    "idx": 96084,
    "x_value": 11464.769368683446
  },
  "3": {
    "idx": 96085,
    "x_value": 11464.775240484647
  },
  "4": {
    "idx": 96086,
    "x_value": 11464.783648142635
  },
  "5": {
    "idx": 96087,
    "x_value": 11464.791246959709
  },
  "6": {
    "idx": 96088,
    "x_value": 11464.791587815562
  },
  "7": {
    "idx": 96089,
    "x_value": 11464.802518741948
  },
  "8": {
    "idx": 96090,
    "x_value": 11464.814086957695
  }
}