{
  "1": {
    "idx": 12039,
    "x_value": 1207.2381274693855
  },
  "2": {
    "idx": 12042,
    "x_value": 1207.8625567071779
  },
  "3": {
    "idx": 12045,
    "x_value": 1207.908503565728
  },
  "4": {
    "idx": 12046,
    "x_value": 1207.928909198164
  },
  "5": {
    "idx": 12047,
    "x_value": 1207.929422873734
  },
  "6": {
    "idx": 12048,
    "x_value": 1207.931366040743
  },
  "7": {
    "idx": 12049,
    "x_value": 1207.9347812047267
  },
  "8": {
    "idx": 12050,
    "x_value": 1207.9372570577225
  },
  "9": {
    "idx": 12051,
    "x_value": 1207.9416793242754
  }
}