{
  "1": {
    "idx": 38419,
    "x_value": 1608.6791216540337
  },
  "2": {
    "idx": 38819,
    "x_value": 1624.4281493467695
  },
  "3": {
    "idx": 38826,
    "x_value": 1624.741902697586
  },
  "4": {
    "idx": 38827,
    "x_value": 1624.8184691877016
  },
  "5": {
    "idx": 38828,
    "x_value": 1624.8327648072325
  },
  "6": {
    "idx": 38831,
    "x_value": 1624.9383315413183
  },
  "7": {
    "idx": 38832,
    "x_value": 1624.9414339753293
  },
  "8": {
    "idx": 38846,
    "x_value": 1625.140026411743
  },
  "9": {
    "idx": 38847,
    "x_value": 1625.1595155499292
  },
  "10": {
    "idx": 38850,
    "x_value": 1625.1876958752212
  },
  "11": {
    "idx": 38851,
    "x_value": 1625.1970863931235
  },
  "12": {
    "idx": 38852,
    "x_value": 1625.1978607216963
  },
  "13": {
    "idx": 39339,
    "x_value": 1630.5024044800487
  },
  "14": {
    "idx": 39346,
    "x_value": 1630.5871467176057
  },
  "15": {
    "idx": 39393,
    "x_value": 1631.141834490431
  },
  "16": {
    "idx": 39560,
    "x_value": 1632.6232139373383
  },
  "17": {
    "idx": 39757,
    "x_value": 1634.0927472277729
  },
  "18": {
    "idx": 39758,
    "x_value": 1634.0951213687397
  },
  "19": {
    "idx": 39766,
    "x_value": 1634.1967295786746
  },
  "20": {
    "idx": 39767,
    "x_value": 1634.2004903896159
  },
  "21": {
    "idx": 39786,
    "x_value": 1634.416868167379
  },
  "22": {
    "idx": 39787,
    "x_value": 1634.4238600523977
  },
  "23": {
    "idx": 39792,
    "x_value": 1634.4752994867292
  },
  "24": {
    "idx": 39793,
    "x_value": 1634.4910991823444
  },
  "25": {
    "idx": 39804,
    "x_value": 1634.6511764693244
  },
  "26": {
    "idx": 39805,
    "x_value": 1634.6539180038242
  },
  "27": {
    "idx": 39806,
    "x_value": 1634.654935858921
  },
  "28": {
    "idx": 39807,
    "x_value": 1634.6550883998739
  },
  "29": {
    "idx": 39808,
    "x_value": 1634.6613306664985
  },
  "30": {
    "idx": 39809,
    "x_value": 1634.6757666720157
  }
}