{
  "1": {
    "idx": 21536,
    "x_value": 904.3299740147652
  },
  "2": {
    "idx": 21590,
    "x_value": 907.2169078711755
  },
  "3": {
    "idx": 21597,
    "x_value": 907.8003090387833
  },
  "4": {
    "idx": 21598,
    "x_value": 907.8193329437471
  },
  "5": {
    "idx": 21599,
    "x_value": 907.8571115427168
  },
  "6": {
    "idx": 21600,
    "x_value": 907.8576645130576
  },
  "7": {
    "idx": 21621,
    "x_value": 908.7379533481378
  },
  "8": {
    "idx": 21626,
    "x_value": 909.0995621553767
  },
  "9": {
    "idx": 22081,
    "x_value": 914.5753681941403
  },
  "10": {
    "idx": 22082,
    "x_value": 914.5858225646456
  },
  "11": {
    "idx": 22172,
    "x_value": 915.6146703755445
  },
  "12": {
    "idx": 22173,
    "x_value": 915.6679463003284
  },
  "13": {
    "idx": 22174,
    "x_value": 915.7013685498264
  },
  "14": {
    "idx": 22175,
    "x_value": 915.7289058511116
  },
  "15": {
    "idx": 22178,
    "x_value": 915.7631241350261
  },
  "16": {
    "idx": 22193,
    "x_value": 915.8861932363217
  },
  "17": {
    "idx": 22202,
    "x_value": 916.0763193164997
  },
  "18": {
    "idx": 22207,
    "x_value": 916.1191823514317
  },
  "19": {
    "idx": 22208,
    "x_value": 916.15185758036
  },
  "20": {
    "idx": 22211,
    "x_value": 916.1552113984437
  },
  "21": {
    "idx": 22212,
    "x_value": 916.1565371137782
  },
  "22": {
    "idx": 22273,
    "x_value": 916.8458348399905
  },
  "23": {
    "idx": 22274,
    "x_value": 916.8547628309298
  },
  "24": {
    "idx": 22275,
    "x_value": 916.8559598430346
  },
  "25": {
    "idx": 22276,
    "x_value": 916.861275806315
  },
  "26": {
    "idx": 22285,
    "x_value": 916.9791974632142
  },
  "27": {
    "idx": 22286,
    "x_value": 916.9842655707689
  },
  "28": {
    "idx": 22287,
    "x_value": 916.9997083342688
  },
  "29": {
    "idx": 22288,
    "x_value": 917.0022616469428
  },
  "30": {
    "idx": 22289,
    "x_value": 917.0028223983597
  }
}