{
  "1": {
    "idx": 127014,
    "x_value": 15939.41979678669
  },
  "2": {
    "idx": 127015,
    "x_value": 15939.447657149141
  },
  "3": {
    "idx": 127016,
    "x_value": 15939.496263252471
  },
  "4": {
    "idx": 127017,
    "x_value": 15939.500836451209
  },
  "5": {
    "idx": 127018,
    "x_value": 15939.504580763565
  },
  "6": {
    "idx": 127019,
    "x_value": 15939.505869552824
  },
  "7": {
    "idx": 127020,
    "x_value": 15939.509273672189
  },
  "8": {
    "idx": 127021,
    "x_value": 15939.514244226475
  }
}