{
  "1": {
    "idx": 572606,
    "x_value": 25734.819298397375
  },
  "2": {
    "idx": 572647,
    "x_value": 25736.912029700932
  },
  "3": {
    "idx": 572648,
    "x_value": 25736.927365610616
  },
  "4": {
    "idx": 572657,
    "x_value": 25737.29271152779
  },
  "5": {
    "idx": 572658,
    "x_value": 25737.37936555844
  },
  "6": {
    "idx": 572661,
    "x_value": 25737.504937345202
  },
  "7": {
    "idx": 572664,
    "x_value": 25737.57627470099
  },
  "8": {
    "idx": 572665,
    "x_value": 25737.600162223916
  },
  "9": {
    "idx": 572666,
    "x_value": 25737.62115009633
  },
  "10": {
    "idx": 573550,
    "x_value": 25746.960718045328
  },
  "11": {
    "idx": 573553,
    "x_value": 25746.96684397631
  },
  "12": {
    "idx": 573554,
    "x_value": 25746.998207197572
  },
  "13": {
    "idx": 573559,
    "x_value": 25747.03566862993
  },
  "14": {
    "idx": 573719,
    "x_value": 25748.259732776245
  },
  "15": {
    "idx": 573728,
    "x_value": 25748.348080724954
  },
  "16": {
    "idx": 573839,
    "x_value": 25749.157524910428
  },
  "17": {
    "idx": 573870,
    "x_value": 25749.34780706492
  },
  "18": {
    "idx": 573871,
    "x_value": 25749.374027855047
  },
  "19": {
    "idx": 573888,
    "x_value": 25749.51734365684
  },
  "20": {
    "idx": 573893,
    "x_value": 25749.568386700685
  },
  "21": {
    "idx": 573894,
    "x_value": 25749.580545768284
  },
  "22": {
    "idx": 573899,
    "x_value": 25749.668159003326
  },
  "23": {
    "idx": 573900,
    "x_value": 25749.673365391183
  },
  "24": {
    "idx": 573909,
    "x_value": 25749.752736804974
  },
  "25": {
    "idx": 573910,
    "x_value": 25749.755887184234
  },
  "26": {
    "idx": 573911,
    "x_value": 25749.765393388356
  },
  "27": {
    "idx": 573912,
    "x_value": 25749.773784783352
  },
  "28": {
    "idx": 573913,
    "x_value": 25749.7901614342
  },
  "29": {
    "idx": 573914,
    "x_value": 25749.794479935794
  },
  "30": {
    "idx": 573915,
    "x_value": 25749.7967113835
  }
}