{
  "1": {
    "idx": 0,
    "x_value": 0.0
  },
  "2": {
    "idx": 424,
    "x_value": 17.018753080444796
  },
  "3": {
    "idx": 2181,
    "x_value": 86.45943375486578
  },
  "4": {
    "idx": 2182,
    "x_value": 86.48979470031988
  },
  "5": {
    "idx": 2183,
    "x_value": 86.52604169659017
  },
  "6": {
    "idx": 2186,
    "x_value": 86.59000337820213
  },
  "7": {
    "idx": 2189,
    "x_value": 86.65673425937833
  },
  "8": {
    "idx": 2202,
    "x_value": 87.04829709775028
  },
  "9": {
    "idx": 2203,
    "x_value": 87.11211605014469
  },
  "10": {
    "idx": 2204,
    "x_value": 87.19481661840204
  },
  "11": {
    "idx": 2213,
    "x_value": 87.47813371732987
  },
  "12": {
    "idx": 2216,
    "x_value": 87.67950775953307
  },
  "13": {
    "idx": 2219,
    "x_value": 87.87922285404234
  },
  "14": {
    "idx": 2224,
    "x_value": 87.97149556085083
  },
  "15": {
    "idx": 2225,
    "x_value": 87.97412192996295
  },
  "16": {
    "idx": 2226,
    "x_value": 87.98743669459228
  },
  "17": {
    "idx": 2229,
    "x_value": 88.12450032356207
  },
  "18": {
    "idx": 2230,
    "x_value": 88.14351157705325
  },
  "19": {
    "idx": 2233,
    "x_value": 88.26175642897239
  },
  "20": {
    "idx": 2236,
    "x_value": 88.2685429779007
  },
  "21": {
    "idx": 2251,
    "x_value": 88.6927104491183
  },
  "22": {
    "idx": 2262,
    "x_value": 88.91537155678385
  },
  "23": {
    "idx": 2263,
    "x_value": 88.93995720543926
  },
  "24": {
    "idx": 2268,
    "x_value": 88.99303054371012
  },
  "25": {
    "idx": 2269,
    "x_value": 88.99398114915277
  },
  "26": {
    "idx": 2270,
    "x_value": 89.01647006599356
  },
  "27": {
    "idx": 2271,
    "x_value": 89.01910911730242
  },
  "28": {
    "idx": 2272,
    "x_value": 89.02290893046347
  },
  "29": {
    "idx": 2273,
    "x_value": 89.02350911104595
  },
  "30": {
    "idx": 2274,
    "x_value": 89.03433176076696
  }
}