{
  "ZR6_PERCENTAGE": 1.0,
  "Zr_conc_total": 48.0,
  "Linker_conc_total": 4.0,
  "Capping_agent_conc": 300.0,
  "equilibrium_constant_coefficient": 1.32975172557788,
  "effective_equilibrium_constant": 1.5250299510123937,
  "distorted_linker_enabled": true,
  "distorted_ligand_state": {
    "association_constant": 0.010166866340082625,
    "effective_exchange_equilibrium_constant": 1.5250299510123937,
    "acid_speciation": {
      "linker_carboxylate_to_acid_ratio": 0.0,
      "formate_to_acid_ratio": 0.0,
      "linker_carboxylic_acid_conc": 8.0,
      "formic_acid_conc": 300.0
    },
    "second_step_equivalents": 1.0,
    "total_zr6_conc": 8.0,
    "total_linker_conc": 4.0,
    "distorted_ligand_conc": 0.2907293815900418,
    "polymerized_distorted_conc": 0.2907293815900418,
    "off_pathway_zr6_conc": 0.5814587631800836,
    "off_pathway_linker_conc": 0.5814587631800836,
    "distorted_ligand_fraction": 0.07268234539751045,
    "off_pathway_linker_fraction": 0.1453646907950209,
    "off_pathway_zr6_fraction": 0.07268234539751045,
    "free_zr6_conc": 7.418541236819916,
    "free_linker_conc": 3.4185412368199164,
    "free_zr6_fraction": 0.9273176546024895,
    "free_linker_fraction": 0.8546353092049791
  },
  "effective_zr6_conc_for_growth": 7.418541236819916,
  "effective_linker_conc_for_growth": 3.4185412368199164,
  "Zr6_conc_adding_probability": 0.2624115359646217,
  "external_addition_activity": 0.8902350310296908
}