{
  "final_entities": 1,
  "simulated_time_seconds": 383.3142999209083,
  "event_num_link": 0,
  "event_num_grow": 15431,
  "event_num_grow_success": 14739,
  "event_num_grow_fail": 692,
  "event_num_remove": 14569,
  "event_num_to_do_nothing": 0,
  "distorted_linker_enabled": true,
  "distorted_linker_fraction": 0.07268234539751045,
  "off_pathway_linker_fraction": 0.1453646907950209,
  "effective_zr6_conc": 7.418541236819916,
  "effective_linker_conc": 3.4185412368199164,
  "external_addition_activity": 0.8902350310296908
}