{
  "1": {
    "idx": 167886,
    "x_value": 24001.492346171563
  },
  "2": {
    "idx": 167889,
    "x_value": 24001.549427106143
  },
  "3": {
    "idx": 167890,
    "x_value": 24001.553619642626
  },
  "4": {
    "idx": 167891,
    "x_value": 24001.553866316626
  },
  "5": {
    "idx": 167892,
    "x_value": 24001.55451143243
  }
}