{
  "1": {
    "idx": 266845,
    "x_value": 24645.717917318725
  },
  "2": {
    "idx": 266846,
    "x_value": 24645.9476360027
  },
  "3": {
    "idx": 266847,
    "x_value": 24645.97970353513
  },
  "4": {
    "idx": 266848,
    "x_value": 24645.988828316466
  },
  "5": {
    "idx": 266849,
    "x_value": 24646.00047647041
  },
  "6": {
    "idx": 266850,
    "x_value": 24646.016956880878
  },
  "7": {
    "idx": 266851,
    "x_value": 24646.040211881296
  },
  "8": {
    "idx": 266852,
    "x_value": 24646.045839458075
  },
  "9": {
    "idx": 266853,
    "x_value": 24646.061087987826
  },
  "10": {
    "idx": 266854,
    "x_value": 24646.075212172396
  },
  "11": {
    "idx": 266855,
    "x_value": 24646.07534042638
  }
}