{
  "1": {
    "idx": 2,
    "x_value": 0.13736207675043
  },
  "2": {
    "idx": 2549,
    "x_value": 99.22028719317117
  },
  "3": {
    "idx": 7978,
    "x_value": 314.91830100893424
  },
  "4": {
    "idx": 7983,
    "x_value": 315.0612596861762
  },
  "5": {
    "idx": 8119,
    "x_value": 320.68267463461035
  },
  "6": {
    "idx": 8166,
    "x_value": 322.83076458842476
  },
  "7": {
    "idx": 8173,
    "x_value": 323.1548706619167
  },
  "8": {
    "idx": 8190,
    "x_value": 323.5903060001021
  },
  "9": {
    "idx": 8210,
    "x_value": 324.3903738229853
  },
  "10": {
    "idx": 8215,
    "x_value": 324.4668502374028
  },
  "11": {
    "idx": 8228,
    "x_value": 324.8876971880009
  },
  "12": {
    "idx": 8231,
    "x_value": 324.9598752188837
  },
  "13": {
    "idx": 8232,
    "x_value": 325.2863849233966
  },
  "14": {
    "idx": 8233,
    "x_value": 325.3612483265503
  },
  "15": {
    "idx": 8234,
    "x_value": 325.3847457035766
  },
  "16": {
    "idx": 8235,
    "x_value": 325.4013098749446
  },
  "17": {
    "idx": 8238,
    "x_value": 325.47286489510435
  },
  "18": {
    "idx": 8239,
    "x_value": 325.4987925073269
  },
  "19": {
    "idx": 8240,
    "x_value": 325.5208851324608
  },
  "20": {
    "idx": 8241,
    "x_value": 325.5304792668844
  },
  "21": {
    "idx": 8242,
    "x_value": 325.5382032311263
  },
  "22": {
    "idx": 8243,
    "x_value": 325.5733065328105
  },
  "23": {
    "idx": 8244,
    "x_value": 325.58308509089693
  },
  "24": {
    "idx": 8245,
    "x_value": 325.6632790808567
  },
  "25": {
    "idx": 8253,
    "x_value": 325.7742031086553
  },
  "26": {
    "idx": 8254,
    "x_value": 325.7808642902329
  },
  "27": {
    "idx": 8259,
    "x_value": 325.8126745173924
  },
  "28": {
    "idx": 8260,
    "x_value": 325.8204385402882
  },
  "29": {
    "idx": 8263,
    "x_value": 325.83934733675494
  },
  "30": {
    "idx": 8264,
    "x_value": 325.84386303727683
  }
}