{
  "1": {
    "idx": 706009,
    "x_value": 87869.37848851905
  },
  "2": {
    "idx": 706010,
    "x_value": 87869.39029790038
  },
  "3": {
    "idx": 706011,
    "x_value": 87869.39043715778
  },
  "4": {
    "idx": 706014,
    "x_value": 87869.43017861916
  },
  "5": {
    "idx": 706015,
    "x_value": 87869.43152215725
  },
  "6": {
    "idx": 706016,
    "x_value": 87869.4451934176
  },
  "7": {
    "idx": 706017,
    "x_value": 87869.4467280594
  },
  "8": {
    "idx": 706018,
    "x_value": 87869.45201157282
  }
}