{
  "1": {
    "idx": 290682,
    "x_value": 31588.203524947832
  },
  "2": {
    "idx": 290683,
    "x_value": 31588.26057351138
  },
  "3": {
    "idx": 290686,
    "x_value": 31588.30132912575
  },
  "4": {
    "idx": 290687,
    "x_value": 31588.307498240934
  },
  "5": {
    "idx": 290688,
    "x_value": 31588.312228006955
  },
  "6": {
    "idx": 290689,
    "x_value": 31588.331992874588
  },
  "7": {
    "idx": 290690,
    "x_value": 31588.36030220393
  },
  "8": {
    "idx": 290691,
    "x_value": 31588.363026066992
  },
  "9": {
    "idx": 290692,
    "x_value": 31588.378963554707
  }
}