{
  "1": {
    "idx": 906979,
    "x_value": 81012.88730268342
  },
  "2": {
    "idx": 906980,
    "x_value": 81012.94104368429
  },
  "3": {
    "idx": 906981,
    "x_value": 81013.00627988334
  },
  "4": {
    "idx": 906982,
    "x_value": 81013.08159044778
  },
  "5": {
    "idx": 906985,
    "x_value": 81013.09520877601
  },
  "6": {
    "idx": 911874,
    "x_value": 81037.80656823696
  },
  "7": {
    "idx": 911893,
    "x_value": 81037.91290252778
  },
  "8": {
    "idx": 911946,
    "x_value": 81038.18295977793
  },
  "9": {
    "idx": 924731,
    "x_value": 81077.06618719835
  },
  "10": {
    "idx": 924900,
    "x_value": 81077.53439218385
  },
  "11": {
    "idx": 924921,
    "x_value": 81077.6265406533
  },
  "12": {
    "idx": 924948,
    "x_value": 81077.67214433533
  },
  "13": {
    "idx": 944250,
    "x_value": 81117.87760798307
  },
  "14": {
    "idx": 944253,
    "x_value": 81117.89578024435
  },
  "15": {
    "idx": 944268,
    "x_value": 81117.9637340284
  },
  "16": {
    "idx": 944283,
    "x_value": 81117.97468190086
  },
  "17": {
    "idx": 944314,
    "x_value": 81118.03726506731
  },
  "18": {
    "idx": 944528,
    "x_value": 81118.45235515067
  },
  "19": {
    "idx": 944800,
    "x_value": 81118.85163408867
  },
  "20": {
    "idx": 944879,
    "x_value": 81118.98330606666
  },
  "21": {
    "idx": 945159,
    "x_value": 81119.3601539591
  },
  "22": {
    "idx": 945196,
    "x_value": 81119.41941936579
  },
  "23": {
    "idx": 945329,
    "x_value": 81119.64298814595
  },
  "24": {
    "idx": 945338,
    "x_value": 81119.66021143159
  },
  "25": {
    "idx": 945367,
    "x_value": 81119.69549435072
  },
  "26": {
    "idx": 945390,
    "x_value": 81119.72393426386
  },
  "27": {
    "idx": 945399,
    "x_value": 81119.72951984678
  },
  "28": {
    "idx": 945402,
    "x_value": 81119.73306474034
  },
  "29": {
    "idx": 945423,
    "x_value": 81119.76033469675
  },
  "30": {
    "idx": 945424,
    "x_value": 81119.7643281179
  }
}