{
  "1": {
    "idx": 598440,
    "x_value": 59512.04102613651
  },
  "2": {
    "idx": 598441,
    "x_value": 59512.21320245133
  },
  "3": {
    "idx": 598442,
    "x_value": 59512.26998078939
  },
  "4": {
    "idx": 598447,
    "x_value": 59512.30815142887
  },
  "5": {
    "idx": 598450,
    "x_value": 59512.342622805416
  },
  "6": {
    "idx": 598459,
    "x_value": 59512.437035376664
  },
  "7": {
    "idx": 598460,
    "x_value": 59512.46773903253
  },
  "8": {
    "idx": 598461,
    "x_value": 59512.46778484747
  },
  "9": {
    "idx": 598462,
    "x_value": 59512.47716633152
  },
  "10": {
    "idx": 598463,
    "x_value": 59512.48239707504
  },
  "11": {
    "idx": 598464,
    "x_value": 59512.49276799274
  },
  "12": {
    "idx": 598465,
    "x_value": 59512.49304616316
  }
}