{
  "1": {
    "idx": 131204,
    "x_value": 6559.508178966052
  },
  "2": {
    "idx": 131259,
    "x_value": 6561.640098389805
  },
  "3": {
    "idx": 131264,
    "x_value": 6562.037504238329
  },
  "4": {
    "idx": 131267,
    "x_value": 6562.141623275116
  },
  "5": {
    "idx": 131276,
    "x_value": 6562.344659061522
  },
  "6": {
    "idx": 131277,
    "x_value": 6562.349923898472
  },
  "7": {
    "idx": 131278,
    "x_value": 6562.390269787531
  },
  "8": {
    "idx": 131279,
    "x_value": 6562.438078892952
  },
  "9": {
    "idx": 131282,
    "x_value": 6562.493201192315
  },
  "10": {
    "idx": 131283,
    "x_value": 6562.499104046191
  },
  "11": {
    "idx": 131286,
    "x_value": 6562.51859250587
  },
  "12": {
    "idx": 131287,
    "x_value": 6562.544048648814
  },
  "13": {
    "idx": 131288,
    "x_value": 6562.548909895796
  },
  "14": {
    "idx": 131289,
    "x_value": 6562.562857642681
  },
  "15": {
    "idx": 131290,
    "x_value": 6562.580386007841
  },
  "16": {
    "idx": 131291,
    "x_value": 6562.581746125024
  },
  "17": {
    "idx": 131292,
    "x_value": 6562.596075652306
  }
}