{
  "1": {
    "idx": 435961,
    "x_value": 43961.46031460802
  },
  "2": {
    "idx": 435964,
    "x_value": 43961.70013522547
  },
  "3": {
    "idx": 435965,
    "x_value": 43961.714246437215
  },
  "4": {
    "idx": 435968,
    "x_value": 43961.721455366904
  },
  "5": {
    "idx": 435969,
    "x_value": 43961.73422487921
  },
  "6": {
    "idx": 435970,
    "x_value": 43961.742665445025
  },
  "7": {
    "idx": 435971,
    "x_value": 43961.7450618333
  },
  "8": {
    "idx": 435974,
    "x_value": 43961.7793601486
  },
  "9": {
    "idx": 435975,
    "x_value": 43961.78405475584
  },
  "10": {
    "idx": 435976,
    "x_value": 43961.800426663365
  },
  "11": {
    "idx": 435977,
    "x_value": 43961.81591532572
  }
}