{
  "1": {
    "idx": 2942,
    "x_value": 419.18371957132626
  },
  "2": {
    "idx": 2943,
    "x_value": 419.39073863157336
  },
  "3": {
    "idx": 2944,
    "x_value": 419.4067894195436
  },
  "4": {
    "idx": 2945,
    "x_value": 419.42108634986823
  },
  "5": {
    "idx": 2946,
    "x_value": 419.42245651778467
  },
  "6": {
    "idx": 2947,
    "x_value": 419.4258355849066
  }
}