{
  "1": {
    "idx": 266210,
    "x_value": 18717.361179098414
  },
  "2": {
    "idx": 266229,
    "x_value": 18718.10776765356
  },
  "3": {
    "idx": 266240,
    "x_value": 18718.36493198058
  },
  "4": {
    "idx": 266241,
    "x_value": 18718.38456641114
  },
  "5": {
    "idx": 266242,
    "x_value": 18718.413106706077
  },
  "6": {
    "idx": 266247,
    "x_value": 18718.555568502656
  },
  "7": {
    "idx": 266248,
    "x_value": 18718.564386735925
  },
  "8": {
    "idx": 266249,
    "x_value": 18718.564721881477
  },
  "9": {
    "idx": 266252,
    "x_value": 18718.602595658387
  },
  "10": {
    "idx": 266253,
    "x_value": 18718.659082037357
  },
  "11": {
    "idx": 266254,
    "x_value": 18718.665032543173
  },
  "12": {
    "idx": 266255,
    "x_value": 18718.677869709813
  },
  "13": {
    "idx": 266256,
    "x_value": 18718.690595827717
  }
}