{
  "1": {
    "idx": 10862,
    "x_value": 1648.997545519259
  },
  "2": {
    "idx": 10863,
    "x_value": 1649.0385838448244
  },
  "3": {
    "idx": 10864,
    "x_value": 1649.0386935667902
  },
  "4": {
    "idx": 10865,
    "x_value": 1649.0389074149236
  }
}