{
  "1": {
    "idx": 97323,
    "x_value": 11642.172649563607
  },
  "2": {
    "idx": 97324,
    "x_value": 11642.173425647936
  },
  "3": {
    "idx": 97325,
    "x_value": 11642.20019656995
  },
  "4": {
    "idx": 97326,
    "x_value": 11642.220255280912
  },
  "5": {
    "idx": 97329,
    "x_value": 11642.236633782022
  },
  "6": {
    "idx": 97330,
    "x_value": 11642.242581673214
  },
  "7": {
    "idx": 97331,
    "x_value": 11642.246412264856
  },
  "8": {
    "idx": 97332,
    "x_value": 11642.250322761876
  }
}