{
  "1": {
    "idx": 4358,
    "x_value": 591.6289384542891
  },
  "2": {
    "idx": 4361,
    "x_value": 591.8031642999009
  },
  "3": {
    "idx": 4362,
    "x_value": 591.8099990327837
  },
  "4": {
    "idx": 4363,
    "x_value": 591.8171722252528
  },
  "5": {
    "idx": 4364,
    "x_value": 591.8184963219011
  },
  "6": {
    "idx": 4365,
    "x_value": 591.8199457779458
  }
}