{
  "1": {
    "idx": 0,
    "x_value": 0.0
  },
  "2": {
    "idx": 912,
    "x_value": 38.23629485378475
  },
  "3": {
    "idx": 1154,
    "x_value": 47.33542213237322
  },
  "4": {
    "idx": 1385,
    "x_value": 56.293006114015036
  },
  "5": {
    "idx": 1641,
    "x_value": 66.93175427122844
  },
  "6": {
    "idx": 1648,
    "x_value": 67.37644141421856
  },
  "7": {
    "idx": 1649,
    "x_value": 67.42689484320508
  },
  "8": {
    "idx": 1654,
    "x_value": 67.66762081251689
  },
  "9": {
    "idx": 1667,
    "x_value": 68.14537309309952
  },
  "10": {
    "idx": 1668,
    "x_value": 68.16199269385064
  },
  "11": {
    "idx": 1675,
    "x_value": 68.39309690313237
  },
  "12": {
    "idx": 1680,
    "x_value": 68.6979535185861
  },
  "13": {
    "idx": 1681,
    "x_value": 68.70099421944072
  },
  "14": {
    "idx": 1682,
    "x_value": 68.74249979484945
  },
  "15": {
    "idx": 1683,
    "x_value": 68.76792099460646
  },
  "16": {
    "idx": 1704,
    "x_value": 69.19941326038793
  },
  "17": {
    "idx": 1707,
    "x_value": 69.27890905589433
  },
  "18": {
    "idx": 1708,
    "x_value": 69.30865071527691
  },
  "19": {
    "idx": 1719,
    "x_value": 69.42528368562311
  },
  "20": {
    "idx": 1732,
    "x_value": 69.73554686900307
  },
  "21": {
    "idx": 1733,
    "x_value": 69.75753575951772
  },
  "22": {
    "idx": 1749,
    "x_value": 69.96339254020812
  },
  "23": {
    "idx": 1750,
    "x_value": 69.96524452727705
  },
  "24": {
    "idx": 1751,
    "x_value": 69.98628622659386
  },
  "25": {
    "idx": 1752,
    "x_value": 69.99968249843718
  },
  "26": {
    "idx": 1753,
    "x_value": 70.0012579824658
  },
  "27": {
    "idx": 1754,
    "x_value": 70.01000612249705
  },
  "28": {
    "idx": 1757,
    "x_value": 70.04061994194417
  },
  "29": {
    "idx": 1758,
    "x_value": 70.04353580580842
  },
  "30": {
    "idx": 1759,
    "x_value": 70.04642991626369
  }
}