{
  "1": {
    "idx": 934521,
    "x_value": 100511.0321581827
  },
  "2": {
    "idx": 934528,
    "x_value": 100511.1225052245
  },
  "3": {
    "idx": 934531,
    "x_value": 100511.14767490447
  },
  "4": {
    "idx": 934534,
    "x_value": 100511.16587849174
  },
  "5": {
    "idx": 934535,
    "x_value": 100511.19688942737
  },
  "6": {
    "idx": 934536,
    "x_value": 100511.2148436251
  },
  "7": {
    "idx": 934539,
    "x_value": 100511.22871253297
  },
  "8": {
    "idx": 934540,
    "x_value": 100511.23111636731
  },
  "9": {
    "idx": 934541,
    "x_value": 100511.23388290325
  },
  "10": {
    "idx": 934542,
    "x_value": 100511.23458329645
  },
  "11": {
    "idx": 934543,
    "x_value": 100511.23654935944
  }
}