{
  "1": {
    "idx": 2456,
    "x_value": 285.61457094389993
  },
  "2": {
    "idx": 2459,
    "x_value": 285.6682979189922
  },
  "3": {
    "idx": 2460,
    "x_value": 285.7370598590469
  },
  "4": {
    "idx": 2461,
    "x_value": 285.75723407045734
  },
  "5": {
    "idx": 2464,
    "x_value": 285.7804159826118
  },
  "6": {
    "idx": 2465,
    "x_value": 285.7830208133235
  },
  "7": {
    "idx": 2466,
    "x_value": 285.79816913176944
  },
  "8": {
    "idx": 2467,
    "x_value": 285.80666386997876
  }
}