{
  "1": {
    "idx": 711662,
    "x_value": 87439.93117572682
  },
  "2": {
    "idx": 711663,
    "x_value": 87440.03849221668
  },
  "3": {
    "idx": 711666,
    "x_value": 87440.05635573031
  },
  "4": {
    "idx": 711667,
    "x_value": 87440.06077175528
  },
  "5": {
    "idx": 711668,
    "x_value": 87440.07962167796
  },
  "6": {
    "idx": 711671,
    "x_value": 87440.0930675148
  },
  "7": {
    "idx": 711672,
    "x_value": 87440.09879687947
  },
  "8": {
    "idx": 711673,
    "x_value": 87440.11464073679
  }
}