{
  "1": {
    "idx": 67881,
    "x_value": 7753.865647786817
  },
  "2": {
    "idx": 67884,
    "x_value": 7754.1045300070455
  },
  "3": {
    "idx": 67885,
    "x_value": 7754.108858104215
  },
  "4": {
    "idx": 67886,
    "x_value": 7754.132446615737
  },
  "5": {
    "idx": 67887,
    "x_value": 7754.1351432330885
  },
  "6": {
    "idx": 67888,
    "x_value": 7754.137493550955
  },
  "7": {
    "idx": 67889,
    "x_value": 7754.145799577632
  },
  "8": {
    "idx": 67890,
    "x_value": 7754.158771423068
  }
}