{
  "1": {
    "idx": 583921,
    "x_value": 64541.371980613476
  },
  "2": {
    "idx": 583922,
    "x_value": 64541.45819300982
  },
  "3": {
    "idx": 583923,
    "x_value": 64541.54797032728
  },
  "4": {
    "idx": 583924,
    "x_value": 64541.61028055259
  },
  "5": {
    "idx": 583925,
    "x_value": 64541.62933123895
  },
  "6": {
    "idx": 583926,
    "x_value": 64541.6519944077
  },
  "7": {
    "idx": 583927,
    "x_value": 64541.6610379556
  },
  "8": {
    "idx": 583928,
    "x_value": 64541.66407878555
  },
  "9": {
    "idx": 583929,
    "x_value": 64541.66856984879
  }
}