{
  "1": {
    "idx": 145866,
    "x_value": 13013.722909196662
  },
  "2": {
    "idx": 145877,
    "x_value": 13015.602889678687
  },
  "3": {
    "idx": 145880,
    "x_value": 13015.685434554045
  },
  "4": {
    "idx": 145881,
    "x_value": 13015.7392138835
  },
  "5": {
    "idx": 145882,
    "x_value": 13015.747940764626
  },
  "6": {
    "idx": 145883,
    "x_value": 13015.764927636385
  },
  "7": {
    "idx": 145884,
    "x_value": 13015.76862183787
  },
  "8": {
    "idx": 145885,
    "x_value": 13015.778768735721
  },
  "9": {
    "idx": 145886,
    "x_value": 13015.77888455529
  },
  "10": {
    "idx": 145887,
    "x_value": 13015.78098496669
  }
}