{
  "1": {
    "idx": 174295,
    "x_value": 16199.652602439739
  },
  "2": {
    "idx": 174302,
    "x_value": 16200.482027954093
  },
  "3": {
    "idx": 174309,
    "x_value": 16200.710611465314
  },
  "4": {
    "idx": 174310,
    "x_value": 16200.711569454723
  },
  "5": {
    "idx": 174311,
    "x_value": 16200.71665803507
  },
  "6": {
    "idx": 174312,
    "x_value": 16200.756781685935
  },
  "7": {
    "idx": 174313,
    "x_value": 16200.785298543955
  },
  "8": {
    "idx": 174316,
    "x_value": 16200.806903701236
  },
  "9": {
    "idx": 174317,
    "x_value": 16200.812039224676
  },
  "10": {
    "idx": 174318,
    "x_value": 16200.81951103983
  },
  "11": {
    "idx": 174319,
    "x_value": 16200.826887614121
  }
}