{
  "1": {
    "idx": 115234,
    "x_value": 15760.78174236494
  },
  "2": {
    "idx": 115235,
    "x_value": 15761.065681111431
  },
  "3": {
    "idx": 115236,
    "x_value": 15761.078550192413
  },
  "4": {
    "idx": 115237,
    "x_value": 15761.07941418769
  },
  "5": {
    "idx": 115238,
    "x_value": 15761.083825689244
  },
  "6": {
    "idx": 115239,
    "x_value": 15761.085456604595
  }
}