{
  "1": {
    "idx": 108848,
    "x_value": 14753.178483262132
  },
  "2": {
    "idx": 108849,
    "x_value": 14753.246668387244
  },
  "3": {
    "idx": 108850,
    "x_value": 14753.250571496303
  },
  "4": {
    "idx": 108851,
    "x_value": 14753.251201748675
  },
  "5": {
    "idx": 108852,
    "x_value": 14753.251524554224
  },
  "6": {
    "idx": 108853,
    "x_value": 14753.255143543638
  }
}