{
  "1": {
    "idx": 69151,
    "x_value": 7870.75330709569
  },
  "2": {
    "idx": 69152,
    "x_value": 7870.767656684277
  },
  "3": {
    "idx": 69153,
    "x_value": 7870.790856149423
  },
  "4": {
    "idx": 69154,
    "x_value": 7870.794876480377
  },
  "5": {
    "idx": 69155,
    "x_value": 7870.8044626290975
  },
  "6": {
    "idx": 69156,
    "x_value": 7870.818013149614
  },
  "7": {
    "idx": 69157,
    "x_value": 7870.825075444181
  },
  "8": {
    "idx": 69158,
    "x_value": 7870.828131454751
  }
}