{
  "1": {
    "idx": 205252,
    "x_value": 28377.835947406387
  },
  "2": {
    "idx": 205253,
    "x_value": 28377.926405272174
  },
  "3": {
    "idx": 205256,
    "x_value": 28377.935874807463
  },
  "4": {
    "idx": 205257,
    "x_value": 28377.93698795588
  },
  "5": {
    "idx": 205258,
    "x_value": 28377.938337015483
  },
  "6": {
    "idx": 205259,
    "x_value": 28377.938373407706
  }
}