{
  "1": {
    "idx": 971642,
    "x_value": 89609.87187770377
  },
  "2": {
    "idx": 971647,
    "x_value": 89610.31369395266
  },
  "3": {
    "idx": 971652,
    "x_value": 89610.4151259709
  },
  "4": {
    "idx": 971653,
    "x_value": 89610.45879853838
  },
  "5": {
    "idx": 971654,
    "x_value": 89610.47921562506
  },
  "6": {
    "idx": 971655,
    "x_value": 89610.49726413873
  },
  "7": {
    "idx": 971656,
    "x_value": 89610.49949898805
  },
  "8": {
    "idx": 971657,
    "x_value": 89610.50150263132
  },
  "9": {
    "idx": 971658,
    "x_value": 89610.52590807242
  },
  "10": {
    "idx": 971659,
    "x_value": 89610.57239358971
  },
  "11": {
    "idx": 971660,
    "x_value": 89610.60273942325
  }
}