{
  "1": {
    "idx": 397025,
    "x_value": 20833.577362846918
  },
  "2": {
    "idx": 397032,
    "x_value": 20834.03253190152
  },
  "3": {
    "idx": 397033,
    "x_value": 20834.048531247874
  },
  "4": {
    "idx": 397034,
    "x_value": 20834.08652294074
  },
  "5": {
    "idx": 397037,
    "x_value": 20834.196280014785
  },
  "6": {
    "idx": 397038,
    "x_value": 20834.25121785099
  },
  "7": {
    "idx": 397827,
    "x_value": 20841.67265081867
  },
  "8": {
    "idx": 397830,
    "x_value": 20841.728492703718
  },
  "9": {
    "idx": 397833,
    "x_value": 20841.77895575834
  },
  "10": {
    "idx": 397870,
    "x_value": 20842.21119124464
  },
  "11": {
    "idx": 397873,
    "x_value": 20842.236557726636
  },
  "12": {
    "idx": 397875,
    "x_value": 20842.243831657564
  },
  "13": {
    "idx": 397876,
    "x_value": 20842.24823106276
  },
  "14": {
    "idx": 398485,
    "x_value": 20845.315311653314
  },
  "15": {
    "idx": 398572,
    "x_value": 20845.69244596239
  },
  "16": {
    "idx": 398611,
    "x_value": 20845.98116159166
  },
  "17": {
    "idx": 398612,
    "x_value": 20845.982425881957
  },
  "18": {
    "idx": 398943,
    "x_value": 20847.447823763578
  },
  "19": {
    "idx": 398946,
    "x_value": 20847.454699943446
  },
  "20": {
    "idx": 398957,
    "x_value": 20847.492007246175
  },
  "21": {
    "idx": 398972,
    "x_value": 20847.53964380932
  },
  "22": {
    "idx": 398977,
    "x_value": 20847.554584697293
  },
  "23": {
    "idx": 398984,
    "x_value": 20847.572884560843
  },
  "24": {
    "idx": 398999,
    "x_value": 20847.637332826776
  },
  "25": {
    "idx": 399020,
    "x_value": 20847.743191019006
  },
  "26": {
    "idx": 399041,
    "x_value": 20847.875609748262
  },
  "27": {
    "idx": 399042,
    "x_value": 20847.876111778445
  },
  "28": {
    "idx": 399047,
    "x_value": 20847.892331303017
  },
  "29": {
    "idx": 399048,
    "x_value": 20847.893021725376
  },
  "30": {
    "idx": 399049,
    "x_value": 20847.89423765787
  }
}