{
  "1": {
    "idx": 381520,
    "x_value": 45645.12502771836
  },
  "2": {
    "idx": 381523,
    "x_value": 45645.199546840624
  },
  "3": {
    "idx": 381526,
    "x_value": 45645.228624991105
  },
  "4": {
    "idx": 381527,
    "x_value": 45645.23008023237
  },
  "5": {
    "idx": 381528,
    "x_value": 45645.244756327964
  },
  "6": {
    "idx": 381531,
    "x_value": 45645.25576994675
  },
  "7": {
    "idx": 381532,
    "x_value": 45645.26631536914
  },
  "8": {
    "idx": 381533,
    "x_value": 45645.27680274264
  },
  "9": {
    "idx": 381534,
    "x_value": 45645.28644135811
  }
}