{
  "1": {
    "idx": 733833,
    "x_value": 72174.24982949144
  },
  "2": {
    "idx": 733834,
    "x_value": 72176.55600877029
  },
  "3": {
    "idx": 733837,
    "x_value": 72176.68146067242
  },
  "4": {
    "idx": 733838,
    "x_value": 72176.74255160696
  },
  "5": {
    "idx": 733839,
    "x_value": 72176.7430816359
  },
  "6": {
    "idx": 733840,
    "x_value": 72176.74971159785
  },
  "7": {
    "idx": 733841,
    "x_value": 72176.76588588505
  },
  "8": {
    "idx": 733842,
    "x_value": 72176.78204865297
  },
  "9": {
    "idx": 733845,
    "x_value": 72176.797344168
  },
  "10": {
    "idx": 733846,
    "x_value": 72176.80195912471
  },
  "11": {
    "idx": 733847,
    "x_value": 72176.80789082323
  }
}