{
  "1": {
    "idx": 636846,
    "x_value": 85256.60531219635
  },
  "2": {
    "idx": 636849,
    "x_value": 85256.78776610571
  },
  "3": {
    "idx": 636850,
    "x_value": 85256.79737665685
  },
  "4": {
    "idx": 636851,
    "x_value": 85256.7983366785
  },
  "5": {
    "idx": 636852,
    "x_value": 85256.80391205299
  },
  "6": {
    "idx": 636853,
    "x_value": 85256.80633654569
  },
  "7": {
    "idx": 636854,
    "x_value": 85256.80702718483
  }
}