{
  "1": {
    "idx": 22086,
    "x_value": 3023.2446693321895
  },
  "2": {
    "idx": 22087,
    "x_value": 3023.3395133346885
  },
  "3": {
    "idx": 22088,
    "x_value": 3023.3459637000883
  },
  "4": {
    "idx": 22089,
    "x_value": 3023.347374296956
  },
  "5": {
    "idx": 22090,
    "x_value": 3023.3506592468657
  }
}