{
  "1": {
    "idx": 73420,
    "x_value": 8965.60010135366
  },
  "2": {
    "idx": 73423,
    "x_value": 8965.69697750811
  },
  "3": {
    "idx": 73424,
    "x_value": 8965.697997698539
  },
  "4": {
    "idx": 73425,
    "x_value": 8965.709423996179
  },
  "5": {
    "idx": 73426,
    "x_value": 8965.723106338899
  },
  "6": {
    "idx": 73427,
    "x_value": 8965.735003782702
  },
  "7": {
    "idx": 73430,
    "x_value": 8965.751233915831
  },
  "8": {
    "idx": 73431,
    "x_value": 8965.7608482982
  },
  "9": {
    "idx": 73432,
    "x_value": 8965.763645114852
  }
}