{
  "1": {
    "idx": 249507,
    "x_value": 14070.418557659765
  },
  "2": {
    "idx": 249516,
    "x_value": 14070.995815812017
  },
  "3": {
    "idx": 249519,
    "x_value": 14071.076328354731
  },
  "4": {
    "idx": 249520,
    "x_value": 14071.109411476582
  },
  "5": {
    "idx": 249521,
    "x_value": 14071.148581320345
  },
  "6": {
    "idx": 249522,
    "x_value": 14071.154600294667
  },
  "7": {
    "idx": 251066,
    "x_value": 14083.34450778618
  },
  "8": {
    "idx": 251069,
    "x_value": 14083.372068542178
  },
  "9": {
    "idx": 251212,
    "x_value": 14084.590652638828
  },
  "10": {
    "idx": 251237,
    "x_value": 14084.740369099782
  },
  "11": {
    "idx": 251290,
    "x_value": 14085.02415193278
  },
  "12": {
    "idx": 251404,
    "x_value": 14085.839627219739
  },
  "13": {
    "idx": 251479,
    "x_value": 14086.298893788353
  },
  "14": {
    "idx": 251710,
    "x_value": 14087.58034341838
  },
  "15": {
    "idx": 251711,
    "x_value": 14087.581035285748
  },
  "16": {
    "idx": 251714,
    "x_value": 14087.599141999597
  },
  "17": {
    "idx": 251803,
    "x_value": 14088.022420132469
  },
  "18": {
    "idx": 251840,
    "x_value": 14088.208731911336
  },
  "19": {
    "idx": 251847,
    "x_value": 14088.22695542275
  },
  "20": {
    "idx": 251900,
    "x_value": 14088.379678197422
  },
  "21": {
    "idx": 251901,
    "x_value": 14088.38069627616
  },
  "22": {
    "idx": 251922,
    "x_value": 14088.4519281777
  },
  "23": {
    "idx": 251923,
    "x_value": 14088.470194401552
  },
  "24": {
    "idx": 251938,
    "x_value": 14088.523494719797
  },
  "25": {
    "idx": 251943,
    "x_value": 14088.538349397606
  },
  "26": {
    "idx": 251946,
    "x_value": 14088.5650770302
  },
  "27": {
    "idx": 251947,
    "x_value": 14088.587972596139
  },
  "28": {
    "idx": 251954,
    "x_value": 14088.605370644911
  },
  "29": {
    "idx": 251957,
    "x_value": 14088.606090942476
  },
  "30": {
    "idx": 251958,
    "x_value": 14088.606452577991
  }
}