{
  "1": {
    "idx": 924082,
    "x_value": 119722.1240910324
  },
  "2": {
    "idx": 924083,
    "x_value": 119722.12624369691
  },
  "3": {
    "idx": 924084,
    "x_value": 119722.14267021007
  },
  "4": {
    "idx": 924085,
    "x_value": 119722.1440253378
  },
  "5": {
    "idx": 924086,
    "x_value": 119722.14608786664
  },
  "6": {
    "idx": 924087,
    "x_value": 119722.15022988137
  },
  "7": {
    "idx": 924088,
    "x_value": 119722.15508990714
  }
}