{
  "1": {
    "idx": 668871,
    "x_value": 93517.5175714868
  },
  "2": {
    "idx": 668872,
    "x_value": 93517.71714289038
  },
  "3": {
    "idx": 668873,
    "x_value": 93517.72260530398
  },
  "4": {
    "idx": 668874,
    "x_value": 93517.7229978279
  },
  "5": {
    "idx": 668875,
    "x_value": 93517.7245654338
  },
  "6": {
    "idx": 668876,
    "x_value": 93517.7257058506
  }
}