{
  "1": {
    "idx": 239351,
    "x_value": 16738.72599809502
  },
  "2": {
    "idx": 239354,
    "x_value": 16738.95916982988
  },
  "3": {
    "idx": 239355,
    "x_value": 16738.966171025964
  },
  "4": {
    "idx": 239356,
    "x_value": 16739.033131056847
  },
  "5": {
    "idx": 239357,
    "x_value": 16739.034498714824
  },
  "6": {
    "idx": 239358,
    "x_value": 16739.05142889749
  },
  "7": {
    "idx": 239359,
    "x_value": 16739.11726183344
  },
  "8": {
    "idx": 239362,
    "x_value": 16739.189658054645
  },
  "9": {
    "idx": 239365,
    "x_value": 16739.202469791842
  },
  "10": {
    "idx": 239366,
    "x_value": 16739.232333915057
  },
  "11": {
    "idx": 239367,
    "x_value": 16739.25105195967
  },
  "12": {
    "idx": 239368,
    "x_value": 16739.278900057678
  }
}