{
  "1": {
    "idx": 95547,
    "x_value": 12348.054280879373
  },
  "2": {
    "idx": 95548,
    "x_value": 12348.49174454971
  },
  "3": {
    "idx": 95549,
    "x_value": 12348.533872401104
  },
  "4": {
    "idx": 95550,
    "x_value": 12348.54492686445
  },
  "5": {
    "idx": 95551,
    "x_value": 12348.5464776577
  },
  "6": {
    "idx": 95552,
    "x_value": 12348.54750209347
  },
  "7": {
    "idx": 95553,
    "x_value": 12348.55145672581
  }
}