{
  "1": {
    "idx": 233178,
    "x_value": 31053.720189457483
  },
  "2": {
    "idx": 233181,
    "x_value": 31053.8014987061
  },
  "3": {
    "idx": 233182,
    "x_value": 31053.802361806134
  },
  "4": {
    "idx": 233183,
    "x_value": 31053.808477590806
  },
  "5": {
    "idx": 233184,
    "x_value": 31053.816267178023
  },
  "6": {
    "idx": 233185,
    "x_value": 31053.819521761656
  }
}