{
  "1": {
    "idx": 71490,
    "x_value": 3064.0091758388235
  },
  "2": {
    "idx": 71549,
    "x_value": 3067.5392557885616
  },
  "3": {
    "idx": 71686,
    "x_value": 3073.613600937686
  },
  "4": {
    "idx": 71719,
    "x_value": 3074.714125957358
  },
  "5": {
    "idx": 71737,
    "x_value": 3075.117922985491
  },
  "6": {
    "idx": 71738,
    "x_value": 3075.1867361895597
  },
  "7": {
    "idx": 71739,
    "x_value": 3075.2767912936692
  },
  "8": {
    "idx": 71744,
    "x_value": 3075.45805208403
  },
  "9": {
    "idx": 72308,
    "x_value": 3081.345772935541
  },
  "10": {
    "idx": 72309,
    "x_value": 3081.387313162603
  },
  "11": {
    "idx": 73879,
    "x_value": 3099.2429591211485
  },
  "12": {
    "idx": 73892,
    "x_value": 3099.4923379826005
  },
  "13": {
    "idx": 73905,
    "x_value": 3099.5865483621865
  },
  "14": {
    "idx": 73918,
    "x_value": 3099.6908727620084
  },
  "15": {
    "idx": 73919,
    "x_value": 3099.693050237986
  },
  "16": {
    "idx": 73920,
    "x_value": 3099.7177738319615
  },
  "17": {
    "idx": 73921,
    "x_value": 3099.739327414613
  },
  "18": {
    "idx": 73922,
    "x_value": 3099.7437894359787
  },
  "19": {
    "idx": 73923,
    "x_value": 3099.7524803658084
  },
  "20": {
    "idx": 74019,
    "x_value": 3100.6357846331593
  },
  "21": {
    "idx": 74024,
    "x_value": 3100.6937554900774
  },
  "22": {
    "idx": 74025,
    "x_value": 3100.696652763291
  },
  "23": {
    "idx": 74032,
    "x_value": 3100.7291229330644
  },
  "24": {
    "idx": 74037,
    "x_value": 3100.759170527068
  },
  "25": {
    "idx": 74038,
    "x_value": 3100.8019050413372
  },
  "26": {
    "idx": 74041,
    "x_value": 3100.8199060044476
  },
  "27": {
    "idx": 74042,
    "x_value": 3100.819998226086
  },
  "28": {
    "idx": 74043,
    "x_value": 3100.8355285071675
  },
  "29": {
    "idx": 74044,
    "x_value": 3100.853763890953
  },
  "30": {
    "idx": 74045,
    "x_value": 3100.860631130621
  }
}