{
  "1": {
    "idx": 9801,
    "x_value": 1334.0781127560156
  },
  "2": {
    "idx": 9802,
    "x_value": 1334.5069275878998
  },
  "3": {
    "idx": 9803,
    "x_value": 1334.5162664667994
  },
  "4": {
    "idx": 9804,
    "x_value": 1334.5162916353993
  },
  "5": {
    "idx": 9805,
    "x_value": 1334.5255446418018
  },
  "6": {
    "idx": 9806,
    "x_value": 1334.5377119293037
  }
}