{
  "1": {
    "idx": 497909,
    "x_value": 66445.19720817402
  },
  "2": {
    "idx": 497914,
    "x_value": 66446.7259543156
  },
  "3": {
    "idx": 497923,
    "x_value": 66446.78477129927
  },
  "4": {
    "idx": 497926,
    "x_value": 66446.79203502355
  },
  "5": {
    "idx": 497927,
    "x_value": 66446.80519150279
  },
  "6": {
    "idx": 497928,
    "x_value": 66446.8110757217
  },
  "7": {
    "idx": 497929,
    "x_value": 66446.8132763166
  }
}