{
  "1": {
    "idx": 462678,
    "x_value": 32769.74242698822
  },
  "2": {
    "idx": 462681,
    "x_value": 32769.877795816596
  },
  "3": {
    "idx": 462682,
    "x_value": 32769.88339212856
  },
  "4": {
    "idx": 462683,
    "x_value": 32769.92221606149
  },
  "5": {
    "idx": 462684,
    "x_value": 32769.933069716695
  },
  "6": {
    "idx": 464821,
    "x_value": 32783.771099424404
  },
  "7": {
    "idx": 464958,
    "x_value": 32784.731265805145
  },
  "8": {
    "idx": 464963,
    "x_value": 32784.76702207922
  },
  "9": {
    "idx": 464987,
    "x_value": 32784.948054653425
  },
  "10": {
    "idx": 470684,
    "x_value": 32806.15553299358
  },
  "11": {
    "idx": 471269,
    "x_value": 32808.36609077625
  },
  "12": {
    "idx": 471392,
    "x_value": 32808.80849426095
  },
  "13": {
    "idx": 475738,
    "x_value": 32821.919221263044
  },
  "14": {
    "idx": 476685,
    "x_value": 32824.81120783654
  },
  "15": {
    "idx": 477012,
    "x_value": 32825.687866866945
  },
  "16": {
    "idx": 477310,
    "x_value": 32826.441295798744
  },
  "17": {
    "idx": 477329,
    "x_value": 32826.499745758185
  },
  "18": {
    "idx": 477330,
    "x_value": 32826.50098681886
  },
  "19": {
    "idx": 477611,
    "x_value": 32827.12827256328
  },
  "20": {
    "idx": 477644,
    "x_value": 32827.22598705514
  },
  "21": {
    "idx": 477797,
    "x_value": 32827.6666119236
  },
  "22": {
    "idx": 477878,
    "x_value": 32827.83532741808
  },
  "23": {
    "idx": 477889,
    "x_value": 32827.90103768004
  },
  "24": {
    "idx": 477896,
    "x_value": 32827.91074496846
  },
  "25": {
    "idx": 477917,
    "x_value": 32827.94492148249
  },
  "26": {
    "idx": 477920,
    "x_value": 32827.954047464584
  },
  "27": {
    "idx": 477923,
    "x_value": 32827.96721693387
  },
  "28": {
    "idx": 477924,
    "x_value": 32827.97010299131
  },
  "29": {
    "idx": 477925,
    "x_value": 32827.97378273193
  },
  "30": {
    "idx": 477926,
    "x_value": 32827.97812872344
  }
}