{
  "1": {
    "idx": 2184,
    "x_value": 241.71877055921146
  },
  "2": {
    "idx": 2185,
    "x_value": 241.82316662116466
  },
  "3": {
    "idx": 2186,
    "x_value": 241.827685189943
  },
  "4": {
    "idx": 2187,
    "x_value": 241.83438477150338
  },
  "5": {
    "idx": 2188,
    "x_value": 241.87477620551707
  },
  "6": {
    "idx": 2189,
    "x_value": 241.87834164555926
  },
  "7": {
    "idx": 2190,
    "x_value": 241.88754966104653
  },
  "8": {
    "idx": 2191,
    "x_value": 241.89134293116777
  }
}