{
  "1": {
    "idx": 224263,
    "x_value": 11169.76276384946
  },
  "2": {
    "idx": 224264,
    "x_value": 11170.077132089178
  },
  "3": {
    "idx": 224327,
    "x_value": 11172.453979981912
  },
  "4": {
    "idx": 224328,
    "x_value": 11172.514803097147
  },
  "5": {
    "idx": 224333,
    "x_value": 11172.63452260145
  },
  "6": {
    "idx": 224334,
    "x_value": 11172.708527935582
  },
  "7": {
    "idx": 224335,
    "x_value": 11172.711015374616
  },
  "8": {
    "idx": 224449,
    "x_value": 11173.77820025878
  },
  "9": {
    "idx": 224692,
    "x_value": 11176.37649969686
  },
  "10": {
    "idx": 224693,
    "x_value": 11176.379832603303
  },
  "11": {
    "idx": 224728,
    "x_value": 11176.63463749757
  },
  "12": {
    "idx": 225043,
    "x_value": 11178.688456562382
  },
  "13": {
    "idx": 225044,
    "x_value": 11178.689129866907
  },
  "14": {
    "idx": 225185,
    "x_value": 11179.7020469942
  },
  "15": {
    "idx": 225186,
    "x_value": 11179.705011003149
  },
  "16": {
    "idx": 226248,
    "x_value": 11184.846681200856
  },
  "17": {
    "idx": 226265,
    "x_value": 11185.009721553122
  },
  "18": {
    "idx": 226272,
    "x_value": 11185.053847000683
  },
  "19": {
    "idx": 226277,
    "x_value": 11185.087037775882
  },
  "20": {
    "idx": 226344,
    "x_value": 11185.503527199979
  },
  "21": {
    "idx": 226347,
    "x_value": 11185.529259451963
  },
  "22": {
    "idx": 226352,
    "x_value": 11185.560700758508
  },
  "23": {
    "idx": 226375,
    "x_value": 11185.62900392545
  },
  "24": {
    "idx": 226380,
    "x_value": 11185.640054940584
  },
  "25": {
    "idx": 226383,
    "x_value": 11185.650176937232
  },
  "26": {
    "idx": 226388,
    "x_value": 11185.701871798678
  },
  "27": {
    "idx": 226389,
    "x_value": 11185.712420222379
  },
  "28": {
    "idx": 226390,
    "x_value": 11185.717997135036
  },
  "29": {
    "idx": 226391,
    "x_value": 11185.721695127604
  },
  "30": {
    "idx": 226392,
    "x_value": 11185.725247658898
  }
}