{
  "1": {
    "idx": 10112,
    "x_value": 1518.4606029088663
  },
  "2": {
    "idx": 10113,
    "x_value": 1518.6984384486716
  },
  "3": {
    "idx": 10114,
    "x_value": 1518.6989208313187
  },
  "4": {
    "idx": 10115,
    "x_value": 1518.6996077896517
  }
}