{
  "1": {
    "idx": 22069,
    "x_value": 1184.084680623427
  },
  "2": {
    "idx": 22078,
    "x_value": 1185.2457153208454
  },
  "3": {
    "idx": 22097,
    "x_value": 1185.758531164668
  },
  "4": {
    "idx": 22104,
    "x_value": 1185.9677322534012
  },
  "5": {
    "idx": 22105,
    "x_value": 1186.0079612497575
  },
  "6": {
    "idx": 22106,
    "x_value": 1186.067807171218
  },
  "7": {
    "idx": 22152,
    "x_value": 1186.4186418391976
  },
  "8": {
    "idx": 22510,
    "x_value": 1189.590304268666
  },
  "9": {
    "idx": 22659,
    "x_value": 1190.984853682919
  },
  "10": {
    "idx": 27957,
    "x_value": 1222.3245829839516
  },
  "11": {
    "idx": 28933,
    "x_value": 1228.5488259813892
  },
  "12": {
    "idx": 28934,
    "x_value": 1228.5577001688957
  },
  "13": {
    "idx": 29318,
    "x_value": 1231.0680971951547
  },
  "14": {
    "idx": 29331,
    "x_value": 1231.1588593514552
  },
  "15": {
    "idx": 29340,
    "x_value": 1231.2600283406032
  },
  "16": {
    "idx": 29341,
    "x_value": 1231.2652407542014
  },
  "17": {
    "idx": 29666,
    "x_value": 1232.8965478775976
  },
  "18": {
    "idx": 29667,
    "x_value": 1232.9087529126737
  },
  "19": {
    "idx": 29720,
    "x_value": 1233.126622660923
  },
  "20": {
    "idx": 29747,
    "x_value": 1233.224611160191
  },
  "21": {
    "idx": 29750,
    "x_value": 1233.2348818896357
  },
  "22": {
    "idx": 29759,
    "x_value": 1233.2863787369163
  },
  "23": {
    "idx": 29762,
    "x_value": 1233.2914303010468
  },
  "24": {
    "idx": 29763,
    "x_value": 1233.2915197987168
  },
  "25": {
    "idx": 29784,
    "x_value": 1233.3243393933178
  },
  "26": {
    "idx": 29785,
    "x_value": 1233.3261949692314
  },
  "27": {
    "idx": 29786,
    "x_value": 1233.335032826407
  },
  "28": {
    "idx": 29787,
    "x_value": 1233.34398039422
  },
  "29": {
    "idx": 29788,
    "x_value": 1233.3531224080677
  },
  "30": {
    "idx": 29789,
    "x_value": 1233.3537280958815
  }
}