{
  "1": {
    "idx": 479554,
    "x_value": 40386.98125151392
  },
  "2": {
    "idx": 479565,
    "x_value": 40387.50665633544
  },
  "3": {
    "idx": 479566,
    "x_value": 40387.51372927854
  },
  "4": {
    "idx": 479571,
    "x_value": 40387.62726409259
  },
  "5": {
    "idx": 479572,
    "x_value": 40387.643950948084
  },
  "6": {
    "idx": 479573,
    "x_value": 40387.650278661145
  },
  "7": {
    "idx": 479576,
    "x_value": 40387.66367215863
  },
  "8": {
    "idx": 479577,
    "x_value": 40387.701911857126
  },
  "9": {
    "idx": 479578,
    "x_value": 40387.71790342275
  },
  "10": {
    "idx": 479579,
    "x_value": 40387.72740874075
  },
  "11": {
    "idx": 479580,
    "x_value": 40387.73834071867
  },
  "12": {
    "idx": 479581,
    "x_value": 40387.742656097405
  }
}