{
  "1": {
    "idx": 292540,
    "x_value": 20922.99007641952
  },
  "2": {
    "idx": 292541,
    "x_value": 20923.135877266686
  },
  "3": {
    "idx": 292558,
    "x_value": 20923.57696976212
  },
  "4": {
    "idx": 292559,
    "x_value": 20923.59650745849
  },
  "5": {
    "idx": 292560,
    "x_value": 20923.675204159124
  },
  "6": {
    "idx": 293126,
    "x_value": 20927.766788581554
  },
  "7": {
    "idx": 293525,
    "x_value": 20929.827807635727
  },
  "8": {
    "idx": 293528,
    "x_value": 20929.852692205517
  },
  "9": {
    "idx": 294670,
    "x_value": 20934.75616624674
  },
  "10": {
    "idx": 294673,
    "x_value": 20934.76907400752
  },
  "11": {
    "idx": 294780,
    "x_value": 20935.170878893918
  },
  "12": {
    "idx": 294995,
    "x_value": 20936.13235377198
  },
  "13": {
    "idx": 296072,
    "x_value": 20939.635635493167
  },
  "14": {
    "idx": 296425,
    "x_value": 20940.79256576406
  },
  "15": {
    "idx": 296446,
    "x_value": 20940.844979610923
  },
  "16": {
    "idx": 296533,
    "x_value": 20941.062552536627
  },
  "17": {
    "idx": 297336,
    "x_value": 20943.122557594987
  },
  "18": {
    "idx": 298540,
    "x_value": 20945.978233055488
  },
  "19": {
    "idx": 298541,
    "x_value": 20945.978350618905
  },
  "20": {
    "idx": 298550,
    "x_value": 20946.00119671688
  },
  "21": {
    "idx": 298559,
    "x_value": 20946.041467028193
  },
  "22": {
    "idx": 298560,
    "x_value": 20946.04195902309
  },
  "23": {
    "idx": 298722,
    "x_value": 20946.35162800345
  },
  "24": {
    "idx": 298723,
    "x_value": 20946.35349281088
  },
  "25": {
    "idx": 298724,
    "x_value": 20946.36049343429
  },
  "26": {
    "idx": 298741,
    "x_value": 20946.39009082152
  },
  "27": {
    "idx": 298742,
    "x_value": 20946.39213791236
  },
  "28": {
    "idx": 298743,
    "x_value": 20946.399659335795
  },
  "29": {
    "idx": 298744,
    "x_value": 20946.400218672487
  },
  "30": {
    "idx": 298745,
    "x_value": 20946.404306988847
  }
}