{
  "1": {
    "idx": 553975,
    "x_value": 59376.4597072717
  },
  "2": {
    "idx": 553976,
    "x_value": 59376.512499924975
  },
  "3": {
    "idx": 553977,
    "x_value": 59376.5198772024
  },
  "4": {
    "idx": 553978,
    "x_value": 59376.5467593016
  },
  "5": {
    "idx": 553979,
    "x_value": 59376.55199086006
  },
  "6": {
    "idx": 553980,
    "x_value": 59376.56046610889
  },
  "7": {
    "idx": 553983,
    "x_value": 59376.57655542938
  },
  "8": {
    "idx": 553984,
    "x_value": 59376.58091449216
  },
  "9": {
    "idx": 553985,
    "x_value": 59376.58520711685
  }
}