{
  "1": {
    "idx": 38148,
    "x_value": 1714.3415599617804
  },
  "2": {
    "idx": 38279,
    "x_value": 1720.0005457899156
  },
  "3": {
    "idx": 38282,
    "x_value": 1720.4454958476608
  },
  "4": {
    "idx": 38283,
    "x_value": 1720.4630960040658
  },
  "5": {
    "idx": 38284,
    "x_value": 1720.4838900275543
  },
  "6": {
    "idx": 40630,
    "x_value": 1744.9380930006678
  },
  "7": {
    "idx": 40633,
    "x_value": 1744.9943229804253
  },
  "8": {
    "idx": 42506,
    "x_value": 1763.0669470042155
  },
  "9": {
    "idx": 42507,
    "x_value": 1763.1248576063301
  },
  "10": {
    "idx": 44613,
    "x_value": 1784.8228080687852
  },
  "11": {
    "idx": 44638,
    "x_value": 1785.1565266573377
  },
  "12": {
    "idx": 44641,
    "x_value": 1785.2354125544418
  },
  "13": {
    "idx": 44695,
    "x_value": 1785.6276792795486
  },
  "14": {
    "idx": 46112,
    "x_value": 1796.3364327041097
  },
  "15": {
    "idx": 46241,
    "x_value": 1797.1938741528452
  },
  "16": {
    "idx": 46584,
    "x_value": 1799.8555573724998
  },
  "17": {
    "idx": 46587,
    "x_value": 1799.86747777079
  },
  "18": {
    "idx": 46592,
    "x_value": 1799.8756827927136
  },
  "19": {
    "idx": 46597,
    "x_value": 1799.8993130054712
  },
  "20": {
    "idx": 46598,
    "x_value": 1799.9060570192723
  },
  "21": {
    "idx": 46600,
    "x_value": 1799.9082438894266
  },
  "22": {
    "idx": 46601,
    "x_value": 1799.9159654558218
  },
  "23": {
    "idx": 46642,
    "x_value": 1800.0716499175128
  },
  "24": {
    "idx": 46652,
    "x_value": 1800.1083211501802
  },
  "25": {
    "idx": 46653,
    "x_value": 1800.1124187921912
  },
  "26": {
    "idx": 46724,
    "x_value": 1800.5159642037102
  },
  "27": {
    "idx": 46725,
    "x_value": 1800.518255015657
  },
  "28": {
    "idx": 46730,
    "x_value": 1800.5302504755023
  },
  "29": {
    "idx": 46741,
    "x_value": 1800.5590999105193
  },
  "30": {
    "idx": 46742,
    "x_value": 1800.5745303399297
  }
}