{
  "1": {
    "idx": 201364,
    "x_value": 26464.61846371235
  },
  "2": {
    "idx": 201365,
    "x_value": 26464.749027636684
  },
  "3": {
    "idx": 201366,
    "x_value": 26464.757953520228
  },
  "4": {
    "idx": 201367,
    "x_value": 26464.77217302131
  },
  "5": {
    "idx": 201368,
    "x_value": 26464.77298468662
  },
  "6": {
    "idx": 201369,
    "x_value": 26464.77374664031
  },
  "7": {
    "idx": 201370,
    "x_value": 26464.78000392777
  }
}