{
  "1": {
    "idx": 730948,
    "x_value": 33058.09588073547
  },
  "2": {
    "idx": 730951,
    "x_value": 33058.22826808555
  },
  "3": {
    "idx": 730968,
    "x_value": 33059.2100051333
  },
  "4": {
    "idx": 730997,
    "x_value": 33060.25770316742
  },
  "5": {
    "idx": 730998,
    "x_value": 33060.28534595584
  },
  "6": {
    "idx": 730999,
    "x_value": 33060.29749211697
  },
  "7": {
    "idx": 731000,
    "x_value": 33060.320283912886
  },
  "8": {
    "idx": 734526,
    "x_value": 33096.71111248865
  },
  "9": {
    "idx": 735889,
    "x_value": 33110.75725838112
  },
  "10": {
    "idx": 735890,
    "x_value": 33110.75830382219
  },
  "11": {
    "idx": 736059,
    "x_value": 33112.420138308895
  },
  "12": {
    "idx": 736062,
    "x_value": 33112.435220739375
  },
  "13": {
    "idx": 736600,
    "x_value": 33116.94421906321
  },
  "14": {
    "idx": 736601,
    "x_value": 33116.95994000661
  },
  "15": {
    "idx": 736608,
    "x_value": 33117.002069881135
  },
  "16": {
    "idx": 736621,
    "x_value": 33117.12870396929
  },
  "17": {
    "idx": 736826,
    "x_value": 33118.6945375693
  },
  "18": {
    "idx": 736943,
    "x_value": 33119.53499094036
  },
  "19": {
    "idx": 737036,
    "x_value": 33120.24027654083
  },
  "20": {
    "idx": 737039,
    "x_value": 33120.29277311077
  },
  "21": {
    "idx": 737040,
    "x_value": 33120.29437686017
  },
  "22": {
    "idx": 737045,
    "x_value": 33120.33490663346
  },
  "23": {
    "idx": 737048,
    "x_value": 33120.34432332752
  },
  "24": {
    "idx": 737057,
    "x_value": 33120.48092356023
  },
  "25": {
    "idx": 737058,
    "x_value": 33120.482650248596
  },
  "26": {
    "idx": 737059,
    "x_value": 33120.493117001606
  },
  "27": {
    "idx": 737072,
    "x_value": 33120.53691348423
  },
  "28": {
    "idx": 737073,
    "x_value": 33120.53870289333
  },
  "29": {
    "idx": 737074,
    "x_value": 33120.543587137414
  },
  "30": {
    "idx": 737075,
    "x_value": 33120.55348277291
  }
}