{
  "1": {
    "idx": 341253,
    "x_value": 34225.0045771524
  },
  "2": {
    "idx": 341254,
    "x_value": 34225.025265774566
  },
  "3": {
    "idx": 341263,
    "x_value": 34225.19164793851
  },
  "4": {
    "idx": 341266,
    "x_value": 34225.23823207737
  },
  "5": {
    "idx": 341267,
    "x_value": 34225.23875144564
  },
  "6": {
    "idx": 341268,
    "x_value": 34225.2574557118
  },
  "7": {
    "idx": 341271,
    "x_value": 34225.28314929085
  },
  "8": {
    "idx": 341272,
    "x_value": 34225.28703525049
  },
  "9": {
    "idx": 341273,
    "x_value": 34225.293636298215
  }
}