{
  "1": {
    "idx": 131571,
    "x_value": 7618.747675217495
  },
  "2": {
    "idx": 131572,
    "x_value": 7618.789866103585
  },
  "3": {
    "idx": 131573,
    "x_value": 7618.8175206293745
  },
  "4": {
    "idx": 131574,
    "x_value": 7618.839970765932
  },
  "5": {
    "idx": 131575,
    "x_value": 7618.848370268527
  },
  "6": {
    "idx": 131903,
    "x_value": 7621.664202948061
  },
  "7": {
    "idx": 132617,
    "x_value": 7627.314863697318
  },
  "8": {
    "idx": 132772,
    "x_value": 7628.529242666351
  },
  "9": {
    "idx": 132925,
    "x_value": 7629.705176060107
  },
  "10": {
    "idx": 132926,
    "x_value": 7629.715776742955
  },
  "11": {
    "idx": 133304,
    "x_value": 7631.89728964522
  },
  "12": {
    "idx": 133319,
    "x_value": 7631.945575187551
  },
  "13": {
    "idx": 133320,
    "x_value": 7631.954861777161
  },
  "14": {
    "idx": 133325,
    "x_value": 7631.9736702110185
  },
  "15": {
    "idx": 133352,
    "x_value": 7632.177875235904
  },
  "16": {
    "idx": 134228,
    "x_value": 7635.743634434966
  },
  "17": {
    "idx": 134233,
    "x_value": 7635.758155622349
  },
  "18": {
    "idx": 134238,
    "x_value": 7635.816034057524
  },
  "19": {
    "idx": 134246,
    "x_value": 7635.846978928171
  },
  "20": {
    "idx": 134249,
    "x_value": 7635.862717543408
  },
  "21": {
    "idx": 134250,
    "x_value": 7635.883456068102
  },
  "22": {
    "idx": 134251,
    "x_value": 7635.88731237355
  },
  "23": {
    "idx": 134254,
    "x_value": 7635.888491942497
  },
  "24": {
    "idx": 134407,
    "x_value": 7636.376308988774
  },
  "25": {
    "idx": 134410,
    "x_value": 7636.385386808612
  },
  "26": {
    "idx": 134429,
    "x_value": 7636.443561492324
  },
  "27": {
    "idx": 134434,
    "x_value": 7636.449888915005
  },
  "28": {
    "idx": 134443,
    "x_value": 7636.4748631732145
  },
  "29": {
    "idx": 134444,
    "x_value": 7636.487900422737
  },
  "30": {
    "idx": 134445,
    "x_value": 7636.492898926373
  }
}