{
  "1": {
    "idx": 71130,
    "x_value": 6400.800512160549
  },
  "2": {
    "idx": 71131,
    "x_value": 6400.892787414028
  },
  "3": {
    "idx": 71132,
    "x_value": 6400.929035902459
  },
  "4": {
    "idx": 71133,
    "x_value": 6400.950003887418
  },
  "5": {
    "idx": 71134,
    "x_value": 6400.960348835847
  },
  "6": {
    "idx": 71135,
    "x_value": 6400.995826128996
  },
  "7": {
    "idx": 71136,
    "x_value": 6401.016756148533
  },
  "8": {
    "idx": 71137,
    "x_value": 6401.03767418749
  },
  "9": {
    "idx": 71138,
    "x_value": 6401.050910237631
  },
  "10": {
    "idx": 71139,
    "x_value": 6401.0563281869945
  }
}