{
  "1": {
    "idx": 6648495,
    "x_value": 629853.2363453882
  },
  "2": {
    "idx": 6648496,
    "x_value": 629856.3504276874
  },
  "3": {
    "idx": 6648497,
    "x_value": 629856.3840513487
  },
  "4": {
    "idx": 6648498,
    "x_value": 629856.4022677958
  },
  "5": {
    "idx": 6648505,
    "x_value": 629856.4661172047
  },
  "6": {
    "idx": 6662324,
    "x_value": 629910.5264476353
  },
  "7": {
    "idx": 6662327,
    "x_value": 629910.5480178631
  },
  "8": {
    "idx": 6662330,
    "x_value": 629910.5666120466
  },
  "9": {
    "idx": 6662360,
    "x_value": 629910.6342410988
  },
  "10": {
    "idx": 6668242,
    "x_value": 629923.2377972448
  },
  "11": {
    "idx": 6668245,
    "x_value": 629923.2414510668
  },
  "12": {
    "idx": 6668252,
    "x_value": 629923.2469445743
  },
  "13": {
    "idx": 6669108,
    "x_value": 629924.625046355
  },
  "14": {
    "idx": 6669393,
    "x_value": 629925.1814352343
  },
  "15": {
    "idx": 6669408,
    "x_value": 629925.2109267187
  },
  "16": {
    "idx": 6670334,
    "x_value": 629926.5032141568
  },
  "17": {
    "idx": 6688938,
    "x_value": 629949.3993194051
  },
  "18": {
    "idx": 6688949,
    "x_value": 629949.4229637034
  },
  "19": {
    "idx": 6688954,
    "x_value": 629949.4288295857
  },
  "20": {
    "idx": 6689328,
    "x_value": 629949.8394697143
  },
  "21": {
    "idx": 6689359,
    "x_value": 629949.8705751942
  },
  "22": {
    "idx": 6689904,
    "x_value": 629950.4500224525
  },
  "23": {
    "idx": 6690137,
    "x_value": 629950.6827127612
  },
  "24": {
    "idx": 6690174,
    "x_value": 629950.7244749262
  },
  "25": {
    "idx": 6690229,
    "x_value": 629950.7876453873
  },
  "26": {
    "idx": 6690248,
    "x_value": 629950.8012166884
  },
  "27": {
    "idx": 6690257,
    "x_value": 629950.8170713742
  },
  "28": {
    "idx": 6690270,
    "x_value": 629950.8382465999
  },
  "29": {
    "idx": 6690271,
    "x_value": 629950.8382913086
  },
  "30": {
    "idx": 6690272,
    "x_value": 629950.8411215646
  }
}