{
  "1": {
    "idx": 334538,
    "x_value": 32211.826597391464
  },
  "2": {
    "idx": 334541,
    "x_value": 32212.463053968953
  },
  "3": {
    "idx": 334542,
    "x_value": 32212.469403579307
  },
  "4": {
    "idx": 334545,
    "x_value": 32212.501216690816
  },
  "5": {
    "idx": 334546,
    "x_value": 32212.57524129353
  },
  "6": {
    "idx": 334547,
    "x_value": 32212.582305107077
  },
  "7": {
    "idx": 334548,
    "x_value": 32212.584489225323
  },
  "8": {
    "idx": 334551,
    "x_value": 32212.602255868427
  },
  "9": {
    "idx": 334552,
    "x_value": 32212.618094954538
  },
  "10": {
    "idx": 334553,
    "x_value": 32212.619002867083
  }
}