{
  "1": {
    "idx": 422045,
    "x_value": 42165.050693525984
  },
  "2": {
    "idx": 422046,
    "x_value": 42165.06946895466
  },
  "3": {
    "idx": 422049,
    "x_value": 42165.22279405275
  },
  "4": {
    "idx": 422052,
    "x_value": 42165.28866116376
  },
  "5": {
    "idx": 422053,
    "x_value": 42165.2977664141
  },
  "6": {
    "idx": 422054,
    "x_value": 42165.29845667916
  },
  "7": {
    "idx": 422055,
    "x_value": 42165.29908485556
  },
  "8": {
    "idx": 422056,
    "x_value": 42165.29933803329
  },
  "9": {
    "idx": 422057,
    "x_value": 42165.308766760376
  },
  "10": {
    "idx": 422058,
    "x_value": 42165.33871415308
  }
}