{
  "1": {
    "idx": 32635,
    "x_value": 3267.889584204131
  },
  "2": {
    "idx": 32638,
    "x_value": 3268.555880884399
  },
  "3": {
    "idx": 32639,
    "x_value": 3268.5727541122533
  },
  "4": {
    "idx": 32640,
    "x_value": 3268.5763568201946
  },
  "5": {
    "idx": 32641,
    "x_value": 3268.5787733591396
  },
  "6": {
    "idx": 32642,
    "x_value": 3268.5944000088743
  },
  "7": {
    "idx": 32643,
    "x_value": 3268.6022200774073
  },
  "8": {
    "idx": 32644,
    "x_value": 3268.6033165506537
  },
  "9": {
    "idx": 32645,
    "x_value": 3268.6082979352086
  }
}