{
  "1": {
    "idx": 17301,
    "x_value": 2083.0760048046245
  },
  "2": {
    "idx": 17306,
    "x_value": 2083.189613375808
  },
  "3": {
    "idx": 17307,
    "x_value": 2083.2311201139987
  },
  "4": {
    "idx": 17308,
    "x_value": 2083.269883976002
  },
  "5": {
    "idx": 17309,
    "x_value": 2083.28031658661
  },
  "6": {
    "idx": 17310,
    "x_value": 2083.2829140779927
  },
  "7": {
    "idx": 17311,
    "x_value": 2083.287290408798
  }
}