{
  "1": {
    "idx": 644282,
    "x_value": 85892.34062911662
  },
  "2": {
    "idx": 644283,
    "x_value": 85892.42975609573
  },
  "3": {
    "idx": 644284,
    "x_value": 85892.43821784339
  },
  "4": {
    "idx": 644285,
    "x_value": 85892.44896661992
  },
  "5": {
    "idx": 644286,
    "x_value": 85892.45436268541
  },
  "6": {
    "idx": 644287,
    "x_value": 85892.45830124564
  },
  "7": {
    "idx": 644288,
    "x_value": 85892.4622615406
  }
}