{
  "1": {
    "idx": 9102,
    "x_value": 376.65244828457384
  },
  "2": {
    "idx": 9103,
    "x_value": 376.6885667778708
  },
  "3": {
    "idx": 9104,
    "x_value": 376.69456757513535
  },
  "4": {
    "idx": 9105,
    "x_value": 376.80235133602025
  },
  "5": {
    "idx": 9172,
    "x_value": 379.21463784468165
  },
  "6": {
    "idx": 9177,
    "x_value": 379.4800027449768
  },
  "7": {
    "idx": 9186,
    "x_value": 379.8775351814887
  },
  "8": {
    "idx": 9187,
    "x_value": 379.91961525210564
  },
  "9": {
    "idx": 9188,
    "x_value": 379.92162032772274
  },
  "10": {
    "idx": 9195,
    "x_value": 380.11611217107736
  },
  "11": {
    "idx": 9197,
    "x_value": 380.1245903402365
  },
  "12": {
    "idx": 9206,
    "x_value": 380.2478736424837
  },
  "13": {
    "idx": 9269,
    "x_value": 380.96276454042396
  },
  "14": {
    "idx": 9270,
    "x_value": 380.9642118174384
  },
  "15": {
    "idx": 9365,
    "x_value": 381.90604623831615
  },
  "16": {
    "idx": 9402,
    "x_value": 382.23207984284977
  },
  "17": {
    "idx": 9413,
    "x_value": 382.30339245482
  },
  "18": {
    "idx": 9420,
    "x_value": 382.36248288059693
  },
  "19": {
    "idx": 9422,
    "x_value": 382.36322874833706
  },
  "20": {
    "idx": 9423,
    "x_value": 382.3658402421317
  },
  "21": {
    "idx": 9424,
    "x_value": 382.36948863755117
  },
  "22": {
    "idx": 9425,
    "x_value": 382.3946006971913
  },
  "23": {
    "idx": 9426,
    "x_value": 382.3956204515116
  },
  "24": {
    "idx": 9429,
    "x_value": 382.4021054075772
  },
  "25": {
    "idx": 9430,
    "x_value": 382.40432744036235
  },
  "26": {
    "idx": 9431,
    "x_value": 382.4111027684634
  },
  "27": {
    "idx": 9437,
    "x_value": 382.43937570012577
  },
  "28": {
    "idx": 9438,
    "x_value": 382.439397192226
  },
  "29": {
    "idx": 9439,
    "x_value": 382.44604496556286
  },
  "30": {
    "idx": 9440,
    "x_value": 382.4486195269684
  }
}