{
  "1": {
    "idx": 366602,
    "x_value": 46062.18761505091
  },
  "2": {
    "idx": 366603,
    "x_value": 46063.54202319418
  },
  "3": {
    "idx": 366604,
    "x_value": 46063.58069153639
  },
  "4": {
    "idx": 366605,
    "x_value": 46063.583254827776
  },
  "5": {
    "idx": 366606,
    "x_value": 46063.585681436045
  },
  "6": {
    "idx": 366607,
    "x_value": 46063.58746959146
  },
  "7": {
    "idx": 366608,
    "x_value": 46063.588881102994
  }
}