{
  "ZR6_PERCENTAGE": 1.0,
  "Zr_conc_total": 192.0,
  "Linker_conc_total": 4.0,
  "Capping_agent_conc": 300.0,
  "equilibrium_constant_coefficient": 1.32975172557788,
  "effective_equilibrium_constant": 1.5250299510123937,
  "distorted_linker_enabled": true,
  "distorted_ligand_state": {
    "association_constant": 0.010166866340082625,
    "effective_exchange_equilibrium_constant": 1.5250299510123937,
    "acid_speciation": {
      "linker_carboxylate_to_acid_ratio": 0.0,
      "formate_to_acid_ratio": 0.0,
      "linker_carboxylic_acid_conc": 8.0,
      "formic_acid_conc": 300.0
    },
    "second_step_equivalents": 1.0,
    "total_zr6_conc": 32.0,
    "total_linker_conc": 4.0,
    "distorted_ligand_conc": 0.9595260088125743,
    "polymerized_distorted_conc": 0.9595260088125743,
    "off_pathway_zr6_conc": 1.9190520176251487,
    "off_pathway_linker_conc": 1.9190520176251487,
    "distorted_ligand_fraction": 0.23988150220314358,
    "off_pathway_linker_fraction": 0.47976300440628716,
    "off_pathway_zr6_fraction": 0.059970375550785895,
    "free_zr6_conc": 30.080947982374852,
    "free_linker_conc": 2.0809479823748513,
    "free_zr6_fraction": 0.9400296244492141,
    "free_linker_fraction": 0.5202369955937128
  },
  "effective_zr6_conc_for_growth": 30.080947982374852,
  "effective_linker_conc_for_growth": 2.0809479823748513,
  "Zr6_conc_adding_probability": 0.7032511516850581,
  "external_addition_activity": 0.699312653676841
}