{
  "1": {
    "idx": 405063,
    "x_value": 54147.16826903491
  },
  "2": {
    "idx": 405064,
    "x_value": 54147.384613651404
  },
  "3": {
    "idx": 405065,
    "x_value": 54147.39326664492
  },
  "4": {
    "idx": 405066,
    "x_value": 54147.40363953786
  },
  "5": {
    "idx": 405067,
    "x_value": 54147.406399963176
  },
  "6": {
    "idx": 405068,
    "x_value": 54147.40660689302
  },
  "7": {
    "idx": 405069,
    "x_value": 54147.408725659
  }
}