{
  "1": {
    "idx": 139969,
    "x_value": 18724.570113732658
  },
  "2": {
    "idx": 139970,
    "x_value": 18724.80531773879
  },
  "3": {
    "idx": 139971,
    "x_value": 18724.8086481501
  },
  "4": {
    "idx": 139972,
    "x_value": 18724.82842739417
  },
  "5": {
    "idx": 139973,
    "x_value": 18724.831435187563
  },
  "6": {
    "idx": 139974,
    "x_value": 18724.837590758638
  }
}