{
  "1": {
    "idx": 6553882,
    "x_value": 917750.2516845603
  },
  "2": {
    "idx": 6553883,
    "x_value": 917750.2546925597
  },
  "3": {
    "idx": 6553884,
    "x_value": 917750.2563366521
  },
  "4": {
    "idx": 6553885,
    "x_value": 917750.2631383284
  },
  "5": {
    "idx": 6553886,
    "x_value": 917750.2675897045
  },
  "6": {
    "idx": 6553887,
    "x_value": 917750.2694243691
  },
  "7": {
    "idx": 6553888,
    "x_value": 917750.2700501347
  }
}