{
  "1": {
    "idx": 31613,
    "x_value": 2897.7924089220373
  },
  "2": {
    "idx": 31620,
    "x_value": 2898.309356954001
  },
  "3": {
    "idx": 31621,
    "x_value": 2898.369595317705
  },
  "4": {
    "idx": 31622,
    "x_value": 2898.421641083256
  },
  "5": {
    "idx": 31623,
    "x_value": 2898.423005976472
  },
  "6": {
    "idx": 31626,
    "x_value": 2898.5021523827286
  },
  "7": {
    "idx": 31627,
    "x_value": 2898.5036818550952
  },
  "8": {
    "idx": 31628,
    "x_value": 2898.5207805298573
  },
  "9": {
    "idx": 31629,
    "x_value": 2898.5277132516408
  }
}