{
  "1": {
    "idx": 4272,
    "x_value": 364.84486770743536
  },
  "2": {
    "idx": 4273,
    "x_value": 364.9375970022866
  },
  "3": {
    "idx": 4276,
    "x_value": 365.08365551087417
  },
  "4": {
    "idx": 4277,
    "x_value": 365.2009336482151
  },
  "5": {
    "idx": 4278,
    "x_value": 365.23037664477226
  },
  "6": {
    "idx": 4279,
    "x_value": 365.2555435071617
  },
  "7": {
    "idx": 4280,
    "x_value": 365.26613393908946
  },
  "8": {
    "idx": 4281,
    "x_value": 365.2678606334194
  },
  "9": {
    "idx": 4282,
    "x_value": 365.2872145317643
  },
  "10": {
    "idx": 4283,
    "x_value": 365.3058881487343
  },
  "11": {
    "idx": 4284,
    "x_value": 365.3065383567022
  }
}