{
  "1": {
    "idx": 128542,
    "x_value": 17342.47493974206
  },
  "2": {
    "idx": 128543,
    "x_value": 17342.50913484594
  },
  "3": {
    "idx": 128544,
    "x_value": 17342.53075047739
  },
  "4": {
    "idx": 128545,
    "x_value": 17342.53820618102
  },
  "5": {
    "idx": 128546,
    "x_value": 17342.539817381778
  },
  "6": {
    "idx": 128547,
    "x_value": 17342.5403840702
  }
}