{
  "1": {
    "idx": 218850,
    "x_value": 22190.52718190594
  },
  "2": {
    "idx": 218851,
    "x_value": 22190.559822286938
  },
  "3": {
    "idx": 218852,
    "x_value": 22190.62437586737
  },
  "4": {
    "idx": 218853,
    "x_value": 22190.626450726595
  },
  "5": {
    "idx": 218854,
    "x_value": 22190.644074607222
  },
  "6": {
    "idx": 218855,
    "x_value": 22190.66048432918
  },
  "7": {
    "idx": 218856,
    "x_value": 22190.66240907916
  },
  "8": {
    "idx": 218857,
    "x_value": 22190.66425727629
  },
  "9": {
    "idx": 218858,
    "x_value": 22190.6645087425
  }
}