{
  "1": {
    "idx": 649461,
    "x_value": 74479.89261134216
  },
  "2": {
    "idx": 649462,
    "x_value": 74480.51191372196
  },
  "3": {
    "idx": 649463,
    "x_value": 74480.51801710877
  },
  "4": {
    "idx": 649464,
    "x_value": 74480.53172165519
  },
  "5": {
    "idx": 649465,
    "x_value": 74480.54511584167
  },
  "6": {
    "idx": 649466,
    "x_value": 74480.55855836553
  },
  "7": {
    "idx": 649467,
    "x_value": 74480.5586330077
  },
  "8": {
    "idx": 649468,
    "x_value": 74480.55924891475
  }
}