{
  "1": {
    "idx": 292857,
    "x_value": 42104.469785084286
  },
  "2": {
    "idx": 292858,
    "x_value": 42104.61713343743
  },
  "3": {
    "idx": 292859,
    "x_value": 42104.61875735594
  },
  "4": {
    "idx": 292860,
    "x_value": 42104.62021513395
  },
  "5": {
    "idx": 292861,
    "x_value": 42104.62058371834
  }
}