{
  "1": {
    "idx": 105559,
    "x_value": 14291.359716435036
  },
  "2": {
    "idx": 105560,
    "x_value": 14291.440380411203
  },
  "3": {
    "idx": 105561,
    "x_value": 14291.442865099227
  },
  "4": {
    "idx": 105562,
    "x_value": 14291.4437908899
  },
  "5": {
    "idx": 105563,
    "x_value": 14291.444235940622
  },
  "6": {
    "idx": 105564,
    "x_value": 14291.449942016005
  }
}