{
  "1": {
    "idx": 455073,
    "x_value": 55206.540099358426
  },
  "2": {
    "idx": 455074,
    "x_value": 55207.417561248265
  },
  "3": {
    "idx": 455075,
    "x_value": 55207.43132252203
  },
  "4": {
    "idx": 455076,
    "x_value": 55207.44503489305
  },
  "5": {
    "idx": 455077,
    "x_value": 55207.450287928885
  },
  "6": {
    "idx": 455078,
    "x_value": 55207.45731177887
  },
  "7": {
    "idx": 455079,
    "x_value": 55207.47539296927
  },
  "8": {
    "idx": 455080,
    "x_value": 55207.476958728104
  }
}