{
  "1": {
    "idx": 173411,
    "x_value": 22818.768417759464
  },
  "2": {
    "idx": 173412,
    "x_value": 22819.023953626674
  },
  "3": {
    "idx": 173413,
    "x_value": 22819.037235647524
  },
  "4": {
    "idx": 173414,
    "x_value": 22819.037563064354
  },
  "5": {
    "idx": 173415,
    "x_value": 22819.039454476
  },
  "6": {
    "idx": 173416,
    "x_value": 22819.04301486377
  },
  "7": {
    "idx": 173417,
    "x_value": 22819.04334106023
  }
}