{
  "1": {
    "idx": 389837,
    "x_value": 32771.42354607686
  },
  "2": {
    "idx": 389838,
    "x_value": 32773.11514899738
  },
  "3": {
    "idx": 389843,
    "x_value": 32773.25898827924
  },
  "4": {
    "idx": 389844,
    "x_value": 32773.30218141698
  },
  "5": {
    "idx": 389845,
    "x_value": 32773.31612921984
  },
  "6": {
    "idx": 389846,
    "x_value": 32773.37820825662
  },
  "7": {
    "idx": 389847,
    "x_value": 32773.384525882175
  },
  "8": {
    "idx": 389848,
    "x_value": 32773.390110865555
  },
  "9": {
    "idx": 389849,
    "x_value": 32773.4075141092
  },
  "10": {
    "idx": 389850,
    "x_value": 32773.41199827203
  },
  "11": {
    "idx": 389851,
    "x_value": 32773.42044967727
  }
}