{
  "1": {
    "idx": 103255,
    "x_value": 10866.13726795319
  },
  "2": {
    "idx": 103258,
    "x_value": 10867.306529467904
  },
  "3": {
    "idx": 103259,
    "x_value": 10867.321455629708
  },
  "4": {
    "idx": 103260,
    "x_value": 10867.326904741694
  },
  "5": {
    "idx": 103261,
    "x_value": 10867.332417059808
  },
  "6": {
    "idx": 103264,
    "x_value": 10867.351974816422
  },
  "7": {
    "idx": 103265,
    "x_value": 10867.371523778495
  },
  "8": {
    "idx": 103266,
    "x_value": 10867.374565621587
  }
}