{
  "1": {
    "idx": 116976,
    "x_value": 5166.550380071571
  },
  "2": {
    "idx": 116977,
    "x_value": 5166.708537564496
  },
  "3": {
    "idx": 116980,
    "x_value": 5166.891141375982
  },
  "4": {
    "idx": 117065,
    "x_value": 5169.990154277898
  },
  "5": {
    "idx": 117066,
    "x_value": 5170.023113664559
  },
  "6": {
    "idx": 117067,
    "x_value": 5170.14172940304
  },
  "7": {
    "idx": 117070,
    "x_value": 5170.180116065956
  },
  "8": {
    "idx": 117071,
    "x_value": 5170.20063780143
  },
  "9": {
    "idx": 117072,
    "x_value": 5170.210905392915
  },
  "10": {
    "idx": 117073,
    "x_value": 5170.248535841936
  },
  "11": {
    "idx": 117090,
    "x_value": 5170.562708508154
  },
  "12": {
    "idx": 117092,
    "x_value": 5170.562892378412
  },
  "13": {
    "idx": 117244,
    "x_value": 5171.933775500218
  },
  "14": {
    "idx": 117247,
    "x_value": 5171.969279934468
  },
  "15": {
    "idx": 117442,
    "x_value": 5173.683220405038
  },
  "16": {
    "idx": 117457,
    "x_value": 5173.852043963333
  },
  "17": {
    "idx": 117470,
    "x_value": 5173.919231254293
  },
  "18": {
    "idx": 117609,
    "x_value": 5175.225895874453
  },
  "19": {
    "idx": 117716,
    "x_value": 5176.083543472394
  },
  "20": {
    "idx": 117721,
    "x_value": 5176.103053812346
  },
  "21": {
    "idx": 117728,
    "x_value": 5176.137239207199
  },
  "22": {
    "idx": 117733,
    "x_value": 5176.152014432778
  },
  "23": {
    "idx": 117738,
    "x_value": 5176.174035543444
  },
  "24": {
    "idx": 117739,
    "x_value": 5176.181726260222
  },
  "25": {
    "idx": 117760,
    "x_value": 5176.336073613297
  },
  "26": {
    "idx": 117765,
    "x_value": 5176.365990289879
  },
  "27": {
    "idx": 117766,
    "x_value": 5176.368709611076
  },
  "28": {
    "idx": 117767,
    "x_value": 5176.396038342583
  },
  "29": {
    "idx": 117770,
    "x_value": 5176.421463838422
  },
  "30": {
    "idx": 117771,
    "x_value": 5176.423932538936
  }
}