{
  "1": {
    "idx": 197619,
    "x_value": 15531.43213883704
  },
  "2": {
    "idx": 197626,
    "x_value": 15531.576732849122
  },
  "3": {
    "idx": 197629,
    "x_value": 15531.725480611352
  },
  "4": {
    "idx": 197632,
    "x_value": 15531.781596914978
  },
  "5": {
    "idx": 197633,
    "x_value": 15531.868399650553
  },
  "6": {
    "idx": 197634,
    "x_value": 15531.941121745198
  },
  "7": {
    "idx": 197635,
    "x_value": 15531.946454547142
  },
  "8": {
    "idx": 197636,
    "x_value": 15531.976147214848
  },
  "9": {
    "idx": 197637,
    "x_value": 15531.997183247579
  },
  "10": {
    "idx": 197638,
    "x_value": 15532.013794088518
  },
  "11": {
    "idx": 197639,
    "x_value": 15532.026372353906
  }
}