{
  "1": {
    "idx": 912673,
    "x_value": 73321.55440571683
  },
  "2": {
    "idx": 912682,
    "x_value": 73322.03179198474
  },
  "3": {
    "idx": 912695,
    "x_value": 73322.27957189232
  },
  "4": {
    "idx": 912696,
    "x_value": 73322.30015922645
  },
  "5": {
    "idx": 912697,
    "x_value": 73322.30480750359
  },
  "6": {
    "idx": 923816,
    "x_value": 73384.94355933508
  },
  "7": {
    "idx": 923859,
    "x_value": 73385.17055230441
  },
  "8": {
    "idx": 923860,
    "x_value": 73385.19828579121
  },
  "9": {
    "idx": 926479,
    "x_value": 73394.69547263168
  },
  "10": {
    "idx": 926578,
    "x_value": 73395.08750623369
  },
  "11": {
    "idx": 926691,
    "x_value": 73395.37770158082
  },
  "12": {
    "idx": 933590,
    "x_value": 73414.42820872746
  },
  "13": {
    "idx": 933593,
    "x_value": 73414.44595405935
  },
  "14": {
    "idx": 933680,
    "x_value": 73414.73667621368
  },
  "15": {
    "idx": 940054,
    "x_value": 73428.82913864458
  },
  "16": {
    "idx": 940069,
    "x_value": 73428.86557177654
  },
  "17": {
    "idx": 940338,
    "x_value": 73429.42397151381
  },
  "18": {
    "idx": 940455,
    "x_value": 73429.64390878494
  },
  "19": {
    "idx": 940869,
    "x_value": 73430.44459780878
  },
  "20": {
    "idx": 940876,
    "x_value": 73430.45504553796
  },
  "21": {
    "idx": 940879,
    "x_value": 73430.46660935896
  },
  "22": {
    "idx": 940920,
    "x_value": 73430.52759470766
  },
  "23": {
    "idx": 940923,
    "x_value": 73430.53573072504
  },
  "24": {
    "idx": 940928,
    "x_value": 73430.54263912042
  },
  "25": {
    "idx": 940975,
    "x_value": 73430.6168952227
  },
  "26": {
    "idx": 940976,
    "x_value": 73430.61905444614
  },
  "27": {
    "idx": 940999,
    "x_value": 73430.65045369847
  },
  "28": {
    "idx": 941014,
    "x_value": 73430.66552714659
  },
  "29": {
    "idx": 941015,
    "x_value": 73430.66750550923
  },
  "30": {
    "idx": 941016,
    "x_value": 73430.66919262186
  }
}