{
  "1": {
    "idx": 13572,
    "x_value": 576.9339325080826
  },
  "2": {
    "idx": 13927,
    "x_value": 590.1554352243586
  },
  "3": {
    "idx": 13928,
    "x_value": 590.2197182704506
  },
  "4": {
    "idx": 13933,
    "x_value": 590.350990330709
  },
  "5": {
    "idx": 13934,
    "x_value": 590.4986452579722
  },
  "6": {
    "idx": 13935,
    "x_value": 590.5090182103512
  },
  "7": {
    "idx": 13948,
    "x_value": 590.9663149907815
  },
  "8": {
    "idx": 13956,
    "x_value": 591.1456346207729
  },
  "9": {
    "idx": 14469,
    "x_value": 596.3043392133034
  },
  "10": {
    "idx": 14472,
    "x_value": 596.3371762722635
  },
  "11": {
    "idx": 14491,
    "x_value": 596.5868059554541
  },
  "12": {
    "idx": 14510,
    "x_value": 596.9864254896155
  },
  "13": {
    "idx": 14511,
    "x_value": 597.0108549603932
  },
  "14": {
    "idx": 14919,
    "x_value": 600.8227677938136
  },
  "15": {
    "idx": 14920,
    "x_value": 600.8261116874279
  },
  "16": {
    "idx": 14921,
    "x_value": 600.8419542310085
  },
  "17": {
    "idx": 14924,
    "x_value": 600.8610886361209
  },
  "18": {
    "idx": 14935,
    "x_value": 600.9520847940298
  },
  "19": {
    "idx": 14936,
    "x_value": 600.9521303207514
  },
  "20": {
    "idx": 14937,
    "x_value": 600.9540349873545
  },
  "21": {
    "idx": 15004,
    "x_value": 601.4329294830618
  },
  "22": {
    "idx": 15053,
    "x_value": 601.7668150095024
  },
  "23": {
    "idx": 15056,
    "x_value": 601.7708557381897
  },
  "24": {
    "idx": 15061,
    "x_value": 601.822347626154
  },
  "25": {
    "idx": 15062,
    "x_value": 601.8231506844951
  },
  "26": {
    "idx": 15063,
    "x_value": 601.8274135489794
  },
  "27": {
    "idx": 15064,
    "x_value": 601.8424168971209
  },
  "28": {
    "idx": 15065,
    "x_value": 601.8656646322934
  },
  "29": {
    "idx": 15066,
    "x_value": 601.8667521201658
  },
  "30": {
    "idx": 15067,
    "x_value": 601.8886321132197
  }
}