{
  "1": {
    "idx": 492277,
    "x_value": 68172.57296681155
  },
  "2": {
    "idx": 492278,
    "x_value": 68172.95259381793
  },
  "3": {
    "idx": 492279,
    "x_value": 68172.95834719265
  },
  "4": {
    "idx": 492280,
    "x_value": 68172.9602232982
  },
  "5": {
    "idx": 492281,
    "x_value": 68172.96290292949
  },
  "6": {
    "idx": 492282,
    "x_value": 68172.96307401216
  }
}