{
  "1": {
    "idx": 233047,
    "x_value": 24178.59135170589
  },
  "2": {
    "idx": 233048,
    "x_value": 24178.99712012917
  },
  "3": {
    "idx": 233049,
    "x_value": 24179.045588914778
  },
  "4": {
    "idx": 233050,
    "x_value": 24179.06482494403
  },
  "5": {
    "idx": 233053,
    "x_value": 24179.144632559462
  },
  "6": {
    "idx": 233054,
    "x_value": 24179.164114330695
  },
  "7": {
    "idx": 233055,
    "x_value": 24179.16550445984
  },
  "8": {
    "idx": 233056,
    "x_value": 24179.177276794664
  },
  "9": {
    "idx": 233057,
    "x_value": 24179.18805610745
  },
  "10": {
    "idx": 233058,
    "x_value": 24179.19237880041
  }
}