{
  "1": {
    "idx": 272198,
    "x_value": 37145.525111863244
  },
  "2": {
    "idx": 272201,
    "x_value": 37147.17291726078
  },
  "3": {
    "idx": 272202,
    "x_value": 37147.173372925485
  },
  "4": {
    "idx": 272203,
    "x_value": 37147.17925036861
  },
  "5": {
    "idx": 272204,
    "x_value": 37147.18230930911
  },
  "6": {
    "idx": 272205,
    "x_value": 37147.18814470795
  }
}