{
  "1": {
    "idx": 2843094,
    "x_value": 409319.63816024805
  },
  "2": {
    "idx": 2843095,
    "x_value": 409319.68192949926
  },
  "3": {
    "idx": 2843096,
    "x_value": 409319.68199915846
  },
  "4": {
    "idx": 2843097,
    "x_value": 409319.6827828724
  },
  "5": {
    "idx": 2843098,
    "x_value": 409319.6828080884
  },
  "6": {
    "idx": 2843099,
    "x_value": 409319.6830008549
  }
}