{
  "1": {
    "idx": 653059,
    "x_value": 62510.16053144569
  },
  "2": {
    "idx": 653060,
    "x_value": 62510.294938637184
  },
  "3": {
    "idx": 653061,
    "x_value": 62510.30779711845
  },
  "4": {
    "idx": 653062,
    "x_value": 62510.30973179596
  },
  "5": {
    "idx": 653063,
    "x_value": 62510.32800342812
  },
  "6": {
    "idx": 653064,
    "x_value": 62510.36443612146
  },
  "7": {
    "idx": 653065,
    "x_value": 62510.37143796165
  },
  "8": {
    "idx": 653066,
    "x_value": 62510.37291368603
  },
  "9": {
    "idx": 653067,
    "x_value": 62510.37621469971
  },
  "10": {
    "idx": 653068,
    "x_value": 62510.403655997354
  }
}