{
  "1": {
    "idx": 700684,
    "x_value": 53950.39081438765
  },
  "2": {
    "idx": 700707,
    "x_value": 53951.42241649477
  },
  "3": {
    "idx": 700708,
    "x_value": 53951.44275358986
  },
  "4": {
    "idx": 700709,
    "x_value": 53951.44630195219
  },
  "5": {
    "idx": 700710,
    "x_value": 53951.47150982643
  },
  "6": {
    "idx": 703557,
    "x_value": 53968.474226184255
  },
  "7": {
    "idx": 703762,
    "x_value": 53969.70790414988
  },
  "8": {
    "idx": 703859,
    "x_value": 53970.230348632766
  },
  "9": {
    "idx": 703918,
    "x_value": 53970.569699882515
  },
  "10": {
    "idx": 718265,
    "x_value": 54020.19375837016
  },
  "11": {
    "idx": 718312,
    "x_value": 54020.36115206043
  },
  "12": {
    "idx": 718313,
    "x_value": 54020.38883363865
  },
  "13": {
    "idx": 718320,
    "x_value": 54020.43156554533
  },
  "14": {
    "idx": 718427,
    "x_value": 54020.73135389474
  },
  "15": {
    "idx": 718657,
    "x_value": 54021.317006198224
  },
  "16": {
    "idx": 718668,
    "x_value": 54021.346041770696
  },
  "17": {
    "idx": 718700,
    "x_value": 54021.38856125465
  },
  "18": {
    "idx": 720921,
    "x_value": 54025.87253113207
  },
  "19": {
    "idx": 721182,
    "x_value": 54026.31997932213
  },
  "20": {
    "idx": 721189,
    "x_value": 54026.327016516945
  },
  "21": {
    "idx": 721290,
    "x_value": 54026.52867913312
  },
  "22": {
    "idx": 721297,
    "x_value": 54026.545435000175
  },
  "23": {
    "idx": 721302,
    "x_value": 54026.547205390525
  },
  "24": {
    "idx": 721303,
    "x_value": 54026.547634153234
  },
  "25": {
    "idx": 721306,
    "x_value": 54026.54795736222
  },
  "26": {
    "idx": 721390,
    "x_value": 54026.69268275135
  },
  "27": {
    "idx": 721395,
    "x_value": 54026.71901145487
  },
  "28": {
    "idx": 721412,
    "x_value": 54026.74651380399
  },
  "29": {
    "idx": 721417,
    "x_value": 54026.751537505595
  },
  "30": {
    "idx": 721418,
    "x_value": 54026.75416997548
  }
}