{
  "1": {
    "idx": 23890,
    "x_value": 2717.26489731992
  },
  "2": {
    "idx": 23891,
    "x_value": 2717.7107060217627
  },
  "3": {
    "idx": 23892,
    "x_value": 2717.722108756308
  },
  "4": {
    "idx": 23893,
    "x_value": 2717.7433618481705
  },
  "5": {
    "idx": 23894,
    "x_value": 2717.7756276150944
  },
  "6": {
    "idx": 23895,
    "x_value": 2717.7973410634604
  },
  "7": {
    "idx": 23896,
    "x_value": 2717.80592082486
  },
  "8": {
    "idx": 23897,
    "x_value": 2717.8221629865
  }
}