{
  "1": {
    "idx": 478291,
    "x_value": 65671.17277825584
  },
  "2": {
    "idx": 478294,
    "x_value": 65672.05687908681
  },
  "3": {
    "idx": 478295,
    "x_value": 65672.05764047854
  },
  "4": {
    "idx": 478296,
    "x_value": 65672.05850040031
  },
  "5": {
    "idx": 478297,
    "x_value": 65672.06031670536
  },
  "6": {
    "idx": 478298,
    "x_value": 65672.06126057815
  }
}