{
  "1": {
    "idx": 22515,
    "x_value": 2646.3061339894257
  },
  "2": {
    "idx": 22516,
    "x_value": 2646.453337031438
  },
  "3": {
    "idx": 22517,
    "x_value": 2646.4901082826837
  },
  "4": {
    "idx": 22518,
    "x_value": 2646.4938209534753
  },
  "5": {
    "idx": 22519,
    "x_value": 2646.49639206886
  },
  "6": {
    "idx": 22520,
    "x_value": 2646.5013815530956
  },
  "7": {
    "idx": 22521,
    "x_value": 2646.505555180934
  },
  "8": {
    "idx": 22522,
    "x_value": 2646.50636444825
  }
}