{
  "1": {
    "idx": 157102,
    "x_value": 16771.49177317957
  },
  "2": {
    "idx": 157107,
    "x_value": 16771.695162925964
  },
  "3": {
    "idx": 157108,
    "x_value": 16771.708997912974
  },
  "4": {
    "idx": 157109,
    "x_value": 16771.73176624173
  },
  "5": {
    "idx": 157110,
    "x_value": 16771.766169659164
  },
  "6": {
    "idx": 157111,
    "x_value": 16771.768013633548
  },
  "7": {
    "idx": 157112,
    "x_value": 16771.769179769668
  },
  "8": {
    "idx": 157113,
    "x_value": 16771.772204645647
  },
  "9": {
    "idx": 157114,
    "x_value": 16771.776926961265
  }
}