{
  "1": {
    "idx": 9258,
    "x_value": 856.8127703485002
  },
  "2": {
    "idx": 9261,
    "x_value": 857.0820055985083
  },
  "3": {
    "idx": 9262,
    "x_value": 857.1139691772514
  },
  "4": {
    "idx": 9263,
    "x_value": 857.1396184023305
  },
  "5": {
    "idx": 9264,
    "x_value": 857.1647399972617
  },
  "6": {
    "idx": 12041,
    "x_value": 869.620513332691
  },
  "7": {
    "idx": 12076,
    "x_value": 869.7478480989178
  },
  "8": {
    "idx": 12085,
    "x_value": 869.8045962720576
  },
  "9": {
    "idx": 15305,
    "x_value": 878.4488402129921
  },
  "10": {
    "idx": 15384,
    "x_value": 878.7096907286036
  },
  "11": {
    "idx": 15407,
    "x_value": 878.758929116479
  },
  "12": {
    "idx": 15408,
    "x_value": 878.7603561201198
  },
  "13": {
    "idx": 16040,
    "x_value": 880.0094817237866
  },
  "14": {
    "idx": 16266,
    "x_value": 880.4470864141857
  },
  "15": {
    "idx": 16273,
    "x_value": 880.4544449136949
  },
  "16": {
    "idx": 16348,
    "x_value": 880.5955984032562
  },
  "17": {
    "idx": 19979,
    "x_value": 885.8464619224596
  },
  "18": {
    "idx": 20420,
    "x_value": 886.4618824197262
  },
  "19": {
    "idx": 20573,
    "x_value": 886.6379721789989
  },
  "20": {
    "idx": 20842,
    "x_value": 886.9775212205283
  },
  "21": {
    "idx": 20843,
    "x_value": 886.9826061456641
  },
  "22": {
    "idx": 20873,
    "x_value": 887.0264263397872
  },
  "23": {
    "idx": 20890,
    "x_value": 887.0514488821251
  },
  "24": {
    "idx": 20947,
    "x_value": 887.1001774848686
  },
  "25": {
    "idx": 21092,
    "x_value": 887.2730012046326
  },
  "26": {
    "idx": 21127,
    "x_value": 887.307501906221
  },
  "27": {
    "idx": 21288,
    "x_value": 887.4304827097187
  },
  "28": {
    "idx": 21299,
    "x_value": 887.4448003837158
  },
  "29": {
    "idx": 21302,
    "x_value": 887.4469851070922
  },
  "30": {
    "idx": 21303,
    "x_value": 887.4518918273387
  }
}