{
  "1": {
    "idx": 398328,
    "x_value": 30684.6795518177
  },
  "2": {
    "idx": 398331,
    "x_value": 30685.000048530685
  },
  "3": {
    "idx": 398334,
    "x_value": 30685.209519889908
  },
  "4": {
    "idx": 398335,
    "x_value": 30685.242641187666
  },
  "5": {
    "idx": 398336,
    "x_value": 30685.250922818013
  },
  "6": {
    "idx": 409213,
    "x_value": 30749.335235890656
  },
  "7": {
    "idx": 409222,
    "x_value": 30749.370909534715
  },
  "8": {
    "idx": 409231,
    "x_value": 30749.428889046394
  },
  "9": {
    "idx": 409297,
    "x_value": 30749.744383334415
  },
  "10": {
    "idx": 409468,
    "x_value": 30750.498405891056
  },
  "11": {
    "idx": 409469,
    "x_value": 30750.499286844504
  },
  "12": {
    "idx": 409477,
    "x_value": 30750.526461474397
  },
  "13": {
    "idx": 415247,
    "x_value": 30765.62321877042
  },
  "14": {
    "idx": 415746,
    "x_value": 30766.79708424419
  },
  "15": {
    "idx": 415757,
    "x_value": 30766.827974115102
  },
  "16": {
    "idx": 415760,
    "x_value": 30766.861337050315
  },
  "17": {
    "idx": 415789,
    "x_value": 30766.92738025519
  },
  "18": {
    "idx": 419065,
    "x_value": 30773.77034494651
  },
  "19": {
    "idx": 419068,
    "x_value": 30773.776541296775
  },
  "20": {
    "idx": 419985,
    "x_value": 30775.65748548678
  },
  "21": {
    "idx": 419986,
    "x_value": 30775.657969713557
  },
  "22": {
    "idx": 419987,
    "x_value": 30775.6579969829
  },
  "23": {
    "idx": 419988,
    "x_value": 30775.658768518428
  },
  "24": {
    "idx": 420001,
    "x_value": 30775.68685164338
  },
  "25": {
    "idx": 420016,
    "x_value": 30775.73357714659
  },
  "26": {
    "idx": 420049,
    "x_value": 30775.791305975403
  },
  "27": {
    "idx": 420054,
    "x_value": 30775.80288942226
  },
  "28": {
    "idx": 420057,
    "x_value": 30775.82045671272
  },
  "29": {
    "idx": 420066,
    "x_value": 30775.83376624313
  },
  "30": {
    "idx": 420067,
    "x_value": 30775.834565900142
  }
}