{
  "1": {
    "idx": 619954,
    "x_value": 39538.33066858794
  },
  "2": {
    "idx": 619955,
    "x_value": 39538.65562501487
  },
  "3": {
    "idx": 619960,
    "x_value": 39538.824221091985
  },
  "4": {
    "idx": 619963,
    "x_value": 39538.96933349037
  },
  "5": {
    "idx": 619966,
    "x_value": 39539.02801764655
  },
  "6": {
    "idx": 624913,
    "x_value": 39575.03282580012
  },
  "7": {
    "idx": 625274,
    "x_value": 39577.37613277495
  },
  "8": {
    "idx": 625507,
    "x_value": 39578.90490629728
  },
  "9": {
    "idx": 625530,
    "x_value": 39579.03278916335
  },
  "10": {
    "idx": 626594,
    "x_value": 39584.374548522
  },
  "11": {
    "idx": 626743,
    "x_value": 39585.038886354945
  },
  "12": {
    "idx": 626802,
    "x_value": 39585.30406894143
  },
  "13": {
    "idx": 626822,
    "x_value": 39585.3917592706
  },
  "14": {
    "idx": 629582,
    "x_value": 39594.96315984316
  },
  "15": {
    "idx": 629583,
    "x_value": 39594.97518886191
  },
  "16": {
    "idx": 629608,
    "x_value": 39595.05727613937
  },
  "17": {
    "idx": 629615,
    "x_value": 39595.07613340689
  },
  "18": {
    "idx": 629766,
    "x_value": 39595.564733223044
  },
  "19": {
    "idx": 629777,
    "x_value": 39595.62597328346
  },
  "20": {
    "idx": 629778,
    "x_value": 39595.641393760765
  },
  "21": {
    "idx": 629781,
    "x_value": 39595.65274025974
  },
  "22": {
    "idx": 629784,
    "x_value": 39595.6638816461
  },
  "23": {
    "idx": 629809,
    "x_value": 39595.73461119197
  },
  "24": {
    "idx": 629820,
    "x_value": 39595.769160294505
  },
  "25": {
    "idx": 629821,
    "x_value": 39595.78775318341
  },
  "26": {
    "idx": 629822,
    "x_value": 39595.79052513438
  },
  "27": {
    "idx": 629855,
    "x_value": 39595.89514144673
  },
  "28": {
    "idx": 629858,
    "x_value": 39595.89640610985
  },
  "29": {
    "idx": 629859,
    "x_value": 39595.898293974926
  },
  "30": {
    "idx": 629860,
    "x_value": 39595.901169125114
  }
}