{
  "1": {
    "idx": 5134,
    "x_value": 645.9375640552506
  },
  "2": {
    "idx": 5137,
    "x_value": 646.7595811322609
  },
  "3": {
    "idx": 5138,
    "x_value": 646.7667914096287
  },
  "4": {
    "idx": 5139,
    "x_value": 646.7791743179791
  },
  "5": {
    "idx": 5140,
    "x_value": 646.7941186715609
  },
  "6": {
    "idx": 5141,
    "x_value": 646.7942427992434
  },
  "7": {
    "idx": 5142,
    "x_value": 646.7987296722811
  }
}