{
  "1": {
    "idx": 36876,
    "x_value": 2356.415955912954
  },
  "2": {
    "idx": 36881,
    "x_value": 2356.837614492765
  },
  "3": {
    "idx": 36882,
    "x_value": 2356.925868247357
  },
  "4": {
    "idx": 36883,
    "x_value": 2357.0757161136207
  },
  "5": {
    "idx": 36884,
    "x_value": 2357.0957487876763
  },
  "6": {
    "idx": 36885,
    "x_value": 2357.123452493652
  },
  "7": {
    "idx": 36886,
    "x_value": 2357.130428312568
  },
  "8": {
    "idx": 36887,
    "x_value": 2357.1531619185894
  },
  "9": {
    "idx": 36888,
    "x_value": 2357.179938137705
  },
  "10": {
    "idx": 36889,
    "x_value": 2357.211238324146
  },
  "11": {
    "idx": 36890,
    "x_value": 2357.217299240747
  },
  "12": {
    "idx": 36891,
    "x_value": 2357.218504181809
  },
  "13": {
    "idx": 36892,
    "x_value": 2357.2276958776492
  }
}