{
  "1": {
    "idx": 6778,
    "x_value": 981.3772729843482
  },
  "2": {
    "idx": 6779,
    "x_value": 981.7620461318699
  },
  "3": {
    "idx": 6780,
    "x_value": 981.7646269647481
  },
  "4": {
    "idx": 6781,
    "x_value": 981.7655497692629
  }
}