{
  "1": {
    "idx": 1606,
    "x_value": 150.73142234610947
  },
  "2": {
    "idx": 1621,
    "x_value": 151.35324137277487
  },
  "3": {
    "idx": 1624,
    "x_value": 151.46587733794837
  },
  "4": {
    "idx": 1627,
    "x_value": 151.60108083717395
  },
  "5": {
    "idx": 1628,
    "x_value": 151.61332581348807
  },
  "6": {
    "idx": 1631,
    "x_value": 151.6281401442903
  },
  "7": {
    "idx": 1632,
    "x_value": 151.63291989973587
  },
  "8": {
    "idx": 1633,
    "x_value": 151.6483233916313
  },
  "9": {
    "idx": 1634,
    "x_value": 151.68012066887232
  },
  "10": {
    "idx": 1635,
    "x_value": 151.6827891609647
  }
}