{
  "1": {
    "idx": 42597,
    "x_value": 1819.7612176974442
  },
  "2": {
    "idx": 42854,
    "x_value": 1830.7710261281095
  },
  "3": {
    "idx": 42877,
    "x_value": 1831.8357714741933
  },
  "4": {
    "idx": 42910,
    "x_value": 1833.1134940558686
  },
  "5": {
    "idx": 42911,
    "x_value": 1833.1963667496034
  },
  "6": {
    "idx": 42912,
    "x_value": 1833.2123221093545
  },
  "7": {
    "idx": 42920,
    "x_value": 1833.255750182409
  },
  "8": {
    "idx": 42921,
    "x_value": 1833.2884748346185
  },
  "9": {
    "idx": 43294,
    "x_value": 1837.493834748273
  },
  "10": {
    "idx": 43297,
    "x_value": 1837.5181016902204
  },
  "11": {
    "idx": 43318,
    "x_value": 1837.7707778879465
  },
  "12": {
    "idx": 43659,
    "x_value": 1841.91430931009
  },
  "13": {
    "idx": 43660,
    "x_value": 1841.9152770284015
  },
  "14": {
    "idx": 43661,
    "x_value": 1841.9162857170147
  },
  "15": {
    "idx": 43666,
    "x_value": 1841.961567929217
  },
  "16": {
    "idx": 43690,
    "x_value": 1842.1940839522813
  },
  "17": {
    "idx": 44031,
    "x_value": 1845.0344436383393
  },
  "18": {
    "idx": 44034,
    "x_value": 1845.0525102585445
  },
  "19": {
    "idx": 44039,
    "x_value": 1845.120587158608
  },
  "20": {
    "idx": 44040,
    "x_value": 1845.1467446088689
  },
  "21": {
    "idx": 44043,
    "x_value": 1845.189653451943
  },
  "22": {
    "idx": 44046,
    "x_value": 1845.2129240230054
  },
  "23": {
    "idx": 44079,
    "x_value": 1845.4116744034918
  },
  "24": {
    "idx": 44088,
    "x_value": 1845.4820498455717
  },
  "25": {
    "idx": 44091,
    "x_value": 1845.5112603731961
  },
  "26": {
    "idx": 44096,
    "x_value": 1845.523907821087
  },
  "27": {
    "idx": 44097,
    "x_value": 1845.5245816875502
  },
  "28": {
    "idx": 44100,
    "x_value": 1845.5314386801995
  },
  "29": {
    "idx": 44101,
    "x_value": 1845.553330078291
  },
  "30": {
    "idx": 44102,
    "x_value": 1845.5558653532778
  }
}