zr_conc,runs,reach_fraction_target,mean_time_to_target_seconds,std_time_to_target_seconds,median_time_to_target_seconds,mean_final_entities,mean_simulated_time_seconds,mean_steps_executed,mean_prebound_fraction,mean_prebound_growth_attempts,mean_prebound_growth_successes,mean_prebound_growth_failures,mean_prebound_entities_added,mean_prebound_linkages_formed,mean_prebound_free_growth_site_delta,mean_prebound_ready_pair_delta
1.0,24,1.0,36.533812184110154,31.067100970246145,24.983326010083836,100.16666666666667,36.533812184110154,190423.29166666666,0.0017443018772869642,814.2916666666666,753.0416666666666,61.25,1506.0833333333333,1506.0833333333333,8283.458333333334,0
2.0,24,1.0,45.02882974086723,34.350272416179074,37.09704926543002,100.04166666666667,45.02882974086723,206729.70833333334,0.0034826234067485886,907.875,849.2916666666666,58.583333333333336,1698.5833333333333,1698.5833333333333,9341.708333333334,0.25
4.0,24,1.0,29.965280493551088,22.165426045445553,23.686053195096473,100.08333333333333,29.965280493551088,188074.83333333334,0.006941446104819485,760.0416666666666,697.125,62.916666666666664,1394.25,1394.25,7668.208333333333,0.08333333333333333
5.0,24,1.0,39.42684828220216,25.335983227143778,35.19314522433577,100.08333333333333,39.42684828220216,186810.75,0.008662007116382436,809.8333333333334,753.625,56.208333333333336,1507.25,1507.25,8289.541666666666,0.16666666666666666
