{
  "ZR6_PERCENTAGE": 1.0,
  "Zr_conc_total": 160.0,
  "Linker_conc_total": 4.0,
  "Capping_agent_conc": 300.0,
  "equilibrium_constant_coefficient": 1.32975172557788,
  "effective_equilibrium_constant": 1.5250299510123937,
  "distorted_linker_enabled": true,
  "distorted_ligand_state": {
    "association_constant": 0.010166866340082625,
    "effective_exchange_equilibrium_constant": 1.5250299510123937,
    "acid_speciation": {
      "linker_carboxylate_to_acid_ratio": 0.0,
      "formate_to_acid_ratio": 0.0,
      "linker_carboxylic_acid_conc": 8.0,
      "formic_acid_conc": 300.0
    },
    "second_step_equivalents": 1.0,
    "total_zr6_conc": 26.666666666666668,
    "total_linker_conc": 4.0,
    "distorted_ligand_conc": 0.8320766767816123,
    "polymerized_distorted_conc": 0.8320766767816123,
    "off_pathway_zr6_conc": 1.6641533535632247,
    "off_pathway_linker_conc": 1.6641533535632247,
    "distorted_ligand_fraction": 0.2080191691954031,
    "off_pathway_linker_fraction": 0.4160383383908062,
    "off_pathway_zr6_fraction": 0.062405750758620926,
    "free_zr6_conc": 25.002513313103442,
    "free_linker_conc": 2.3358466464367753,
    "free_zr6_fraction": 0.937594249241379,
    "free_linker_fraction": 0.5839616616091938
  },
  "effective_zr6_conc_for_growth": 25.002513313103442,
  "effective_linker_conc_for_growth": 2.3358466464367753,
  "Zr6_conc_adding_probability": 0.6369987479707101,
  "external_addition_activity": 0.7399453329146826
}