{
  "final_entities": 1,
  "simulated_time_seconds": 489.8960241750987,
  "event_num_link": 0,
  "event_num_grow": 15986,
  "event_num_grow_success": 14103,
  "event_num_grow_fail": 1883,
  "event_num_remove": 14014,
  "event_num_to_do_nothing": 0,
  "distorted_linker_enabled": true,
  "distorted_linker_fraction": 0.2080191691954031,
  "off_pathway_linker_fraction": 0.4160383383908062,
  "effective_zr6_conc": 25.002513313103442,
  "effective_linker_conc": 2.3358466464367753,
  "external_addition_activity": 0.7399453329146826
}