{
  "1": {
    "idx": 8316017,
    "x_value": 796650.659394699
  },
  "2": {
    "idx": 8316020,
    "x_value": 796651.4071617553
  },
  "3": {
    "idx": 8316021,
    "x_value": 796651.4640782156
  },
  "4": {
    "idx": 8316022,
    "x_value": 796651.470610155
  },
  "5": {
    "idx": 8316023,
    "x_value": 796651.5091227142
  },
  "6": {
    "idx": 8340588,
    "x_value": 796748.198580153
  },
  "7": {
    "idx": 8340603,
    "x_value": 796748.3230387517
  },
  "8": {
    "idx": 8340610,
    "x_value": 796748.3373048666
  },
  "9": {
    "idx": 8370380,
    "x_value": 796822.05967147
  },
  "10": {
    "idx": 8370519,
    "x_value": 796822.4194811854
  },
  "11": {
    "idx": 8370524,
    "x_value": 796822.4254589812
  },
  "12": {
    "idx": 8373228,
    "x_value": 796827.4091513238
  },
  "13": {
    "idx": 8373603,
    "x_value": 796828.1063118216
  },
  "14": {
    "idx": 8373614,
    "x_value": 796828.1315210613
  },
  "15": {
    "idx": 8373649,
    "x_value": 796828.2087859649
  },
  "16": {
    "idx": 8384957,
    "x_value": 796843.0177864158
  },
  "17": {
    "idx": 8385256,
    "x_value": 796843.3710145853
  },
  "18": {
    "idx": 8385417,
    "x_value": 796843.6188435527
  },
  "19": {
    "idx": 8385428,
    "x_value": 796843.6348547234
  },
  "20": {
    "idx": 8388007,
    "x_value": 796846.3496546532
  },
  "21": {
    "idx": 8388010,
    "x_value": 796846.3572684079
  },
  "22": {
    "idx": 8388169,
    "x_value": 796846.5388206159
  },
  "23": {
    "idx": 8388352,
    "x_value": 796846.7275651222
  },
  "24": {
    "idx": 8388389,
    "x_value": 796846.767801983
  },
  "25": {
    "idx": 8388390,
    "x_value": 796846.7686485627
  },
  "26": {
    "idx": 8388391,
    "x_value": 796846.7721844595
  },
  "27": {
    "idx": 8388408,
    "x_value": 796846.7862827894
  },
  "28": {
    "idx": 8388409,
    "x_value": 796846.786333899
  },
  "29": {
    "idx": 8388426,
    "x_value": 796846.8050478238
  },
  "30": {
    "idx": 8388427,
    "x_value": 796846.8065433326
  }
}