{
  "1": {
    "idx": 103761,
    "x_value": 5427.458544753052
  },
  "2": {
    "idx": 103762,
    "x_value": 5428.517818475785
  },
  "3": {
    "idx": 103775,
    "x_value": 5428.846099173784
  },
  "4": {
    "idx": 103776,
    "x_value": 5428.851902866042
  },
  "5": {
    "idx": 103777,
    "x_value": 5428.85946440589
  },
  "6": {
    "idx": 103778,
    "x_value": 5428.859966523064
  },
  "7": {
    "idx": 105680,
    "x_value": 5446.3214361636365
  },
  "8": {
    "idx": 107176,
    "x_value": 5458.930736216578
  },
  "9": {
    "idx": 107179,
    "x_value": 5458.971739720459
  },
  "10": {
    "idx": 107186,
    "x_value": 5459.060154001512
  },
  "11": {
    "idx": 107189,
    "x_value": 5459.143713772657
  },
  "12": {
    "idx": 110012,
    "x_value": 5476.216509174257
  },
  "13": {
    "idx": 110013,
    "x_value": 5476.217313110218
  },
  "14": {
    "idx": 110018,
    "x_value": 5476.252369851722
  },
  "15": {
    "idx": 110019,
    "x_value": 5476.257018836362
  },
  "16": {
    "idx": 110026,
    "x_value": 5476.307212665131
  },
  "17": {
    "idx": 110915,
    "x_value": 5480.565927550949
  },
  "18": {
    "idx": 110918,
    "x_value": 5480.58788839968
  },
  "19": {
    "idx": 111143,
    "x_value": 5481.657222639992
  },
  "20": {
    "idx": 111150,
    "x_value": 5481.689885018565
  },
  "21": {
    "idx": 111155,
    "x_value": 5481.69606496799
  },
  "22": {
    "idx": 111172,
    "x_value": 5481.74143642466
  },
  "23": {
    "idx": 111175,
    "x_value": 5481.755261392601
  },
  "24": {
    "idx": 111194,
    "x_value": 5481.845996222093
  },
  "25": {
    "idx": 111207,
    "x_value": 5481.895039039531
  },
  "26": {
    "idx": 111214,
    "x_value": 5481.9391570269945
  },
  "27": {
    "idx": 111223,
    "x_value": 5481.951661401973
  },
  "28": {
    "idx": 111228,
    "x_value": 5481.96235009149
  },
  "29": {
    "idx": 111229,
    "x_value": 5481.962756166344
  },
  "30": {
    "idx": 111230,
    "x_value": 5481.967579637844
  }
}