{
  "1": {
    "idx": 757513,
    "x_value": 74263.54875915965
  },
  "2": {
    "idx": 757514,
    "x_value": 74263.85162907987
  },
  "3": {
    "idx": 757515,
    "x_value": 74263.85426456828
  },
  "4": {
    "idx": 757516,
    "x_value": 74263.86428127946
  },
  "5": {
    "idx": 757517,
    "x_value": 74263.88539194681
  },
  "6": {
    "idx": 762844,
    "x_value": 74285.41674549515
  },
  "7": {
    "idx": 762914,
    "x_value": 74285.64430924159
  },
  "8": {
    "idx": 762917,
    "x_value": 74285.68997883383
  },
  "9": {
    "idx": 763133,
    "x_value": 74286.2570885162
  },
  "10": {
    "idx": 781312,
    "x_value": 74326.75297220198
  },
  "11": {
    "idx": 781543,
    "x_value": 74327.2506971863
  },
  "12": {
    "idx": 781765,
    "x_value": 74327.63974805464
  },
  "13": {
    "idx": 786233,
    "x_value": 74335.24775788418
  },
  "14": {
    "idx": 786420,
    "x_value": 74335.5387325097
  },
  "15": {
    "idx": 786449,
    "x_value": 74335.57747881008
  },
  "16": {
    "idx": 786470,
    "x_value": 74335.5951450329
  },
  "17": {
    "idx": 810349,
    "x_value": 74365.951247201
  },
  "18": {
    "idx": 810350,
    "x_value": 74365.95185814417
  },
  "19": {
    "idx": 810359,
    "x_value": 74365.96006436947
  },
  "20": {
    "idx": 813463,
    "x_value": 74369.34007327857
  },
  "21": {
    "idx": 815040,
    "x_value": 74371.07750824802
  },
  "22": {
    "idx": 815083,
    "x_value": 74371.10908150706
  },
  "23": {
    "idx": 815094,
    "x_value": 74371.13247574982
  },
  "24": {
    "idx": 815111,
    "x_value": 74371.1526115095
  },
  "25": {
    "idx": 815128,
    "x_value": 74371.17338696208
  },
  "26": {
    "idx": 815143,
    "x_value": 74371.18592406056
  },
  "27": {
    "idx": 815144,
    "x_value": 74371.18609338911
  },
  "28": {
    "idx": 815147,
    "x_value": 74371.18712889621
  },
  "29": {
    "idx": 815154,
    "x_value": 74371.1895966708
  },
  "30": {
    "idx": 815155,
    "x_value": 74371.19005101133
  }
}