{
  "1": {
    "idx": 192035,
    "x_value": 26878.039219478844
  },
  "2": {
    "idx": 192036,
    "x_value": 26878.194939765417
  },
  "3": {
    "idx": 192037,
    "x_value": 26878.200645038207
  },
  "4": {
    "idx": 192038,
    "x_value": 26878.20097279087
  },
  "5": {
    "idx": 192039,
    "x_value": 26878.204308608463
  },
  "6": {
    "idx": 192040,
    "x_value": 26878.204502391847
  }
}