{
  "1": {
    "idx": 44992,
    "x_value": 4958.106974274678
  },
  "2": {
    "idx": 44999,
    "x_value": 4958.270244752451
  },
  "3": {
    "idx": 45000,
    "x_value": 4958.276315565411
  },
  "4": {
    "idx": 45001,
    "x_value": 4958.278390030197
  },
  "5": {
    "idx": 45002,
    "x_value": 4958.295177694565
  },
  "6": {
    "idx": 45005,
    "x_value": 4958.362973735014
  },
  "7": {
    "idx": 45006,
    "x_value": 4958.396731979536
  },
  "8": {
    "idx": 45007,
    "x_value": 4958.408146056397
  }
}