{
  "1": {
    "idx": 455170,
    "x_value": 40493.11052643426
  },
  "2": {
    "idx": 455181,
    "x_value": 40494.034228324956
  },
  "3": {
    "idx": 455182,
    "x_value": 40494.08663544048
  },
  "4": {
    "idx": 455183,
    "x_value": 40494.08708728803
  },
  "5": {
    "idx": 455184,
    "x_value": 40494.125706426086
  },
  "6": {
    "idx": 455185,
    "x_value": 40494.129212701264
  },
  "7": {
    "idx": 455186,
    "x_value": 40494.14115493863
  },
  "8": {
    "idx": 455187,
    "x_value": 40494.14571374676
  },
  "9": {
    "idx": 455188,
    "x_value": 40494.160014521985
  },
  "10": {
    "idx": 455189,
    "x_value": 40494.17639930656
  }
}