{
  "1": {
    "idx": 466995,
    "x_value": 46011.41970992365
  },
  "2": {
    "idx": 466996,
    "x_value": 46011.537850268396
  },
  "3": {
    "idx": 466999,
    "x_value": 46011.628225231885
  },
  "4": {
    "idx": 467000,
    "x_value": 46011.639272189255
  },
  "5": {
    "idx": 467001,
    "x_value": 46011.66734990722
  },
  "6": {
    "idx": 467002,
    "x_value": 46011.66877745234
  },
  "7": {
    "idx": 467005,
    "x_value": 46011.70600665346
  },
  "8": {
    "idx": 467008,
    "x_value": 46011.74126107172
  },
  "9": {
    "idx": 467009,
    "x_value": 46011.74410603127
  },
  "10": {
    "idx": 467010,
    "x_value": 46011.74539353241
  }
}