{
  "1": {
    "idx": 437694,
    "x_value": 28073.201000391644
  },
  "2": {
    "idx": 437703,
    "x_value": 28073.443886194298
  },
  "3": {
    "idx": 437706,
    "x_value": 28073.571294365156
  },
  "4": {
    "idx": 437707,
    "x_value": 28073.59370433507
  },
  "5": {
    "idx": 437710,
    "x_value": 28073.633581189275
  },
  "6": {
    "idx": 447565,
    "x_value": 28145.637318682046
  },
  "7": {
    "idx": 448842,
    "x_value": 28154.41350208763
  },
  "8": {
    "idx": 448845,
    "x_value": 28154.440707102007
  },
  "9": {
    "idx": 448922,
    "x_value": 28154.94593493427
  },
  "10": {
    "idx": 450811,
    "x_value": 28163.261140794282
  },
  "11": {
    "idx": 450812,
    "x_value": 28163.263876062734
  },
  "12": {
    "idx": 451319,
    "x_value": 28165.496402191202
  },
  "13": {
    "idx": 451332,
    "x_value": 28165.59658289731
  },
  "14": {
    "idx": 451495,
    "x_value": 28166.33243979215
  },
  "15": {
    "idx": 451522,
    "x_value": 28166.41128318532
  },
  "16": {
    "idx": 451674,
    "x_value": 28166.982939286438
  },
  "17": {
    "idx": 451675,
    "x_value": 28166.994656634382
  },
  "18": {
    "idx": 451821,
    "x_value": 28167.383729435074
  },
  "19": {
    "idx": 451822,
    "x_value": 28167.387747504778
  },
  "20": {
    "idx": 451869,
    "x_value": 28167.54523068112
  },
  "21": {
    "idx": 452035,
    "x_value": 28167.936256331832
  },
  "22": {
    "idx": 452058,
    "x_value": 28167.968384012856
  },
  "23": {
    "idx": 452123,
    "x_value": 28168.13094080303
  },
  "24": {
    "idx": 452152,
    "x_value": 28168.205784145823
  },
  "25": {
    "idx": 452163,
    "x_value": 28168.245352021768
  },
  "26": {
    "idx": 452166,
    "x_value": 28168.24926701523
  },
  "27": {
    "idx": 452167,
    "x_value": 28168.25120695194
  },
  "28": {
    "idx": 452168,
    "x_value": 28168.254160444132
  },
  "29": {
    "idx": 452169,
    "x_value": 28168.260220838787
  },
  "30": {
    "idx": 452170,
    "x_value": 28168.26154781166
  }
}