{
  "1": {
    "idx": 693260,
    "x_value": 84138.26914079594
  },
  "2": {
    "idx": 693261,
    "x_value": 84138.3319478479
  },
  "3": {
    "idx": 693262,
    "x_value": 84138.35681336625
  },
  "4": {
    "idx": 693263,
    "x_value": 84138.36789004298
  },
  "5": {
    "idx": 693264,
    "x_value": 84138.37262167453
  },
  "6": {
    "idx": 693265,
    "x_value": 84138.37276401481
  },
  "7": {
    "idx": 693266,
    "x_value": 84138.38099366274
  },
  "8": {
    "idx": 693267,
    "x_value": 84138.38206645129
  }
}