{
  "1": {
    "idx": 239783,
    "x_value": 26951.825110195306
  },
  "2": {
    "idx": 239784,
    "x_value": 26951.894341028514
  },
  "3": {
    "idx": 239785,
    "x_value": 26951.9465999408
  },
  "4": {
    "idx": 239786,
    "x_value": 26951.973846620505
  },
  "5": {
    "idx": 239787,
    "x_value": 26951.987331877954
  },
  "6": {
    "idx": 239788,
    "x_value": 26951.998850059503
  },
  "7": {
    "idx": 239789,
    "x_value": 26952.003363120264
  },
  "8": {
    "idx": 239790,
    "x_value": 26952.016056336197
  }
}