{
  "1": {
    "idx": 12243,
    "x_value": 1360.4677963773408
  },
  "2": {
    "idx": 12244,
    "x_value": 1360.6427218952304
  },
  "3": {
    "idx": 12247,
    "x_value": 1360.6784106837872
  },
  "4": {
    "idx": 12248,
    "x_value": 1360.68582370882
  },
  "5": {
    "idx": 12253,
    "x_value": 1360.6984564889385
  },
  "6": {
    "idx": 12254,
    "x_value": 1360.7061262372656
  },
  "7": {
    "idx": 12255,
    "x_value": 1360.712183086061
  },
  "8": {
    "idx": 12256,
    "x_value": 1360.7162857747805
  }
}