{
  "1": {
    "idx": 194888,
    "x_value": 24810.044723689673
  },
  "2": {
    "idx": 194895,
    "x_value": 24810.748956444368
  },
  "3": {
    "idx": 194896,
    "x_value": 24810.78990194438
  },
  "4": {
    "idx": 194897,
    "x_value": 24810.790475128993
  },
  "5": {
    "idx": 194898,
    "x_value": 24810.795002485378
  },
  "6": {
    "idx": 194899,
    "x_value": 24810.7999078756
  },
  "7": {
    "idx": 194900,
    "x_value": 24810.805236712928
  }
}