{
  "1": {
    "idx": 736571,
    "x_value": 39126.009468446275
  },
  "2": {
    "idx": 736574,
    "x_value": 39126.11586360957
  },
  "3": {
    "idx": 736583,
    "x_value": 39126.44464411092
  },
  "4": {
    "idx": 736584,
    "x_value": 39126.50655184614
  },
  "5": {
    "idx": 736585,
    "x_value": 39126.52237647458
  },
  "6": {
    "idx": 736669,
    "x_value": 39127.44566729071
  },
  "7": {
    "idx": 736674,
    "x_value": 39127.49437785335
  },
  "8": {
    "idx": 737115,
    "x_value": 39131.35358372035
  },
  "9": {
    "idx": 737326,
    "x_value": 39133.01416486591
  },
  "10": {
    "idx": 737468,
    "x_value": 39134.064489486744
  },
  "11": {
    "idx": 737471,
    "x_value": 39134.074251378486
  },
  "12": {
    "idx": 737727,
    "x_value": 39135.70617230698
  },
  "13": {
    "idx": 737984,
    "x_value": 39137.2149552245
  },
  "14": {
    "idx": 737993,
    "x_value": 39137.27746800385
  },
  "15": {
    "idx": 738024,
    "x_value": 39137.469362574244
  },
  "16": {
    "idx": 738765,
    "x_value": 39140.97348491071
  },
  "17": {
    "idx": 738766,
    "x_value": 39140.97411500978
  },
  "18": {
    "idx": 738787,
    "x_value": 39141.06139352521
  },
  "19": {
    "idx": 738794,
    "x_value": 39141.0976253593
  },
  "20": {
    "idx": 738819,
    "x_value": 39141.213582167715
  },
  "21": {
    "idx": 738962,
    "x_value": 39141.86771794997
  },
  "22": {
    "idx": 738971,
    "x_value": 39141.91861453616
  },
  "23": {
    "idx": 738972,
    "x_value": 39141.92046132352
  },
  "24": {
    "idx": 738983,
    "x_value": 39141.94987294993
  },
  "25": {
    "idx": 738993,
    "x_value": 39141.96457034602
  },
  "26": {
    "idx": 738994,
    "x_value": 39141.980574668116
  },
  "27": {
    "idx": 738995,
    "x_value": 39141.98256009568
  },
  "28": {
    "idx": 738996,
    "x_value": 39141.985560343375
  },
  "29": {
    "idx": 738997,
    "x_value": 39141.9882182487
  },
  "30": {
    "idx": 738998,
    "x_value": 39141.989548589125
  }
}