{
  "1": {
    "idx": 251151,
    "x_value": 11141.467051507447
  },
  "2": {
    "idx": 251622,
    "x_value": 11159.939909025286
  },
  "3": {
    "idx": 251681,
    "x_value": 11162.144331350986
  },
  "4": {
    "idx": 251728,
    "x_value": 11163.824763761719
  },
  "5": {
    "idx": 251741,
    "x_value": 11164.37729351924
  },
  "6": {
    "idx": 251744,
    "x_value": 11164.511082473235
  },
  "7": {
    "idx": 251745,
    "x_value": 11164.578244026676
  },
  "8": {
    "idx": 251746,
    "x_value": 11164.578612697695
  },
  "9": {
    "idx": 251749,
    "x_value": 11164.630033210526
  },
  "10": {
    "idx": 252031,
    "x_value": 11167.346131517561
  },
  "11": {
    "idx": 252156,
    "x_value": 11168.603269257914
  },
  "12": {
    "idx": 252157,
    "x_value": 11168.608606188656
  },
  "13": {
    "idx": 252158,
    "x_value": 11168.614137476587
  },
  "14": {
    "idx": 252163,
    "x_value": 11168.665403005818
  },
  "15": {
    "idx": 252993,
    "x_value": 11175.107374770225
  },
  "16": {
    "idx": 252996,
    "x_value": 11175.134637069887
  },
  "17": {
    "idx": 253001,
    "x_value": 11175.152372715407
  },
  "18": {
    "idx": 253004,
    "x_value": 11175.20729772827
  },
  "19": {
    "idx": 253011,
    "x_value": 11175.23071272464
  },
  "20": {
    "idx": 253012,
    "x_value": 11175.23306478398
  },
  "21": {
    "idx": 253013,
    "x_value": 11175.237623890944
  },
  "22": {
    "idx": 253016,
    "x_value": 11175.253577997706
  },
  "23": {
    "idx": 253045,
    "x_value": 11175.403296457953
  },
  "24": {
    "idx": 253046,
    "x_value": 11175.416268073728
  },
  "25": {
    "idx": 253047,
    "x_value": 11175.426853771587
  },
  "26": {
    "idx": 253050,
    "x_value": 11175.43992709924
  },
  "27": {
    "idx": 253057,
    "x_value": 11175.468711418522
  },
  "28": {
    "idx": 253060,
    "x_value": 11175.488097474436
  },
  "29": {
    "idx": 253061,
    "x_value": 11175.488694070129
  },
  "30": {
    "idx": 253062,
    "x_value": 11175.50529250371
  }
}