{
  "1": {
    "idx": 129298,
    "x_value": 10131.205841037241
  },
  "2": {
    "idx": 129299,
    "x_value": 10132.314709949598
  },
  "3": {
    "idx": 129300,
    "x_value": 10132.375715042726
  },
  "4": {
    "idx": 129301,
    "x_value": 10132.39888239974
  },
  "5": {
    "idx": 129302,
    "x_value": 10132.404609453391
  },
  "6": {
    "idx": 141757,
    "x_value": 10205.069118154433
  },
  "7": {
    "idx": 141978,
    "x_value": 10206.4547683739
  },
  "8": {
    "idx": 141985,
    "x_value": 10206.488780759786
  },
  "9": {
    "idx": 142151,
    "x_value": 10207.20494352782
  },
  "10": {
    "idx": 149588,
    "x_value": 10233.221950649482
  },
  "11": {
    "idx": 149597,
    "x_value": 10233.25982775679
  },
  "12": {
    "idx": 149642,
    "x_value": 10233.440854839382
  },
  "13": {
    "idx": 161317,
    "x_value": 10264.239637933144
  },
  "14": {
    "idx": 163167,
    "x_value": 10269.055531575184
  },
  "15": {
    "idx": 163224,
    "x_value": 10269.190171024655
  },
  "16": {
    "idx": 164096,
    "x_value": 10271.12370918607
  },
  "17": {
    "idx": 164143,
    "x_value": 10271.22408235382
  },
  "18": {
    "idx": 164620,
    "x_value": 10272.20621151043
  },
  "19": {
    "idx": 164803,
    "x_value": 10272.616999395148
  },
  "20": {
    "idx": 165056,
    "x_value": 10273.211084651633
  },
  "21": {
    "idx": 165071,
    "x_value": 10273.247903207815
  },
  "22": {
    "idx": 165080,
    "x_value": 10273.265920251208
  },
  "23": {
    "idx": 165085,
    "x_value": 10273.280583505075
  },
  "24": {
    "idx": 165090,
    "x_value": 10273.293641645023
  },
  "25": {
    "idx": 165107,
    "x_value": 10273.325634056773
  },
  "26": {
    "idx": 165110,
    "x_value": 10273.338256803865
  },
  "27": {
    "idx": 165113,
    "x_value": 10273.340547261563
  },
  "28": {
    "idx": 165120,
    "x_value": 10273.355703792236
  },
  "29": {
    "idx": 165121,
    "x_value": 10273.357382625412
  },
  "30": {
    "idx": 165122,
    "x_value": 10273.360727096599
  }
}