{
  "1": {
    "idx": 0,
    "x_value": 0.0
  },
  "2": {
    "idx": 1,
    "x_value": 0.2998404681083397
  },
  "3": {
    "idx": 2,
    "x_value": 0.3249211001366314
  },
  "4": {
    "idx": 3,
    "x_value": 0.36333438264160756
  },
  "5": {
    "idx": 4,
    "x_value": 0.5391190724157225
  },
  "6": {
    "idx": 5,
    "x_value": 0.8531566534481854
  },
  "7": {
    "idx": 6,
    "x_value": 0.866222220215673
  },
  "8": {
    "idx": 39,
    "x_value": 1.8770454497684155
  },
  "9": {
    "idx": 40,
    "x_value": 2.0621452965151685
  },
  "10": {
    "idx": 41,
    "x_value": 2.063356638295056
  },
  "11": {
    "idx": 42,
    "x_value": 2.1239908352216936
  },
  "12": {
    "idx": 45,
    "x_value": 2.2517842343777796
  },
  "13": {
    "idx": 46,
    "x_value": 2.256005219603253
  },
  "14": {
    "idx": 47,
    "x_value": 2.3979355317377626
  },
  "15": {
    "idx": 50,
    "x_value": 2.481279722526815
  },
  "16": {
    "idx": 51,
    "x_value": 2.5356905530792098
  },
  "17": {
    "idx": 52,
    "x_value": 2.5726554017009815
  },
  "18": {
    "idx": 57,
    "x_value": 2.8204360898305434
  },
  "19": {
    "idx": 58,
    "x_value": 2.8846742686416476
  },
  "20": {
    "idx": 59,
    "x_value": 2.910664637032607
  },
  "21": {
    "idx": 60,
    "x_value": 2.9110116813648563
  },
  "22": {
    "idx": 65,
    "x_value": 3.039511700210177
  },
  "23": {
    "idx": 66,
    "x_value": 3.051508992952092
  },
  "24": {
    "idx": 67,
    "x_value": 3.080744785506001
  },
  "25": {
    "idx": 77,
    "x_value": 3.324708021042966
  },
  "26": {
    "idx": 80,
    "x_value": 3.4284369004828195
  },
  "27": {
    "idx": 81,
    "x_value": 3.4290832003289804
  },
  "28": {
    "idx": 82,
    "x_value": 3.440246810023912
  },
  "29": {
    "idx": 83,
    "x_value": 3.494225261757455
  },
  "30": {
    "idx": 84,
    "x_value": 3.5012422150866835
  }
}