{
  "1": {
    "idx": 9945,
    "x_value": 1369.295909327405
  },
  "2": {
    "idx": 9946,
    "x_value": 1369.3301143338258
  },
  "3": {
    "idx": 9947,
    "x_value": 1369.3387474484343
  },
  "4": {
    "idx": 9948,
    "x_value": 1369.3406606673514
  },
  "5": {
    "idx": 9949,
    "x_value": 1369.3414404353525
  }
}