{
  "1": {
    "idx": 86225,
    "x_value": 8772.701987780782
  },
  "2": {
    "idx": 86226,
    "x_value": 8772.783044490741
  },
  "3": {
    "idx": 86227,
    "x_value": 8772.829056857885
  },
  "4": {
    "idx": 86228,
    "x_value": 8772.83651427367
  },
  "5": {
    "idx": 86229,
    "x_value": 8772.838561421997
  },
  "6": {
    "idx": 86230,
    "x_value": 8772.866324250157
  },
  "7": {
    "idx": 86231,
    "x_value": 8772.866535942274
  },
  "8": {
    "idx": 86232,
    "x_value": 8772.873344221589
  },
  "9": {
    "idx": 86233,
    "x_value": 8772.875592289509
  }
}