{
  "1": {
    "idx": 20606,
    "x_value": 2056.6214123611107
  },
  "2": {
    "idx": 20607,
    "x_value": 2056.7107842554474
  },
  "3": {
    "idx": 20610,
    "x_value": 2056.918215402648
  },
  "4": {
    "idx": 20611,
    "x_value": 2056.941116722773
  },
  "5": {
    "idx": 20612,
    "x_value": 2056.9483475700795
  },
  "6": {
    "idx": 20615,
    "x_value": 2056.987444255604
  },
  "7": {
    "idx": 20616,
    "x_value": 2056.9920243386146
  },
  "8": {
    "idx": 20617,
    "x_value": 2057.00039461434
  },
  "9": {
    "idx": 20618,
    "x_value": 2057.0018351857043
  },
  "10": {
    "idx": 20619,
    "x_value": 2057.0040361428296
  }
}