{
  "1": {
    "idx": 408817,
    "x_value": 39056.83578699854
  },
  "2": {
    "idx": 408818,
    "x_value": 39057.14386990623
  },
  "3": {
    "idx": 408823,
    "x_value": 39057.2925988774
  },
  "4": {
    "idx": 408826,
    "x_value": 39057.30832339145
  },
  "5": {
    "idx": 408827,
    "x_value": 39057.31432272655
  },
  "6": {
    "idx": 408828,
    "x_value": 39057.31992215593
  },
  "7": {
    "idx": 408829,
    "x_value": 39057.3314061923
  },
  "8": {
    "idx": 408830,
    "x_value": 39057.35338312814
  },
  "9": {
    "idx": 408831,
    "x_value": 39057.357059608854
  },
  "10": {
    "idx": 408832,
    "x_value": 39057.36495130585
  }
}