{
  "1": {
    "idx": 3018,
    "x_value": 361.9244457794414
  },
  "2": {
    "idx": 3019,
    "x_value": 361.9386426632211
  },
  "3": {
    "idx": 3020,
    "x_value": 361.94398887410244
  },
  "4": {
    "idx": 3021,
    "x_value": 361.9594853623345
  },
  "5": {
    "idx": 3022,
    "x_value": 361.9623666370603
  },
  "6": {
    "idx": 3023,
    "x_value": 361.9721611912295
  },
  "7": {
    "idx": 3024,
    "x_value": 361.9760034531005
  }
}