{
  "1": {
    "idx": 345919,
    "x_value": 46362.497809498156
  },
  "2": {
    "idx": 345920,
    "x_value": 46363.93430238912
  },
  "3": {
    "idx": 345921,
    "x_value": 46363.93691789515
  },
  "4": {
    "idx": 345922,
    "x_value": 46363.95429486348
  },
  "5": {
    "idx": 345925,
    "x_value": 46363.95692649532
  },
  "6": {
    "idx": 345926,
    "x_value": 46363.96043648038
  },
  "7": {
    "idx": 345927,
    "x_value": 46363.9635587195
  }
}