{
  "1": {
    "idx": 66456,
    "x_value": 8176.704719643934
  },
  "2": {
    "idx": 66457,
    "x_value": 8176.737055232191
  },
  "3": {
    "idx": 66458,
    "x_value": 8176.742182643324
  },
  "4": {
    "idx": 66459,
    "x_value": 8176.759967454879
  },
  "5": {
    "idx": 66462,
    "x_value": 8176.776380319624
  },
  "6": {
    "idx": 66463,
    "x_value": 8176.777420059407
  },
  "7": {
    "idx": 66464,
    "x_value": 8176.785413074383
  }
}