{
  "1": {
    "idx": 414050,
    "x_value": 41625.97075433572
  },
  "2": {
    "idx": 414051,
    "x_value": 41626.528722492105
  },
  "3": {
    "idx": 414052,
    "x_value": 41626.58781107908
  },
  "4": {
    "idx": 414053,
    "x_value": 41626.59090877442
  },
  "5": {
    "idx": 414054,
    "x_value": 41626.5980128087
  },
  "6": {
    "idx": 414055,
    "x_value": 41626.60653199734
  },
  "7": {
    "idx": 414056,
    "x_value": 41626.61554723965
  },
  "8": {
    "idx": 414057,
    "x_value": 41626.616876974775
  },
  "9": {
    "idx": 414058,
    "x_value": 41626.6393216111
  },
  "10": {
    "idx": 414059,
    "x_value": 41626.64364850676
  }
}