{
  "1": {
    "idx": 581258,
    "x_value": 74771.51085686275
  },
  "2": {
    "idx": 581259,
    "x_value": 74771.71386534038
  },
  "3": {
    "idx": 581260,
    "x_value": 74771.72965181415
  },
  "4": {
    "idx": 581261,
    "x_value": 74771.73304457871
  },
  "5": {
    "idx": 581262,
    "x_value": 74771.75275042134
  },
  "6": {
    "idx": 581263,
    "x_value": 74771.75312810729
  },
  "7": {
    "idx": 581264,
    "x_value": 74771.75351491591
  }
}