{
  "1": {
    "idx": 536,
    "x_value": 81.94075881878287
  },
  "2": {
    "idx": 537,
    "x_value": 82.00951439293793
  },
  "3": {
    "idx": 538,
    "x_value": 82.00966794440696
  },
  "4": {
    "idx": 539,
    "x_value": 82.01011157127164
  }
}