{
  "1": {
    "idx": 29512,
    "x_value": 4345.811789158174
  },
  "2": {
    "idx": 29513,
    "x_value": 4347.043657996192
  },
  "3": {
    "idx": 29514,
    "x_value": 4347.043821363302
  },
  "4": {
    "idx": 29515,
    "x_value": 4347.043865672654
  }
}