{
  "1": {
    "idx": 114184,
    "x_value": 15605.515258573381
  },
  "2": {
    "idx": 114185,
    "x_value": 15605.516825197428
  },
  "3": {
    "idx": 114186,
    "x_value": 15605.522470297772
  },
  "4": {
    "idx": 114187,
    "x_value": 15605.53030114974
  },
  "5": {
    "idx": 114188,
    "x_value": 15605.53092380376
  },
  "6": {
    "idx": 114189,
    "x_value": 15605.530950165296
  }
}