{
  "1": {
    "idx": 15763,
    "x_value": 1492.5112041614111
  },
  "2": {
    "idx": 15780,
    "x_value": 1492.9495950174255
  },
  "3": {
    "idx": 15781,
    "x_value": 1493.026259993652
  },
  "4": {
    "idx": 15788,
    "x_value": 1493.1087176288418
  },
  "5": {
    "idx": 15789,
    "x_value": 1493.1101971428525
  },
  "6": {
    "idx": 15790,
    "x_value": 1493.1167591010988
  },
  "7": {
    "idx": 15791,
    "x_value": 1493.1219059858743
  },
  "8": {
    "idx": 15792,
    "x_value": 1493.1223392172258
  },
  "9": {
    "idx": 15793,
    "x_value": 1493.1239694324317
  }
}