{
  "1": {
    "idx": 21846,
    "x_value": 2728.5408243430725
  },
  "2": {
    "idx": 21847,
    "x_value": 2728.640670047269
  },
  "3": {
    "idx": 21848,
    "x_value": 2728.6569290841676
  },
  "4": {
    "idx": 21849,
    "x_value": 2728.6689174853627
  },
  "5": {
    "idx": 21850,
    "x_value": 2728.668970575671
  },
  "6": {
    "idx": 21851,
    "x_value": 2728.677272542693
  },
  "7": {
    "idx": 21852,
    "x_value": 2728.687997560014
  }
}