{
  "1": {
    "idx": 321763,
    "x_value": 28464.37437091065
  },
  "2": {
    "idx": 321770,
    "x_value": 28464.559579157343
  },
  "3": {
    "idx": 321771,
    "x_value": 28464.594768900195
  },
  "4": {
    "idx": 321774,
    "x_value": 28464.694411361805
  },
  "5": {
    "idx": 321775,
    "x_value": 28464.70177465884
  },
  "6": {
    "idx": 321782,
    "x_value": 28464.809486512524
  },
  "7": {
    "idx": 321791,
    "x_value": 28464.892314315923
  },
  "8": {
    "idx": 321792,
    "x_value": 28464.899711562335
  },
  "9": {
    "idx": 321793,
    "x_value": 28464.90498512396
  },
  "10": {
    "idx": 321794,
    "x_value": 28464.918970598064
  },
  "11": {
    "idx": 321795,
    "x_value": 28464.948980393692
  }
}