{
  "1": {
    "idx": 206601,
    "x_value": 9855.73755639189
  },
  "2": {
    "idx": 206662,
    "x_value": 9859.83380543283
  },
  "3": {
    "idx": 206663,
    "x_value": 9859.840806645036
  },
  "4": {
    "idx": 206664,
    "x_value": 9859.983674186253
  },
  "5": {
    "idx": 206671,
    "x_value": 9860.278631594476
  },
  "6": {
    "idx": 206672,
    "x_value": 9860.289588519208
  },
  "7": {
    "idx": 206677,
    "x_value": 9860.424233776313
  },
  "8": {
    "idx": 206688,
    "x_value": 9860.741511532447
  },
  "9": {
    "idx": 206776,
    "x_value": 9861.746791029402
  },
  "10": {
    "idx": 207174,
    "x_value": 9865.18310617731
  },
  "11": {
    "idx": 210387,
    "x_value": 9886.423631412552
  },
  "12": {
    "idx": 210389,
    "x_value": 9886.438451749636
  },
  "13": {
    "idx": 210455,
    "x_value": 9886.799005629528
  },
  "14": {
    "idx": 210456,
    "x_value": 9886.801521341229
  },
  "15": {
    "idx": 210505,
    "x_value": 9887.083954275158
  },
  "16": {
    "idx": 210508,
    "x_value": 9887.092518579057
  },
  "17": {
    "idx": 210509,
    "x_value": 9887.100557109854
  },
  "18": {
    "idx": 210534,
    "x_value": 9887.239492063612
  },
  "19": {
    "idx": 210575,
    "x_value": 9887.499512237171
  },
  "20": {
    "idx": 210576,
    "x_value": 9887.499825589932
  },
  "21": {
    "idx": 210597,
    "x_value": 9887.60019987631
  },
  "22": {
    "idx": 210598,
    "x_value": 9887.60834679401
  },
  "23": {
    "idx": 210599,
    "x_value": 9887.614926399912
  },
  "24": {
    "idx": 210600,
    "x_value": 9887.624233324976
  },
  "25": {
    "idx": 210601,
    "x_value": 9887.635086112816
  },
  "26": {
    "idx": 210602,
    "x_value": 9887.654158551464
  },
  "27": {
    "idx": 210603,
    "x_value": 9887.673947172998
  },
  "28": {
    "idx": 210606,
    "x_value": 9887.690600256932
  },
  "29": {
    "idx": 210607,
    "x_value": 9887.694714458099
  },
  "30": {
    "idx": 210608,
    "x_value": 9887.698382953047
  }
}