{
  "1": {
    "idx": 895696,
    "x_value": 125354.15814738677
  },
  "2": {
    "idx": 895699,
    "x_value": 125354.23158665774
  },
  "3": {
    "idx": 895700,
    "x_value": 125354.2436579992
  },
  "4": {
    "idx": 895701,
    "x_value": 125354.24464239374
  },
  "5": {
    "idx": 895702,
    "x_value": 125354.24529574307
  },
  "6": {
    "idx": 895703,
    "x_value": 125354.24660381491
  }
}