{
  "1": {
    "idx": 228497,
    "x_value": 22789.474100526117
  },
  "2": {
    "idx": 228502,
    "x_value": 22789.595466627292
  },
  "3": {
    "idx": 228503,
    "x_value": 22789.63669442414
  },
  "4": {
    "idx": 228504,
    "x_value": 22789.647673981894
  },
  "5": {
    "idx": 228505,
    "x_value": 22789.650668390597
  },
  "6": {
    "idx": 228506,
    "x_value": 22789.669489302825
  },
  "7": {
    "idx": 228507,
    "x_value": 22789.673526297825
  },
  "8": {
    "idx": 228510,
    "x_value": 22789.682185629208
  },
  "9": {
    "idx": 228511,
    "x_value": 22789.685966588844
  },
  "10": {
    "idx": 228512,
    "x_value": 22789.68839343856
  },
  "11": {
    "idx": 228513,
    "x_value": 22789.690492762093
  }
}