{
  "1": {
    "idx": 107121,
    "x_value": 12959.56554586444
  },
  "2": {
    "idx": 107122,
    "x_value": 12960.167219804436
  },
  "3": {
    "idx": 107125,
    "x_value": 12960.22418600275
  },
  "4": {
    "idx": 107126,
    "x_value": 12960.228271485168
  },
  "5": {
    "idx": 107127,
    "x_value": 12960.253363942948
  },
  "6": {
    "idx": 107128,
    "x_value": 12960.253993857403
  },
  "7": {
    "idx": 107129,
    "x_value": 12960.260899801362
  },
  "8": {
    "idx": 107130,
    "x_value": 12960.273479396827
  }
}