{
  "1": {
    "idx": 0,
    "x_value": 0.0
  },
  "2": {
    "idx": 1,
    "x_value": 0.026553987955419564
  },
  "3": {
    "idx": 2,
    "x_value": 0.13633683330739682
  },
  "4": {
    "idx": 3,
    "x_value": 0.19717257811086977
  },
  "5": {
    "idx": 16,
    "x_value": 0.9187511431744421
  },
  "6": {
    "idx": 17,
    "x_value": 1.0694442713971024
  },
  "7": {
    "idx": 18,
    "x_value": 1.096839924006482
  },
  "8": {
    "idx": 19,
    "x_value": 1.1477073117939964
  },
  "9": {
    "idx": 20,
    "x_value": 1.2095427395321525
  },
  "10": {
    "idx": 25,
    "x_value": 1.4378451312130889
  },
  "11": {
    "idx": 32,
    "x_value": 2.0004800303512886
  },
  "12": {
    "idx": 33,
    "x_value": 2.055555556404037
  },
  "13": {
    "idx": 34,
    "x_value": 2.1042260526845937
  },
  "14": {
    "idx": 35,
    "x_value": 2.1176356360396795
  },
  "15": {
    "idx": 36,
    "x_value": 2.1410538168914743
  },
  "16": {
    "idx": 37,
    "x_value": 2.1709685723550014
  },
  "17": {
    "idx": 48,
    "x_value": 2.553493381346746
  },
  "18": {
    "idx": 49,
    "x_value": 2.588964119500199
  },
  "19": {
    "idx": 52,
    "x_value": 2.730997062176524
  },
  "20": {
    "idx": 53,
    "x_value": 2.7757894477861256
  },
  "21": {
    "idx": 54,
    "x_value": 2.787119879053508
  },
  "22": {
    "idx": 55,
    "x_value": 2.7882606351943
  },
  "23": {
    "idx": 56,
    "x_value": 2.8959323302807594
  },
  "24": {
    "idx": 57,
    "x_value": 2.914233987848572
  },
  "25": {
    "idx": 58,
    "x_value": 2.9371484156829615
  },
  "26": {
    "idx": 64,
    "x_value": 2.987933629457901
  },
  "27": {
    "idx": 65,
    "x_value": 3.1457571120571344
  },
  "28": {
    "idx": 66,
    "x_value": 3.1590924989983638
  },
  "29": {
    "idx": 67,
    "x_value": 3.2238876816316684
  },
  "30": {
    "idx": 68,
    "x_value": 3.2316984498841657
  }
}