{
  "1": {
    "idx": 566843,
    "x_value": 70220.40536944424
  },
  "2": {
    "idx": 566846,
    "x_value": 70220.60241305045
  },
  "3": {
    "idx": 566847,
    "x_value": 70220.60655070031
  },
  "4": {
    "idx": 566848,
    "x_value": 70220.60747408895
  },
  "5": {
    "idx": 566849,
    "x_value": 70220.61138650954
  },
  "6": {
    "idx": 566850,
    "x_value": 70220.62480422761
  },
  "7": {
    "idx": 566851,
    "x_value": 70220.62864995896
  },
  "8": {
    "idx": 566852,
    "x_value": 70220.63144788111
  }
}