{
  "1": {
    "idx": 65029,
    "x_value": 8184.202571442052
  },
  "2": {
    "idx": 65030,
    "x_value": 8184.397208333767
  },
  "3": {
    "idx": 65031,
    "x_value": 8184.442414475459
  },
  "4": {
    "idx": 65032,
    "x_value": 8184.476441443683
  },
  "5": {
    "idx": 65033,
    "x_value": 8184.477826844554
  },
  "6": {
    "idx": 65034,
    "x_value": 8184.4818780255955
  },
  "7": {
    "idx": 65035,
    "x_value": 8184.481969590027
  }
}