{
  "1": {
    "idx": 289519,
    "x_value": 35440.0960529581
  },
  "2": {
    "idx": 289520,
    "x_value": 35440.97344075695
  },
  "3": {
    "idx": 289521,
    "x_value": 35440.97870654638
  },
  "4": {
    "idx": 289522,
    "x_value": 35440.987469273095
  },
  "5": {
    "idx": 289523,
    "x_value": 35440.99103604396
  },
  "6": {
    "idx": 289524,
    "x_value": 35441.00910656155
  },
  "7": {
    "idx": 289525,
    "x_value": 35441.01373068204
  },
  "8": {
    "idx": 289526,
    "x_value": 35441.01645746457
  }
}