{
  "1": {
    "idx": 530422,
    "x_value": 37395.233480944684
  },
  "2": {
    "idx": 530423,
    "x_value": 37395.31924160028
  },
  "3": {
    "idx": 530424,
    "x_value": 37395.33515432732
  },
  "4": {
    "idx": 530427,
    "x_value": 37395.45561579262
  },
  "5": {
    "idx": 530428,
    "x_value": 37395.46996099866
  },
  "6": {
    "idx": 537119,
    "x_value": 37439.91170684651
  },
  "7": {
    "idx": 537166,
    "x_value": 37440.256458463045
  },
  "8": {
    "idx": 537167,
    "x_value": 37440.28770385874
  },
  "9": {
    "idx": 541840,
    "x_value": 37460.17077320497
  },
  "10": {
    "idx": 542243,
    "x_value": 37462.019914014796
  },
  "11": {
    "idx": 542260,
    "x_value": 37462.157784720344
  },
  "12": {
    "idx": 544034,
    "x_value": 37468.09605709385
  },
  "13": {
    "idx": 550641,
    "x_value": 37489.717287860934
  },
  "14": {
    "idx": 550648,
    "x_value": 37489.73961231757
  },
  "15": {
    "idx": 550653,
    "x_value": 37489.75852695886
  },
  "16": {
    "idx": 550756,
    "x_value": 37490.18006258091
  },
  "17": {
    "idx": 550777,
    "x_value": 37490.23033668265
  },
  "18": {
    "idx": 550868,
    "x_value": 37490.49664785818
  },
  "19": {
    "idx": 550897,
    "x_value": 37490.59911053148
  },
  "20": {
    "idx": 550912,
    "x_value": 37490.62108280216
  },
  "21": {
    "idx": 550917,
    "x_value": 37490.63314393285
  },
  "22": {
    "idx": 550920,
    "x_value": 37490.64553855735
  },
  "23": {
    "idx": 550925,
    "x_value": 37490.66427136062
  },
  "24": {
    "idx": 550926,
    "x_value": 37490.67523947258
  },
  "25": {
    "idx": 550927,
    "x_value": 37490.67813017337
  },
  "26": {
    "idx": 550928,
    "x_value": 37490.679518091005
  },
  "27": {
    "idx": 550933,
    "x_value": 37490.68447245809
  },
  "28": {
    "idx": 550934,
    "x_value": 37490.68462994581
  },
  "29": {
    "idx": 550937,
    "x_value": 37490.68857244206
  },
  "30": {
    "idx": 550938,
    "x_value": 37490.69384098228
  }
}