{
  "1": {
    "idx": 348607,
    "x_value": 49165.61756208274
  },
  "2": {
    "idx": 348608,
    "x_value": 49165.83527854225
  },
  "3": {
    "idx": 348609,
    "x_value": 49165.836144422276
  },
  "4": {
    "idx": 348610,
    "x_value": 49165.83661850009
  },
  "5": {
    "idx": 348611,
    "x_value": 49165.837249142336
  },
  "6": {
    "idx": 348612,
    "x_value": 49165.83904378573
  }
}