{
  "1": {
    "idx": 321222,
    "x_value": 34101.09316730257
  },
  "2": {
    "idx": 321223,
    "x_value": 34101.25061784568
  },
  "3": {
    "idx": 321224,
    "x_value": 34101.25405044024
  },
  "4": {
    "idx": 321225,
    "x_value": 34101.301082644655
  },
  "5": {
    "idx": 321226,
    "x_value": 34101.30264792346
  },
  "6": {
    "idx": 321227,
    "x_value": 34101.307291472105
  },
  "7": {
    "idx": 321228,
    "x_value": 34101.31355725609
  },
  "8": {
    "idx": 321229,
    "x_value": 34101.31470698278
  },
  "9": {
    "idx": 321230,
    "x_value": 34101.31767089065
  }
}