{
  "1": {
    "idx": 28404,
    "x_value": 4114.353106253183
  },
  "2": {
    "idx": 28405,
    "x_value": 4114.354137625486
  },
  "3": {
    "idx": 28406,
    "x_value": 4114.3547414083705
  },
  "4": {
    "idx": 28407,
    "x_value": 4114.354897524611
  }
}