{
  "1": {
    "idx": 213117,
    "x_value": 30361.096376843772
  },
  "2": {
    "idx": 213118,
    "x_value": 30361.245388464573
  },
  "3": {
    "idx": 213119,
    "x_value": 30361.246299004044
  },
  "4": {
    "idx": 213120,
    "x_value": 30361.246691564196
  },
  "5": {
    "idx": 213121,
    "x_value": 30361.248261699497
  }
}