{
  "1": {
    "idx": 484603,
    "x_value": 69395.61621239893
  },
  "2": {
    "idx": 484604,
    "x_value": 69396.59726730055
  },
  "3": {
    "idx": 484605,
    "x_value": 69396.60007986517
  },
  "4": {
    "idx": 484606,
    "x_value": 69396.60228531554
  },
  "5": {
    "idx": 484607,
    "x_value": 69396.60267490528
  }
}