{
  "1": {
    "idx": 362441,
    "x_value": 41397.32999845608
  },
  "2": {
    "idx": 362442,
    "x_value": 41397.47037045208
  },
  "3": {
    "idx": 362443,
    "x_value": 41397.51031650505
  },
  "4": {
    "idx": 362444,
    "x_value": 41397.51502715938
  },
  "5": {
    "idx": 362445,
    "x_value": 41397.52890293493
  },
  "6": {
    "idx": 362448,
    "x_value": 41397.550736384794
  },
  "7": {
    "idx": 362449,
    "x_value": 41397.5763128425
  },
  "8": {
    "idx": 362450,
    "x_value": 41397.57760601425
  }
}