{
  "1": {
    "idx": 278549,
    "x_value": 29750.020886313134
  },
  "2": {
    "idx": 278550,
    "x_value": 29750.036835741554
  },
  "3": {
    "idx": 278551,
    "x_value": 29750.053744011493
  },
  "4": {
    "idx": 278554,
    "x_value": 29750.06248694406
  },
  "5": {
    "idx": 278555,
    "x_value": 29750.116691158073
  },
  "6": {
    "idx": 278556,
    "x_value": 29750.14168635654
  },
  "7": {
    "idx": 278557,
    "x_value": 29750.15017038757
  },
  "8": {
    "idx": 278558,
    "x_value": 29750.151457508975
  },
  "9": {
    "idx": 278559,
    "x_value": 29750.160212075687
  }
}