{
  "1": {
    "idx": 14700,
    "x_value": 655.4889826126185
  },
  "2": {
    "idx": 14715,
    "x_value": 656.7917676001537
  },
  "3": {
    "idx": 14752,
    "x_value": 658.2720243439953
  },
  "4": {
    "idx": 14753,
    "x_value": 658.4934193510403
  },
  "5": {
    "idx": 14754,
    "x_value": 658.5818871503183
  },
  "6": {
    "idx": 14757,
    "x_value": 658.6119885829105
  },
  "7": {
    "idx": 14758,
    "x_value": 658.6233125478798
  },
  "8": {
    "idx": 14759,
    "x_value": 658.6838440501639
  },
  "9": {
    "idx": 14760,
    "x_value": 658.7007076685767
  },
  "10": {
    "idx": 14762,
    "x_value": 658.7224834705175
  },
  "11": {
    "idx": 15255,
    "x_value": 664.2343564053456
  },
  "12": {
    "idx": 15310,
    "x_value": 664.8282841243231
  },
  "13": {
    "idx": 15317,
    "x_value": 664.8949489325589
  },
  "14": {
    "idx": 15624,
    "x_value": 667.8787431096787
  },
  "15": {
    "idx": 15629,
    "x_value": 667.9944362504941
  },
  "16": {
    "idx": 15650,
    "x_value": 668.2775167700773
  },
  "17": {
    "idx": 15651,
    "x_value": 668.2784531987913
  },
  "18": {
    "idx": 15652,
    "x_value": 668.2844854339525
  },
  "19": {
    "idx": 15653,
    "x_value": 668.291153332227
  },
  "20": {
    "idx": 15670,
    "x_value": 668.4281549179785
  },
  "21": {
    "idx": 15671,
    "x_value": 668.5068225521044
  },
  "22": {
    "idx": 15672,
    "x_value": 668.5306433470033
  },
  "23": {
    "idx": 15678,
    "x_value": 668.5475065633611
  },
  "24": {
    "idx": 15679,
    "x_value": 668.5486247199234
  },
  "25": {
    "idx": 15688,
    "x_value": 668.6006894550541
  },
  "26": {
    "idx": 15690,
    "x_value": 668.6181055198933
  },
  "27": {
    "idx": 15695,
    "x_value": 668.6533688144959
  },
  "28": {
    "idx": 15698,
    "x_value": 668.666750487105
  },
  "29": {
    "idx": 15699,
    "x_value": 668.6899376901216
  },
  "30": {
    "idx": 15700,
    "x_value": 668.6947994916716
  }
}