{
  "1": {
    "idx": 12454,
    "x_value": 1167.9862803691108
  },
  "2": {
    "idx": 12455,
    "x_value": 1168.870687548513
  },
  "3": {
    "idx": 12456,
    "x_value": 1168.8711722744565
  },
  "4": {
    "idx": 12457,
    "x_value": 1168.893928664999
  },
  "5": {
    "idx": 12458,
    "x_value": 1168.9303349897302
  },
  "6": {
    "idx": 12459,
    "x_value": 1168.9315349297437
  },
  "7": {
    "idx": 12460,
    "x_value": 1168.9327264175233
  },
  "8": {
    "idx": 12461,
    "x_value": 1168.9334791809824
  },
  "9": {
    "idx": 12462,
    "x_value": 1168.971327533924
  },
  "10": {
    "idx": 12463,
    "x_value": 1168.9750162879611
  },
  "11": {
    "idx": 12464,
    "x_value": 1168.9790987931246
  }
}