{
  "1": {
    "idx": 2064965,
    "x_value": 239581.10678401834
  },
  "2": {
    "idx": 2064966,
    "x_value": 239581.138997575
  },
  "3": {
    "idx": 2064967,
    "x_value": 239581.1397862722
  },
  "4": {
    "idx": 2064968,
    "x_value": 239581.1488376089
  },
  "5": {
    "idx": 2064969,
    "x_value": 239581.1492394048
  },
  "6": {
    "idx": 2064970,
    "x_value": 239581.16465306105
  },
  "7": {
    "idx": 2064971,
    "x_value": 239581.16539419725
  },
  "8": {
    "idx": 2064972,
    "x_value": 239581.16823431678
  },
  "9": {
    "idx": 2064973,
    "x_value": 239581.16864558402
  }
}