{
  "1": {
    "idx": 455656,
    "x_value": 59674.51902441616
  },
  "2": {
    "idx": 455657,
    "x_value": 59674.71530426332
  },
  "3": {
    "idx": 455658,
    "x_value": 59674.740434752384
  },
  "4": {
    "idx": 455659,
    "x_value": 59674.74713087538
  },
  "5": {
    "idx": 455660,
    "x_value": 59674.74782180704
  },
  "6": {
    "idx": 455661,
    "x_value": 59674.74939617126
  },
  "7": {
    "idx": 455662,
    "x_value": 59674.76024765641
  }
}