{
  "1": {
    "idx": 193936,
    "x_value": 14030.65115397499
  },
  "2": {
    "idx": 193937,
    "x_value": 14031.438119332848
  },
  "3": {
    "idx": 193938,
    "x_value": 14031.480193580524
  },
  "4": {
    "idx": 193939,
    "x_value": 14031.531443257305
  },
  "5": {
    "idx": 193940,
    "x_value": 14031.557122328048
  },
  "6": {
    "idx": 195560,
    "x_value": 14042.70725284668
  },
  "7": {
    "idx": 195621,
    "x_value": 14043.085656336223
  },
  "8": {
    "idx": 195652,
    "x_value": 14043.242773478161
  },
  "9": {
    "idx": 195776,
    "x_value": 14043.90221877473
  },
  "10": {
    "idx": 197057,
    "x_value": 14048.785730996204
  },
  "11": {
    "idx": 197617,
    "x_value": 14050.883410550075
  },
  "12": {
    "idx": 197628,
    "x_value": 14050.928169241723
  },
  "13": {
    "idx": 197641,
    "x_value": 14050.969511997815
  },
  "14": {
    "idx": 197642,
    "x_value": 14050.978096594625
  },
  "15": {
    "idx": 197645,
    "x_value": 14050.97953673031
  },
  "16": {
    "idx": 200122,
    "x_value": 14056.83668719664
  },
  "17": {
    "idx": 200129,
    "x_value": 14056.86026875959
  },
  "18": {
    "idx": 200134,
    "x_value": 14056.882118490552
  },
  "19": {
    "idx": 200137,
    "x_value": 14056.892979150261
  },
  "20": {
    "idx": 200455,
    "x_value": 14057.643461960432
  },
  "21": {
    "idx": 200460,
    "x_value": 14057.646319467984
  },
  "22": {
    "idx": 200467,
    "x_value": 14057.661903289536
  },
  "23": {
    "idx": 200490,
    "x_value": 14057.717380366468
  },
  "24": {
    "idx": 200497,
    "x_value": 14057.745356098354
  },
  "25": {
    "idx": 200506,
    "x_value": 14057.772590357885
  },
  "26": {
    "idx": 200509,
    "x_value": 14057.777495719496
  },
  "27": {
    "idx": 200514,
    "x_value": 14057.787287855583
  },
  "28": {
    "idx": 200529,
    "x_value": 14057.813479098659
  },
  "29": {
    "idx": 200530,
    "x_value": 14057.817455359835
  },
  "30": {
    "idx": 200531,
    "x_value": 14057.818855456366
  }
}