{
  "1": {
    "idx": 8331,
    "x_value": 1136.646635455648
  },
  "2": {
    "idx": 8332,
    "x_value": 1136.7561329912062
  },
  "3": {
    "idx": 8333,
    "x_value": 1136.7605460409134
  },
  "4": {
    "idx": 8334,
    "x_value": 1136.7724288004324
  },
  "5": {
    "idx": 8335,
    "x_value": 1136.781254571529
  },
  "6": {
    "idx": 8336,
    "x_value": 1136.7820400431983
  }
}