{
  "1": {
    "idx": 103963,
    "x_value": 8127.265260934267
  },
  "2": {
    "idx": 103972,
    "x_value": 8127.553604629494
  },
  "3": {
    "idx": 103973,
    "x_value": 8127.581355658876
  },
  "4": {
    "idx": 103974,
    "x_value": 8127.588421675778
  },
  "5": {
    "idx": 103975,
    "x_value": 8127.605673449887
  },
  "6": {
    "idx": 103976,
    "x_value": 8127.641076474253
  },
  "7": {
    "idx": 103977,
    "x_value": 8127.641957567476
  },
  "8": {
    "idx": 103978,
    "x_value": 8127.656071908392
  },
  "9": {
    "idx": 103979,
    "x_value": 8127.677220124391
  },
  "10": {
    "idx": 103980,
    "x_value": 8127.690071697158
  },
  "11": {
    "idx": 103981,
    "x_value": 8127.704706992473
  }
}