{
  "1": {
    "idx": 0,
    "x_value": 0.0
  },
  "2": {
    "idx": 2338,
    "x_value": 97.06292026739547
  },
  "3": {
    "idx": 2339,
    "x_value": 97.07707450121782
  },
  "4": {
    "idx": 2491,
    "x_value": 103.25085060650687
  },
  "5": {
    "idx": 2516,
    "x_value": 104.68776979882054
  },
  "6": {
    "idx": 2517,
    "x_value": 104.74607340370132
  },
  "7": {
    "idx": 2552,
    "x_value": 106.21804418917237
  },
  "8": {
    "idx": 2553,
    "x_value": 106.25423402098491
  },
  "9": {
    "idx": 2569,
    "x_value": 106.82533753146271
  },
  "10": {
    "idx": 2570,
    "x_value": 106.86177340267174
  },
  "11": {
    "idx": 2571,
    "x_value": 106.91235696848643
  },
  "12": {
    "idx": 2572,
    "x_value": 106.92530589346181
  },
  "13": {
    "idx": 2573,
    "x_value": 106.95475696657967
  },
  "14": {
    "idx": 2582,
    "x_value": 107.27344962303758
  },
  "15": {
    "idx": 2583,
    "x_value": 107.3032673329043
  },
  "16": {
    "idx": 2584,
    "x_value": 107.30366465761485
  },
  "17": {
    "idx": 2585,
    "x_value": 107.305150089546
  },
  "18": {
    "idx": 2586,
    "x_value": 107.3089166965406
  },
  "19": {
    "idx": 2593,
    "x_value": 107.38055520992435
  },
  "20": {
    "idx": 2596,
    "x_value": 107.39249822124063
  },
  "21": {
    "idx": 2599,
    "x_value": 107.40970177351933
  },
  "22": {
    "idx": 2600,
    "x_value": 107.43149674195791
  },
  "23": {
    "idx": 2626,
    "x_value": 107.81037922309056
  },
  "24": {
    "idx": 2629,
    "x_value": 107.87396896213586
  },
  "25": {
    "idx": 2630,
    "x_value": 107.89545331126828
  },
  "26": {
    "idx": 2631,
    "x_value": 107.89564806358906
  },
  "27": {
    "idx": 2642,
    "x_value": 108.13762003748676
  },
  "28": {
    "idx": 2643,
    "x_value": 108.14329591149475
  },
  "29": {
    "idx": 2644,
    "x_value": 108.16971961439013
  },
  "30": {
    "idx": 2645,
    "x_value": 108.17367829592877
  }
}