{
  "1": {
    "idx": 70525,
    "x_value": 3954.683007389457
  },
  "2": {
    "idx": 70600,
    "x_value": 3958.0020498122162
  },
  "3": {
    "idx": 70603,
    "x_value": 3958.0922629750103
  },
  "4": {
    "idx": 70604,
    "x_value": 3958.2457467869317
  },
  "5": {
    "idx": 70605,
    "x_value": 3958.256649842254
  },
  "6": {
    "idx": 71145,
    "x_value": 3963.27176395457
  },
  "7": {
    "idx": 72587,
    "x_value": 3975.6725762227675
  },
  "8": {
    "idx": 72590,
    "x_value": 3975.7357392669987
  },
  "9": {
    "idx": 72593,
    "x_value": 3975.769252748866
  },
  "10": {
    "idx": 75899,
    "x_value": 3994.618936200817
  },
  "11": {
    "idx": 75908,
    "x_value": 3994.6545902652574
  },
  "12": {
    "idx": 75911,
    "x_value": 3994.691633630023
  },
  "13": {
    "idx": 75912,
    "x_value": 3994.706058069756
  },
  "14": {
    "idx": 76036,
    "x_value": 3995.3555730618846
  },
  "15": {
    "idx": 76787,
    "x_value": 3998.427271864037
  },
  "16": {
    "idx": 77442,
    "x_value": 4001.0083179099174
  },
  "17": {
    "idx": 77771,
    "x_value": 4002.3648078834894
  },
  "18": {
    "idx": 77806,
    "x_value": 4002.485424643583
  },
  "19": {
    "idx": 77847,
    "x_value": 4002.748372858667
  },
  "20": {
    "idx": 77858,
    "x_value": 4002.7899624358924
  },
  "21": {
    "idx": 77889,
    "x_value": 4002.9801581534884
  },
  "22": {
    "idx": 77890,
    "x_value": 4002.99513114017
  },
  "23": {
    "idx": 77923,
    "x_value": 4003.167884491212
  },
  "24": {
    "idx": 77924,
    "x_value": 4003.1833270349316
  },
  "25": {
    "idx": 77961,
    "x_value": 4003.328562053454
  },
  "26": {
    "idx": 77999,
    "x_value": 4003.402647510965
  },
  "27": {
    "idx": 78016,
    "x_value": 4003.4627226171433
  },
  "28": {
    "idx": 78027,
    "x_value": 4003.484561847357
  },
  "29": {
    "idx": 78028,
    "x_value": 4003.4875602628567
  },
  "30": {
    "idx": 78029,
    "x_value": 4003.4886181874654
  }
}