{
  "1": {
    "idx": 319427,
    "x_value": 31411.57640099576
  },
  "2": {
    "idx": 319432,
    "x_value": 31411.740044967864
  },
  "3": {
    "idx": 319433,
    "x_value": 31411.827238949416
  },
  "4": {
    "idx": 319434,
    "x_value": 31411.841232769795
  },
  "5": {
    "idx": 319435,
    "x_value": 31411.856097119162
  },
  "6": {
    "idx": 319440,
    "x_value": 31411.902917938867
  },
  "7": {
    "idx": 319441,
    "x_value": 31411.925046892557
  },
  "8": {
    "idx": 319442,
    "x_value": 31411.935357654045
  },
  "9": {
    "idx": 319443,
    "x_value": 31411.93984713833
  },
  "10": {
    "idx": 319444,
    "x_value": 31411.955822057374
  },
  "11": {
    "idx": 319445,
    "x_value": 31411.965987736796
  }
}