{
  "1": {
    "idx": 681822,
    "x_value": 85570.45136706653
  },
  "2": {
    "idx": 681823,
    "x_value": 85570.46625794195
  },
  "3": {
    "idx": 681824,
    "x_value": 85570.47880997455
  },
  "4": {
    "idx": 681825,
    "x_value": 85570.48255885775
  },
  "5": {
    "idx": 681826,
    "x_value": 85570.48568286645
  },
  "6": {
    "idx": 731456,
    "x_value": 85656.01763604347
  },
  "7": {
    "idx": 731471,
    "x_value": 85656.04619391022
  },
  "8": {
    "idx": 731474,
    "x_value": 85656.05369778645
  },
  "9": {
    "idx": 820180,
    "x_value": 85749.77383525862
  },
  "10": {
    "idx": 820327,
    "x_value": 85749.95090932593
  },
  "11": {
    "idx": 820336,
    "x_value": 85749.96598214548
  },
  "12": {
    "idx": 820344,
    "x_value": 85749.96883013856
  },
  "13": {
    "idx": 824384,
    "x_value": 85752.69903994403
  },
  "14": {
    "idx": 824393,
    "x_value": 85752.70343390616
  },
  "15": {
    "idx": 824450,
    "x_value": 85752.7361909565
  },
  "16": {
    "idx": 824850,
    "x_value": 85752.94244577533
  },
  "17": {
    "idx": 860761,
    "x_value": 85770.64882630437
  },
  "18": {
    "idx": 860940,
    "x_value": 85770.72002720204
  },
  "19": {
    "idx": 860965,
    "x_value": 85770.73087102594
  },
  "20": {
    "idx": 866797,
    "x_value": 85773.17728932164
  },
  "21": {
    "idx": 962105,
    "x_value": 85810.62842385247
  },
  "22": {
    "idx": 962330,
    "x_value": 85810.71565333357
  },
  "23": {
    "idx": 962395,
    "x_value": 85810.74388952879
  },
  "24": {
    "idx": 968964,
    "x_value": 85812.98835549767
  },
  "25": {
    "idx": 968989,
    "x_value": 85812.99740167776
  },
  "26": {
    "idx": 968990,
    "x_value": 85812.99984411846
  },
  "27": {
    "idx": 969041,
    "x_value": 85813.01684630782
  },
  "28": {
    "idx": 969052,
    "x_value": 85813.02070415819
  },
  "29": {
    "idx": 969057,
    "x_value": 85813.02209785105
  },
  "30": {
    "idx": 969058,
    "x_value": 85813.02290937192
  }
}