{
  "1": {
    "idx": 108225,
    "x_value": 11765.164947919764
  },
  "2": {
    "idx": 108228,
    "x_value": 11765.223405142775
  },
  "3": {
    "idx": 108229,
    "x_value": 11765.251227510804
  },
  "4": {
    "idx": 108230,
    "x_value": 11765.304314742323
  },
  "5": {
    "idx": 108231,
    "x_value": 11765.335920016305
  },
  "6": {
    "idx": 108232,
    "x_value": 11765.336115505608
  },
  "7": {
    "idx": 108233,
    "x_value": 11765.336290058387
  },
  "8": {
    "idx": 108234,
    "x_value": 11765.374219974308
  },
  "9": {
    "idx": 108235,
    "x_value": 11765.3801478119
  }
}