{
  "1": {
    "idx": 983572,
    "x_value": 98918.47518150612
  },
  "2": {
    "idx": 983575,
    "x_value": 98918.61667631222
  },
  "3": {
    "idx": 983576,
    "x_value": 98918.63584269215
  },
  "4": {
    "idx": 983577,
    "x_value": 98918.68280116182
  },
  "5": {
    "idx": 983578,
    "x_value": 98918.68507044048
  },
  "6": {
    "idx": 984514,
    "x_value": 98922.01524915642
  },
  "7": {
    "idx": 984525,
    "x_value": 98922.06427086327
  },
  "8": {
    "idx": 984528,
    "x_value": 98922.07817093533
  },
  "9": {
    "idx": 984790,
    "x_value": 98922.73686103655
  },
  "10": {
    "idx": 984799,
    "x_value": 98922.76525558217
  },
  "11": {
    "idx": 984802,
    "x_value": 98922.77479544195
  },
  "12": {
    "idx": 984807,
    "x_value": 98922.79370681236
  },
  "13": {
    "idx": 984808,
    "x_value": 98922.7946535843
  },
  "14": {
    "idx": 984831,
    "x_value": 98922.83659937559
  },
  "15": {
    "idx": 984836,
    "x_value": 98922.8490622665
  },
  "16": {
    "idx": 984843,
    "x_value": 98922.85751017426
  },
  "17": {
    "idx": 984844,
    "x_value": 98922.85761725596
  }
}