{
  "final_entities": 2,
  "simulated_time_seconds": 391.4224596927721,
  "event_num_link": 0,
  "event_num_grow": 15378,
  "event_num_grow_success": 14772,
  "event_num_grow_fail": 606,
  "event_num_remove": 14622,
  "event_num_to_do_nothing": 0,
  "distorted_linker_enabled": true,
  "distorted_linker_fraction": 0.07268234539751045,
  "off_pathway_linker_fraction": 0.1453646907950209,
  "effective_zr6_conc": 7.418541236819916,
  "effective_linker_conc": 3.4185412368199164,
  "external_addition_activity": 0.8902350310296908
}