{
  "1": {
    "idx": 456273,
    "x_value": 65510.739086983136
  },
  "2": {
    "idx": 456276,
    "x_value": 65510.75645442898
  },
  "3": {
    "idx": 456277,
    "x_value": 65510.757868098306
  },
  "4": {
    "idx": 456278,
    "x_value": 65510.75835604055
  },
  "5": {
    "idx": 456279,
    "x_value": 65510.76027369197
  }
}