{
  "1": {
    "idx": 329876,
    "x_value": 18628.61547401164
  },
  "2": {
    "idx": 329877,
    "x_value": 18629.163582726076
  },
  "3": {
    "idx": 329882,
    "x_value": 18629.4043533377
  },
  "4": {
    "idx": 329883,
    "x_value": 18629.433860723264
  },
  "5": {
    "idx": 329884,
    "x_value": 18629.455632657045
  },
  "6": {
    "idx": 331554,
    "x_value": 18643.910485449855
  },
  "7": {
    "idx": 332785,
    "x_value": 18654.794059579068
  },
  "8": {
    "idx": 333055,
    "x_value": 18656.856970050816
  },
  "9": {
    "idx": 342398,
    "x_value": 18708.836160040264
  },
  "10": {
    "idx": 344526,
    "x_value": 18721.00283483143
  },
  "11": {
    "idx": 344685,
    "x_value": 18721.93121332769
  },
  "12": {
    "idx": 344926,
    "x_value": 18723.111175629252
  },
  "13": {
    "idx": 344927,
    "x_value": 18723.122119246575
  },
  "14": {
    "idx": 346323,
    "x_value": 18729.673212284124
  },
  "15": {
    "idx": 346340,
    "x_value": 18729.72682737433
  },
  "16": {
    "idx": 346407,
    "x_value": 18730.021885229362
  },
  "17": {
    "idx": 347186,
    "x_value": 18733.110166474562
  },
  "18": {
    "idx": 347189,
    "x_value": 18733.133328676555
  },
  "19": {
    "idx": 347228,
    "x_value": 18733.25657777527
  },
  "20": {
    "idx": 347229,
    "x_value": 18733.26320603472
  },
  "21": {
    "idx": 347232,
    "x_value": 18733.274795182144
  },
  "22": {
    "idx": 347233,
    "x_value": 18733.279791842564
  },
  "23": {
    "idx": 347234,
    "x_value": 18733.286084948657
  },
  "24": {
    "idx": 347241,
    "x_value": 18733.294822738186
  },
  "25": {
    "idx": 347244,
    "x_value": 18733.297394000598
  },
  "26": {
    "idx": 347245,
    "x_value": 18733.29789829677
  },
  "27": {
    "idx": 347246,
    "x_value": 18733.29951814982
  },
  "28": {
    "idx": 347247,
    "x_value": 18733.30103793995
  },
  "29": {
    "idx": 347250,
    "x_value": 18733.32061583777
  },
  "30": {
    "idx": 347251,
    "x_value": 18733.323631244322
  }
}