{
  "1": {
    "idx": 0,
    "x_value": 0.0
  },
  "2": {
    "idx": 1,
    "x_value": 0.01444721936212731
  },
  "3": {
    "idx": 4,
    "x_value": 0.2460542117798613
  },
  "4": {
    "idx": 5,
    "x_value": 0.2943002104938562
  },
  "5": {
    "idx": 12,
    "x_value": 0.6292324294276811
  },
  "6": {
    "idx": 13,
    "x_value": 0.6933235674622904
  },
  "7": {
    "idx": 14,
    "x_value": 0.8035817254307156
  },
  "8": {
    "idx": 15,
    "x_value": 1.1567787154715754
  },
  "9": {
    "idx": 20,
    "x_value": 1.3311353764833453
  },
  "10": {
    "idx": 46,
    "x_value": 2.6304397467509353
  },
  "11": {
    "idx": 47,
    "x_value": 2.780549920091101
  },
  "12": {
    "idx": 48,
    "x_value": 2.8618737416130635
  },
  "13": {
    "idx": 49,
    "x_value": 2.8790383240337043
  },
  "14": {
    "idx": 50,
    "x_value": 2.92137658907959
  },
  "15": {
    "idx": 51,
    "x_value": 2.952158695057557
  },
  "16": {
    "idx": 52,
    "x_value": 3.0004218257235133
  },
  "17": {
    "idx": 53,
    "x_value": 3.1013761158391064
  },
  "18": {
    "idx": 54,
    "x_value": 3.1117047970999967
  },
  "19": {
    "idx": 55,
    "x_value": 3.119963276211574
  },
  "20": {
    "idx": 58,
    "x_value": 3.143547446764812
  },
  "21": {
    "idx": 59,
    "x_value": 3.1436048318404417
  },
  "22": {
    "idx": 60,
    "x_value": 3.146315685197095
  },
  "23": {
    "idx": 61,
    "x_value": 3.1486364572844447
  },
  "24": {
    "idx": 62,
    "x_value": 3.1488025702542357
  },
  "25": {
    "idx": 65,
    "x_value": 3.2949294545962227
  },
  "26": {
    "idx": 68,
    "x_value": 3.3679672863645824
  },
  "27": {
    "idx": 69,
    "x_value": 3.391967800334873
  },
  "28": {
    "idx": 70,
    "x_value": 3.4055265909592576
  },
  "29": {
    "idx": 71,
    "x_value": 3.416828098210598
  },
  "30": {
    "idx": 72,
    "x_value": 3.4529122134509036
  }
}