{
  "1": {
    "idx": 196286,
    "x_value": 27990.747321186354
  },
  "2": {
    "idx": 196287,
    "x_value": 27990.898812266827
  },
  "3": {
    "idx": 196288,
    "x_value": 27990.90012296019
  },
  "4": {
    "idx": 196289,
    "x_value": 27990.903569257414
  },
  "5": {
    "idx": 196290,
    "x_value": 27990.90396507942
  }
}