{
  "1": {
    "idx": 12537,
    "x_value": 545.2889356313582
  },
  "2": {
    "idx": 12542,
    "x_value": 545.7855444399991
  },
  "3": {
    "idx": 12551,
    "x_value": 546.0909267087147
  },
  "4": {
    "idx": 12552,
    "x_value": 546.1626499854682
  },
  "5": {
    "idx": 12553,
    "x_value": 546.1807572647489
  },
  "6": {
    "idx": 12554,
    "x_value": 546.1882859436972
  },
  "7": {
    "idx": 12555,
    "x_value": 546.2055689088533
  },
  "8": {
    "idx": 12560,
    "x_value": 546.3721384398093
  },
  "9": {
    "idx": 13511,
    "x_value": 556.0584683898734
  },
  "10": {
    "idx": 13624,
    "x_value": 557.5863248774878
  },
  "11": {
    "idx": 13625,
    "x_value": 557.6150241912161
  },
  "12": {
    "idx": 13628,
    "x_value": 557.6266617011643
  },
  "13": {
    "idx": 13633,
    "x_value": 557.7114223511237
  },
  "14": {
    "idx": 13642,
    "x_value": 557.8241747648141
  },
  "15": {
    "idx": 13650,
    "x_value": 557.8387534451743
  },
  "16": {
    "idx": 13657,
    "x_value": 557.9105519504118
  },
  "17": {
    "idx": 13686,
    "x_value": 558.1182534772881
  },
  "18": {
    "idx": 13823,
    "x_value": 559.0901198522497
  },
  "19": {
    "idx": 13840,
    "x_value": 559.2682903837994
  },
  "20": {
    "idx": 13849,
    "x_value": 559.3836218722303
  },
  "21": {
    "idx": 13912,
    "x_value": 559.8441040645096
  },
  "22": {
    "idx": 13917,
    "x_value": 559.8876657400419
  },
  "23": {
    "idx": 13928,
    "x_value": 559.9272493627019
  },
  "24": {
    "idx": 13937,
    "x_value": 559.9748275384288
  },
  "25": {
    "idx": 13939,
    "x_value": 560.0085938369182
  },
  "26": {
    "idx": 13942,
    "x_value": 560.0115824945958
  },
  "27": {
    "idx": 13949,
    "x_value": 560.0576482015887
  },
  "28": {
    "idx": 13952,
    "x_value": 560.0722580917276
  },
  "29": {
    "idx": 13955,
    "x_value": 560.1044734951151
  },
  "30": {
    "idx": 13956,
    "x_value": 560.1052751217502
  }
}