{
  "1": {
    "idx": 170066,
    "x_value": 15976.3963230233
  },
  "2": {
    "idx": 170071,
    "x_value": 15976.5042196946
  },
  "3": {
    "idx": 170072,
    "x_value": 15976.562545151237
  },
  "4": {
    "idx": 170073,
    "x_value": 15976.61418258849
  },
  "5": {
    "idx": 170074,
    "x_value": 15976.654070841529
  },
  "6": {
    "idx": 170075,
    "x_value": 15976.66995508109
  },
  "7": {
    "idx": 170078,
    "x_value": 15976.693784635549
  },
  "8": {
    "idx": 170079,
    "x_value": 15976.697444898819
  },
  "9": {
    "idx": 170080,
    "x_value": 15976.698161562255
  },
  "10": {
    "idx": 170081,
    "x_value": 15976.698452730141
  }
}