{
  "1": {
    "idx": 651417,
    "x_value": 51112.69378978011
  },
  "2": {
    "idx": 651424,
    "x_value": 51113.02982003722
  },
  "3": {
    "idx": 651427,
    "x_value": 51113.11127814217
  },
  "4": {
    "idx": 651428,
    "x_value": 51113.19044234971
  },
  "5": {
    "idx": 651429,
    "x_value": 51113.20116250983
  },
  "6": {
    "idx": 651430,
    "x_value": 51113.2072978277
  },
  "7": {
    "idx": 651431,
    "x_value": 51113.23050662593
  },
  "8": {
    "idx": 651432,
    "x_value": 51113.23863300028
  },
  "9": {
    "idx": 651433,
    "x_value": 51113.265983873665
  },
  "10": {
    "idx": 651434,
    "x_value": 51113.26971001756
  },
  "11": {
    "idx": 651435,
    "x_value": 51113.27005255997
  }
}