{
  "1": {
    "idx": 47311,
    "x_value": 6063.1403688500795
  },
  "2": {
    "idx": 47312,
    "x_value": 6063.151195705256
  },
  "3": {
    "idx": 47315,
    "x_value": 6063.189539802035
  },
  "4": {
    "idx": 47316,
    "x_value": 6063.190354987798
  },
  "5": {
    "idx": 47317,
    "x_value": 6063.198662726561
  },
  "6": {
    "idx": 47318,
    "x_value": 6063.204941149137
  },
  "7": {
    "idx": 47319,
    "x_value": 6063.207814716809
  }
}