{
  "1": {
    "idx": 569790,
    "x_value": 70435.16726891241
  },
  "2": {
    "idx": 569793,
    "x_value": 70435.33180761563
  },
  "3": {
    "idx": 569798,
    "x_value": 70435.36158747214
  },
  "4": {
    "idx": 569803,
    "x_value": 70435.38328532544
  },
  "5": {
    "idx": 569804,
    "x_value": 70435.40819610686
  },
  "6": {
    "idx": 569805,
    "x_value": 70435.40959058805
  },
  "7": {
    "idx": 569806,
    "x_value": 70435.41741788288
  },
  "8": {
    "idx": 569807,
    "x_value": 70435.4234876851
  }
}