{
  "1": {
    "idx": 86099,
    "x_value": 6096.924796477081
  },
  "2": {
    "idx": 86128,
    "x_value": 6098.085052170909
  },
  "3": {
    "idx": 86137,
    "x_value": 6098.222088156179
  },
  "4": {
    "idx": 86138,
    "x_value": 6098.308328353245
  },
  "5": {
    "idx": 86139,
    "x_value": 6098.327229511214
  },
  "6": {
    "idx": 88560,
    "x_value": 6114.414297175927
  },
  "7": {
    "idx": 88842,
    "x_value": 6116.11829683013
  },
  "8": {
    "idx": 88909,
    "x_value": 6116.516321949428
  },
  "9": {
    "idx": 98020,
    "x_value": 6155.449611264332
  },
  "10": {
    "idx": 99859,
    "x_value": 6163.199268643703
  },
  "11": {
    "idx": 99870,
    "x_value": 6163.2662813401175
  },
  "12": {
    "idx": 99883,
    "x_value": 6163.349461328576
  },
  "13": {
    "idx": 99886,
    "x_value": 6163.3946436185815
  },
  "14": {
    "idx": 100036,
    "x_value": 6163.943273721834
  },
  "15": {
    "idx": 100949,
    "x_value": 6166.942128900174
  },
  "16": {
    "idx": 101090,
    "x_value": 6167.430680398157
  },
  "17": {
    "idx": 101093,
    "x_value": 6167.434492544747
  },
  "18": {
    "idx": 101118,
    "x_value": 6167.50546823784
  },
  "19": {
    "idx": 101119,
    "x_value": 6167.507017288933
  },
  "20": {
    "idx": 101122,
    "x_value": 6167.510395262358
  },
  "21": {
    "idx": 101157,
    "x_value": 6167.607719277905
  },
  "22": {
    "idx": 101158,
    "x_value": 6167.608072430175
  },
  "23": {
    "idx": 101161,
    "x_value": 6167.614303580556
  },
  "24": {
    "idx": 101168,
    "x_value": 6167.649658554363
  },
  "25": {
    "idx": 101173,
    "x_value": 6167.664904873533
  },
  "26": {
    "idx": 101174,
    "x_value": 6167.665903881769
  },
  "27": {
    "idx": 101175,
    "x_value": 6167.66619346242
  },
  "28": {
    "idx": 101176,
    "x_value": 6167.666770494753
  },
  "29": {
    "idx": 101177,
    "x_value": 6167.667187549698
  },
  "30": {
    "idx": 101178,
    "x_value": 6167.668186073522
  }
}