{
  "1": {
    "idx": 753378,
    "x_value": 105104.40265405946
  },
  "2": {
    "idx": 753379,
    "x_value": 105104.47572341858
  },
  "3": {
    "idx": 753380,
    "x_value": 105104.47936805178
  },
  "4": {
    "idx": 753381,
    "x_value": 105104.48954168885
  },
  "5": {
    "idx": 753382,
    "x_value": 105104.48996502801
  },
  "6": {
    "idx": 753383,
    "x_value": 105104.49126193709
  },
  "7": {
    "idx": 753384,
    "x_value": 105104.49310899508
  }
}