{
  "1": {
    "idx": 728420,
    "x_value": 102519.30627519517
  },
  "2": {
    "idx": 728421,
    "x_value": 102519.4262338975
  },
  "3": {
    "idx": 728422,
    "x_value": 102519.4292900278
  },
  "4": {
    "idx": 728423,
    "x_value": 102519.43981075952
  },
  "5": {
    "idx": 728424,
    "x_value": 102519.44080605533
  },
  "6": {
    "idx": 728425,
    "x_value": 102519.44198766387
  }
}