{
  "1": {
    "idx": 249703,
    "x_value": 21195.421840078692
  },
  "2": {
    "idx": 249718,
    "x_value": 21195.877379813857
  },
  "3": {
    "idx": 249719,
    "x_value": 21195.891021675674
  },
  "4": {
    "idx": 249720,
    "x_value": 21195.90346430518
  },
  "5": {
    "idx": 249721,
    "x_value": 21195.90979541454
  },
  "6": {
    "idx": 249722,
    "x_value": 21195.910999161297
  },
  "7": {
    "idx": 249723,
    "x_value": 21195.93474406347
  },
  "8": {
    "idx": 249724,
    "x_value": 21195.958453548636
  },
  "9": {
    "idx": 249725,
    "x_value": 21195.9646207517
  },
  "10": {
    "idx": 249726,
    "x_value": 21195.972502540662
  }
}