{
  "1": {
    "idx": 194560,
    "x_value": 9602.157369286115
  },
  "2": {
    "idx": 194615,
    "x_value": 9604.783239998276
  },
  "3": {
    "idx": 194620,
    "x_value": 9604.881627031455
  },
  "4": {
    "idx": 194621,
    "x_value": 9605.00563764269
  },
  "5": {
    "idx": 194624,
    "x_value": 9605.091568174039
  },
  "6": {
    "idx": 194625,
    "x_value": 9605.14060341702
  },
  "7": {
    "idx": 194630,
    "x_value": 9605.20672684259
  },
  "8": {
    "idx": 195096,
    "x_value": 9609.277684587472
  },
  "9": {
    "idx": 195101,
    "x_value": 9609.345956991832
  },
  "10": {
    "idx": 195102,
    "x_value": 9609.366435229087
  },
  "11": {
    "idx": 195105,
    "x_value": 9609.420972994674
  },
  "12": {
    "idx": 195114,
    "x_value": 9609.455287267378
  },
  "13": {
    "idx": 196392,
    "x_value": 9617.505275234114
  },
  "14": {
    "idx": 196395,
    "x_value": 9617.538914673121
  },
  "15": {
    "idx": 196546,
    "x_value": 9618.582547053813
  },
  "16": {
    "idx": 196597,
    "x_value": 9618.877059880393
  },
  "17": {
    "idx": 196598,
    "x_value": 9618.920541337373
  },
  "18": {
    "idx": 196677,
    "x_value": 9619.40749925292
  },
  "19": {
    "idx": 196682,
    "x_value": 9619.4377816119
  },
  "20": {
    "idx": 196690,
    "x_value": 9619.46743770776
  },
  "21": {
    "idx": 196695,
    "x_value": 9619.481644289015
  },
  "22": {
    "idx": 196742,
    "x_value": 9619.698491313118
  },
  "23": {
    "idx": 196743,
    "x_value": 9619.729671347672
  },
  "24": {
    "idx": 196748,
    "x_value": 9619.741978731756
  },
  "25": {
    "idx": 196749,
    "x_value": 9619.74384950759
  },
  "26": {
    "idx": 196756,
    "x_value": 9619.773533748392
  },
  "27": {
    "idx": 196757,
    "x_value": 9619.775665897172
  },
  "28": {
    "idx": 196758,
    "x_value": 9619.791540534128
  },
  "29": {
    "idx": 196759,
    "x_value": 9619.793061738308
  },
  "30": {
    "idx": 196760,
    "x_value": 9619.797296607208
  }
}