{
  "1": {
    "idx": 2,
    "x_value": 0.1625719783744692
  },
  "2": {
    "idx": 3,
    "x_value": 0.27084876144185094
  },
  "3": {
    "idx": 2702,
    "x_value": 104.39723141632733
  },
  "4": {
    "idx": 3078,
    "x_value": 118.31217949852561
  },
  "5": {
    "idx": 3089,
    "x_value": 119.16683439162887
  },
  "6": {
    "idx": 3090,
    "x_value": 119.33435614309543
  },
  "7": {
    "idx": 3091,
    "x_value": 119.3948368349334
  },
  "8": {
    "idx": 3092,
    "x_value": 119.47704890295097
  },
  "9": {
    "idx": 3093,
    "x_value": 119.4831211590852
  },
  "10": {
    "idx": 3094,
    "x_value": 119.50935702024981
  },
  "11": {
    "idx": 3111,
    "x_value": 120.12807348992041
  },
  "12": {
    "idx": 3114,
    "x_value": 120.19693632048758
  },
  "13": {
    "idx": 3115,
    "x_value": 120.19985030931073
  },
  "14": {
    "idx": 3116,
    "x_value": 120.20186800351715
  },
  "15": {
    "idx": 3117,
    "x_value": 120.22433874192838
  },
  "16": {
    "idx": 3118,
    "x_value": 120.26575988991007
  },
  "17": {
    "idx": 3119,
    "x_value": 120.27359969082896
  },
  "18": {
    "idx": 3120,
    "x_value": 120.31716496702734
  },
  "19": {
    "idx": 3125,
    "x_value": 120.38263600201125
  },
  "20": {
    "idx": 3126,
    "x_value": 120.39887106697337
  },
  "21": {
    "idx": 3131,
    "x_value": 120.50779159979098
  },
  "22": {
    "idx": 3132,
    "x_value": 120.56865610203899
  },
  "23": {
    "idx": 3146,
    "x_value": 120.79329932836805
  },
  "24": {
    "idx": 3149,
    "x_value": 120.80215274158843
  },
  "25": {
    "idx": 3150,
    "x_value": 120.8047634737997
  },
  "26": {
    "idx": 3153,
    "x_value": 120.83713768341129
  },
  "27": {
    "idx": 3156,
    "x_value": 120.88303501907525
  },
  "28": {
    "idx": 3157,
    "x_value": 120.89479165034552
  },
  "29": {
    "idx": 3158,
    "x_value": 120.8995305391807
  },
  "30": {
    "idx": 3159,
    "x_value": 120.90820832295398
  }
}