{
  "ZR6_PERCENTAGE": 1.0,
  "Zr_conc_total": 32.0,
  "Linker_conc_total": 4.0,
  "Capping_agent_conc": 300.0,
  "equilibrium_constant_coefficient": 1.32975172557788,
  "effective_equilibrium_constant": 1.5250299510123937,
  "distorted_linker_enabled": true,
  "distorted_ligand_state": {
    "association_constant": 0.010166866340082625,
    "effective_exchange_equilibrium_constant": 1.5250299510123937,
    "acid_speciation": {
      "linker_carboxylate_to_acid_ratio": 0.0,
      "formate_to_acid_ratio": 0.0,
      "linker_carboxylic_acid_conc": 8.0,
      "formic_acid_conc": 300.0
    },
    "second_step_equivalents": 1.0,
    "total_zr6_conc": 5.333333333333333,
    "total_linker_conc": 4.0,
    "distorted_ligand_conc": 0.19846143540712835,
    "polymerized_distorted_conc": 0.19846143540712835,
    "off_pathway_zr6_conc": 0.3969228708142567,
    "off_pathway_linker_conc": 0.3969228708142567,
    "distorted_ligand_fraction": 0.04961535885178209,
    "off_pathway_linker_fraction": 0.09923071770356418,
    "off_pathway_zr6_fraction": 0.07442303827767313,
    "free_zr6_conc": 4.936410462519076,
    "free_linker_conc": 3.6030771291857433,
    "free_zr6_fraction": 0.9255769617223267,
    "free_linker_fraction": 0.9007692822964358
  },
  "effective_zr6_conc_for_growth": 4.936410462519076,
  "effective_linker_conc_for_growth": 3.6030771291857433,
  "Zr6_conc_adding_probability": 0.18341340278113935,
  "external_addition_activity": 0.9130888760250756
}