{
  "1": {
    "idx": 900975,
    "x_value": 86286.91467292627
  },
  "2": {
    "idx": 900976,
    "x_value": 86287.34300943743
  },
  "3": {
    "idx": 900977,
    "x_value": 86287.40089682609
  },
  "4": {
    "idx": 900980,
    "x_value": 86287.47188590743
  },
  "5": {
    "idx": 900981,
    "x_value": 86287.47952528365
  },
  "6": {
    "idx": 900982,
    "x_value": 86287.48220734298
  },
  "7": {
    "idx": 900983,
    "x_value": 86287.4963902272
  },
  "8": {
    "idx": 900984,
    "x_value": 86287.49970842127
  },
  "9": {
    "idx": 900985,
    "x_value": 86287.50280539486
  },
  "10": {
    "idx": 900986,
    "x_value": 86287.5063233634
  },
  "11": {
    "idx": 900987,
    "x_value": 86287.50778828349
  }
}