{
  "1": {
    "idx": 328022,
    "x_value": 30373.804737923267
  },
  "2": {
    "idx": 328025,
    "x_value": 30373.975540806157
  },
  "3": {
    "idx": 328026,
    "x_value": 30373.97865664704
  },
  "4": {
    "idx": 328027,
    "x_value": 30373.986147511725
  },
  "5": {
    "idx": 328028,
    "x_value": 30373.98687964566
  },
  "6": {
    "idx": 328029,
    "x_value": 30373.999270200893
  },
  "7": {
    "idx": 328030,
    "x_value": 30374.000163405944
  },
  "8": {
    "idx": 328031,
    "x_value": 30374.00329107796
  },
  "9": {
    "idx": 328034,
    "x_value": 30374.02518567376
  },
  "10": {
    "idx": 328035,
    "x_value": 30374.035121996792
  },
  "11": {
    "idx": 328036,
    "x_value": 30374.038564243467
  }
}