{
  "1": {
    "idx": 232805,
    "x_value": 11551.472553494214
  },
  "2": {
    "idx": 232842,
    "x_value": 11553.383749495197
  },
  "3": {
    "idx": 232849,
    "x_value": 11553.617389637668
  },
  "4": {
    "idx": 232850,
    "x_value": 11553.70057605785
  },
  "5": {
    "idx": 232853,
    "x_value": 11553.748613318065
  },
  "6": {
    "idx": 232856,
    "x_value": 11553.8477019369
  },
  "7": {
    "idx": 232857,
    "x_value": 11553.863159196604
  },
  "8": {
    "idx": 232858,
    "x_value": 11553.88278108436
  },
  "9": {
    "idx": 232859,
    "x_value": 11553.903926900646
  },
  "10": {
    "idx": 232866,
    "x_value": 11554.024275881873
  },
  "11": {
    "idx": 232867,
    "x_value": 11554.056707100759
  },
  "12": {
    "idx": 232870,
    "x_value": 11554.086460544866
  },
  "13": {
    "idx": 232871,
    "x_value": 11554.099640586774
  },
  "14": {
    "idx": 232872,
    "x_value": 11554.110381341903
  },
  "15": {
    "idx": 232875,
    "x_value": 11554.169637726269
  },
  "16": {
    "idx": 232876,
    "x_value": 11554.188014643287
  },
  "17": {
    "idx": 232877,
    "x_value": 11554.234287429194
  },
  "18": {
    "idx": 232878,
    "x_value": 11554.263919043278
  }
}