{
  "1": {
    "idx": 330891,
    "x_value": 35595.83880705502
  },
  "2": {
    "idx": 330892,
    "x_value": 35596.02999476154
  },
  "3": {
    "idx": 330893,
    "x_value": 35596.0525481246
  },
  "4": {
    "idx": 330894,
    "x_value": 35596.088968141456
  },
  "5": {
    "idx": 330895,
    "x_value": 35596.10984922018
  },
  "6": {
    "idx": 330896,
    "x_value": 35596.12455528461
  },
  "7": {
    "idx": 330897,
    "x_value": 35596.13804685492
  },
  "8": {
    "idx": 330898,
    "x_value": 35596.144996887364
  },
  "9": {
    "idx": 330899,
    "x_value": 35596.15653468949
  },
  "10": {
    "idx": 330900,
    "x_value": 35596.16054221117
  }
}