{
  "1": {
    "idx": 257696,
    "x_value": 22961.894586497765
  },
  "2": {
    "idx": 257729,
    "x_value": 22962.888191505037
  },
  "3": {
    "idx": 257730,
    "x_value": 22962.89109646724
  },
  "4": {
    "idx": 257733,
    "x_value": 22962.945505829324
  },
  "5": {
    "idx": 257734,
    "x_value": 22962.94820687434
  },
  "6": {
    "idx": 288855,
    "x_value": 23113.393469585742
  },
  "7": {
    "idx": 288888,
    "x_value": 23113.530553269586
  },
  "8": {
    "idx": 288891,
    "x_value": 23113.541732504913
  },
  "9": {
    "idx": 288909,
    "x_value": 23113.614876691896
  },
  "10": {
    "idx": 339507,
    "x_value": 23251.253812135077
  },
  "11": {
    "idx": 339820,
    "x_value": 23252.208812061708
  },
  "12": {
    "idx": 339821,
    "x_value": 23252.211020844
  },
  "13": {
    "idx": 371185,
    "x_value": 23318.328328841726
  },
  "14": {
    "idx": 371560,
    "x_value": 23319.095923970595
  },
  "15": {
    "idx": 371577,
    "x_value": 23319.126746756694
  },
  "16": {
    "idx": 374666,
    "x_value": 23324.33481007612
  },
  "17": {
    "idx": 374689,
    "x_value": 23324.386349776683
  },
  "18": {
    "idx": 374978,
    "x_value": 23324.845312731715
  },
  "19": {
    "idx": 374985,
    "x_value": 23324.860578839794
  },
  "20": {
    "idx": 375207,
    "x_value": 23325.214850672088
  },
  "21": {
    "idx": 375230,
    "x_value": 23325.277587814082
  },
  "22": {
    "idx": 375235,
    "x_value": 23325.29074527159
  },
  "23": {
    "idx": 375346,
    "x_value": 23325.409058276447
  },
  "24": {
    "idx": 375554,
    "x_value": 23325.713051064195
  },
  "25": {
    "idx": 375555,
    "x_value": 23325.7190034073
  },
  "26": {
    "idx": 375556,
    "x_value": 23325.72512048965
  },
  "27": {
    "idx": 375615,
    "x_value": 23325.78216250002
  },
  "28": {
    "idx": 375622,
    "x_value": 23325.786621758078
  },
  "29": {
    "idx": 375631,
    "x_value": 23325.795661498905
  },
  "30": {
    "idx": 375632,
    "x_value": 23325.79674637861
  }
}