{
  "1": {
    "idx": 276533,
    "x_value": 24742.95696848819
  },
  "2": {
    "idx": 276534,
    "x_value": 24743.154368975047
  },
  "3": {
    "idx": 276535,
    "x_value": 24743.15898440982
  },
  "4": {
    "idx": 276540,
    "x_value": 24743.25503422301
  },
  "5": {
    "idx": 276547,
    "x_value": 24743.357247618856
  },
  "6": {
    "idx": 276548,
    "x_value": 24743.37887825179
  },
  "7": {
    "idx": 276549,
    "x_value": 24743.392577744882
  },
  "8": {
    "idx": 276550,
    "x_value": 24743.397527347028
  },
  "9": {
    "idx": 276551,
    "x_value": 24743.40853936428
  },
  "10": {
    "idx": 276552,
    "x_value": 24743.41402351032
  }
}