{
  "1": {
    "idx": 495162,
    "x_value": 41399.25666310143
  },
  "2": {
    "idx": 495163,
    "x_value": 41399.37144983643
  },
  "3": {
    "idx": 495166,
    "x_value": 41399.54725346071
  },
  "4": {
    "idx": 495167,
    "x_value": 41399.62240026394
  },
  "5": {
    "idx": 495168,
    "x_value": 41399.65547563274
  },
  "6": {
    "idx": 495169,
    "x_value": 41399.66219990217
  },
  "7": {
    "idx": 495170,
    "x_value": 41399.69521702376
  },
  "8": {
    "idx": 495171,
    "x_value": 41399.71696222249
  },
  "9": {
    "idx": 495172,
    "x_value": 41399.73272811763
  },
  "10": {
    "idx": 495173,
    "x_value": 41399.74095759047
  },
  "11": {
    "idx": 495174,
    "x_value": 41399.74680408517
  }
}