{
  "1": {
    "idx": 760263,
    "x_value": 61071.1635508859
  },
  "2": {
    "idx": 760264,
    "x_value": 61071.1817905092
  },
  "3": {
    "idx": 760267,
    "x_value": 61071.33740430816
  },
  "4": {
    "idx": 760268,
    "x_value": 61071.363606541
  },
  "5": {
    "idx": 760269,
    "x_value": 61071.36548424746
  },
  "6": {
    "idx": 760270,
    "x_value": 61071.38530915322
  },
  "7": {
    "idx": 760271,
    "x_value": 61071.39724404483
  },
  "8": {
    "idx": 760272,
    "x_value": 61071.413715268805
  },
  "9": {
    "idx": 760273,
    "x_value": 61071.420774532344
  },
  "10": {
    "idx": 760274,
    "x_value": 61071.4305342731
  },
  "11": {
    "idx": 760275,
    "x_value": 61071.450737848696
  },
  "12": {
    "idx": 760276,
    "x_value": 61071.451732240705
  }
}