{
  "1": {
    "idx": 7093,
    "x_value": 673.653048313153
  },
  "2": {
    "idx": 7096,
    "x_value": 674.1975659075661
  },
  "3": {
    "idx": 7097,
    "x_value": 674.2601460193723
  },
  "4": {
    "idx": 7098,
    "x_value": 674.3245181508523
  },
  "5": {
    "idx": 7099,
    "x_value": 674.3392572532933
  },
  "6": {
    "idx": 7102,
    "x_value": 674.360009365921
  },
  "7": {
    "idx": 7103,
    "x_value": 674.3651008962637
  },
  "8": {
    "idx": 7104,
    "x_value": 674.3672653947187
  },
  "9": {
    "idx": 7105,
    "x_value": 674.3716554830713
  }
}