{
  "1": {
    "idx": 12153,
    "x_value": 1601.865134698798
  },
  "2": {
    "idx": 12162,
    "x_value": 1601.9263472207713
  },
  "3": {
    "idx": 12163,
    "x_value": 1601.9616308183165
  },
  "4": {
    "idx": 12166,
    "x_value": 1601.9705399172256
  },
  "5": {
    "idx": 12167,
    "x_value": 1601.988860988796
  },
  "6": {
    "idx": 12168,
    "x_value": 1601.995994433144
  },
  "7": {
    "idx": 12169,
    "x_value": 1601.9988939979603
  }
}