{
  "1": {
    "idx": 11156,
    "x_value": 1011.3686048978323
  },
  "2": {
    "idx": 11157,
    "x_value": 1011.809085701833
  },
  "3": {
    "idx": 11158,
    "x_value": 1011.8145887902904
  },
  "4": {
    "idx": 11159,
    "x_value": 1011.817767524387
  },
  "5": {
    "idx": 11160,
    "x_value": 1011.8341716244117
  },
  "6": {
    "idx": 19956,
    "x_value": 1050.5002887577512
  },
  "7": {
    "idx": 19965,
    "x_value": 1050.5082769059625
  },
  "8": {
    "idx": 19966,
    "x_value": 1050.5248716331298
  },
  "9": {
    "idx": 21532,
    "x_value": 1054.9603077005158
  },
  "10": {
    "idx": 21537,
    "x_value": 1054.9695010271794
  },
  "11": {
    "idx": 21558,
    "x_value": 1055.0318318788868
  },
  "12": {
    "idx": 21563,
    "x_value": 1055.0581176705455
  },
  "13": {
    "idx": 24793,
    "x_value": 1061.0396094602208
  },
  "14": {
    "idx": 24810,
    "x_value": 1061.0795090322924
  },
  "15": {
    "idx": 24837,
    "x_value": 1061.1411687954078
  },
  "16": {
    "idx": 24892,
    "x_value": 1061.2437250647674
  },
  "17": {
    "idx": 25316,
    "x_value": 1061.8711296685706
  },
  "18": {
    "idx": 25345,
    "x_value": 1061.9061526917262
  },
  "19": {
    "idx": 25407,
    "x_value": 1061.9878500717066
  },
  "20": {
    "idx": 25429,
    "x_value": 1062.0190797878802
  },
  "21": {
    "idx": 26988,
    "x_value": 1063.8782056113419
  },
  "22": {
    "idx": 26999,
    "x_value": 1063.8986766489359
  },
  "23": {
    "idx": 27149,
    "x_value": 1064.0438527567467
  },
  "24": {
    "idx": 27298,
    "x_value": 1064.1831441256984
  },
  "25": {
    "idx": 27299,
    "x_value": 1064.183616135871
  },
  "26": {
    "idx": 27308,
    "x_value": 1064.1888969679137
  },
  "27": {
    "idx": 27313,
    "x_value": 1064.1958819604326
  },
  "28": {
    "idx": 27332,
    "x_value": 1064.2072907581958
  },
  "29": {
    "idx": 27337,
    "x_value": 1064.2128108046618
  },
  "30": {
    "idx": 27338,
    "x_value": 1064.2129736625495
  }
}