{
  "1": {
    "idx": 121735,
    "x_value": 14097.483682730815
  },
  "2": {
    "idx": 121736,
    "x_value": 14098.126611494758
  },
  "3": {
    "idx": 121737,
    "x_value": 14098.152480183517
  },
  "4": {
    "idx": 121742,
    "x_value": 14098.202602902478
  },
  "5": {
    "idx": 121743,
    "x_value": 14098.218337450211
  },
  "6": {
    "idx": 121744,
    "x_value": 14098.228704913816
  },
  "7": {
    "idx": 121745,
    "x_value": 14098.24147438512
  },
  "8": {
    "idx": 121746,
    "x_value": 14098.242340664998
  }
}