{
  "1": {
    "idx": 329828,
    "x_value": 32730.51964610864
  },
  "2": {
    "idx": 329829,
    "x_value": 32730.68063265621
  },
  "3": {
    "idx": 329834,
    "x_value": 32730.76097418515
  },
  "4": {
    "idx": 329835,
    "x_value": 32730.81075960074
  },
  "5": {
    "idx": 329836,
    "x_value": 32730.82630436958
  },
  "6": {
    "idx": 329837,
    "x_value": 32730.828302259477
  },
  "7": {
    "idx": 329840,
    "x_value": 32730.87091383018
  },
  "8": {
    "idx": 329841,
    "x_value": 32730.87314829376
  },
  "9": {
    "idx": 329842,
    "x_value": 32730.876967995722
  }
}