{
  "1": {
    "idx": 21986,
    "x_value": 2709.111498781001
  },
  "2": {
    "idx": 21987,
    "x_value": 2709.2210089196806
  },
  "3": {
    "idx": 21988,
    "x_value": 2709.2408154813106
  },
  "4": {
    "idx": 21989,
    "x_value": 2709.248536674558
  },
  "5": {
    "idx": 21990,
    "x_value": 2709.25646555578
  },
  "6": {
    "idx": 21991,
    "x_value": 2709.303051211287
  },
  "7": {
    "idx": 21992,
    "x_value": 2709.3190297152687
  }
}