{
  "1": {
    "idx": 86459,
    "x_value": 11546.278124141822
  },
  "2": {
    "idx": 86460,
    "x_value": 11546.440414156232
  },
  "3": {
    "idx": 86461,
    "x_value": 11546.462713385172
  },
  "4": {
    "idx": 86464,
    "x_value": 11546.465198531732
  },
  "5": {
    "idx": 86465,
    "x_value": 11546.46627415477
  },
  "6": {
    "idx": 86466,
    "x_value": 11546.470626970407
  },
  "7": {
    "idx": 86467,
    "x_value": 11546.474220204162
  }
}