{
  "1": {
    "idx": 315803,
    "x_value": 43908.20626682572
  },
  "2": {
    "idx": 315804,
    "x_value": 43908.21344323342
  },
  "3": {
    "idx": 315805,
    "x_value": 43908.221197063685
  },
  "4": {
    "idx": 315806,
    "x_value": 43908.221354980575
  },
  "5": {
    "idx": 315807,
    "x_value": 43908.22331201669
  },
  "6": {
    "idx": 315808,
    "x_value": 43908.22332354328
  }
}