{
  "1": {
    "idx": 21298,
    "x_value": 2989.767827374644
  },
  "2": {
    "idx": 21299,
    "x_value": 2990.9526209553446
  },
  "3": {
    "idx": 21300,
    "x_value": 2990.9537463661386
  },
  "4": {
    "idx": 21301,
    "x_value": 2990.9540915749835
  },
  "5": {
    "idx": 21302,
    "x_value": 2990.9562567241414
  }
}