{
  "1": {
    "idx": 933006,
    "x_value": 113164.18742682226
  },
  "2": {
    "idx": 933007,
    "x_value": 113165.05405683568
  },
  "3": {
    "idx": 933008,
    "x_value": 113165.05842854189
  },
  "4": {
    "idx": 933009,
    "x_value": 113165.06651656274
  },
  "5": {
    "idx": 933010,
    "x_value": 113165.07239566829
  },
  "6": {
    "idx": 933011,
    "x_value": 113165.0820366368
  },
  "7": {
    "idx": 933012,
    "x_value": 113165.08324514674
  },
  "8": {
    "idx": 933013,
    "x_value": 113165.0849584919
  },
  "9": {
    "idx": 933014,
    "x_value": 113165.08570947677
  },
  "10": {
    "idx": 933015,
    "x_value": 113165.08667540672
  }
}