{
  "1": {
    "idx": 23754,
    "x_value": 3406.850439713476
  },
  "2": {
    "idx": 23755,
    "x_value": 3406.9150416299863
  },
  "3": {
    "idx": 23756,
    "x_value": 3406.91811819246
  },
  "4": {
    "idx": 23757,
    "x_value": 3406.918491940861
  }
}