{
  "1": {
    "idx": 97973,
    "x_value": 13799.343324315761
  },
  "2": {
    "idx": 97974,
    "x_value": 13799.514557060447
  },
  "3": {
    "idx": 97975,
    "x_value": 13799.524407967745
  },
  "4": {
    "idx": 97976,
    "x_value": 13799.526234431623
  },
  "5": {
    "idx": 97977,
    "x_value": 13799.528042529275
  }
}