{
  "1": {
    "idx": 0,
    "x_value": 0.0
  },
  "2": {
    "idx": 1,
    "x_value": 0.038545405404767676
  },
  "3": {
    "idx": 12,
    "x_value": 0.9445727855117823
  },
  "4": {
    "idx": 15,
    "x_value": 0.9976276401127857
  },
  "5": {
    "idx": 16,
    "x_value": 1.051935024873698
  },
  "6": {
    "idx": 17,
    "x_value": 1.178012687841769
  },
  "7": {
    "idx": 18,
    "x_value": 1.1976263676909207
  },
  "8": {
    "idx": 101,
    "x_value": 4.8469823537935595
  },
  "9": {
    "idx": 102,
    "x_value": 4.858035693627992
  },
  "10": {
    "idx": 103,
    "x_value": 4.869140057518106
  },
  "11": {
    "idx": 104,
    "x_value": 4.994166656622127
  },
  "12": {
    "idx": 107,
    "x_value": 5.186370968888248
  },
  "13": {
    "idx": 108,
    "x_value": 5.201583939474247
  },
  "14": {
    "idx": 117,
    "x_value": 5.529028150679384
  },
  "15": {
    "idx": 120,
    "x_value": 5.57101697924487
  },
  "16": {
    "idx": 121,
    "x_value": 5.573388679490245
  },
  "17": {
    "idx": 122,
    "x_value": 5.600512914573414
  },
  "18": {
    "idx": 125,
    "x_value": 5.807290191829948
  },
  "19": {
    "idx": 132,
    "x_value": 6.004804799955596
  },
  "20": {
    "idx": 133,
    "x_value": 6.013925453625344
  },
  "21": {
    "idx": 134,
    "x_value": 6.041673174445943
  },
  "22": {
    "idx": 135,
    "x_value": 6.04691694582422
  },
  "23": {
    "idx": 140,
    "x_value": 6.133291537459059
  },
  "24": {
    "idx": 145,
    "x_value": 6.281865629037845
  },
  "25": {
    "idx": 146,
    "x_value": 6.356715398553128
  },
  "26": {
    "idx": 147,
    "x_value": 6.380295201944365
  },
  "27": {
    "idx": 152,
    "x_value": 6.459222409560698
  },
  "28": {
    "idx": 153,
    "x_value": 6.4999230957045135
  },
  "29": {
    "idx": 154,
    "x_value": 6.527567065622667
  },
  "30": {
    "idx": 155,
    "x_value": 6.539873820381478
  }
}