{
  "1": {
    "idx": 188785,
    "x_value": 27180.504689005684
  },
  "2": {
    "idx": 188786,
    "x_value": 27180.748608775793
  },
  "3": {
    "idx": 188787,
    "x_value": 27180.74965428442
  },
  "4": {
    "idx": 188788,
    "x_value": 27180.749672648435
  },
  "5": {
    "idx": 188789,
    "x_value": 27180.75091133703
  }
}