{
  "1": {
    "idx": 468309,
    "x_value": 20699.52899435609
  },
  "2": {
    "idx": 468310,
    "x_value": 20699.57731478722
  },
  "3": {
    "idx": 468313,
    "x_value": 20699.99847116368
  },
  "4": {
    "idx": 468326,
    "x_value": 20700.439931845292
  },
  "5": {
    "idx": 468335,
    "x_value": 20700.941793404298
  },
  "6": {
    "idx": 468338,
    "x_value": 20701.007411985498
  },
  "7": {
    "idx": 468630,
    "x_value": 20703.665708497087
  },
  "8": {
    "idx": 468637,
    "x_value": 20703.784578791943
  },
  "9": {
    "idx": 468642,
    "x_value": 20703.819447902406
  },
  "10": {
    "idx": 468645,
    "x_value": 20703.83153397308
  },
  "11": {
    "idx": 469540,
    "x_value": 20712.692729094364
  },
  "12": {
    "idx": 469785,
    "x_value": 20715.301487310386
  },
  "13": {
    "idx": 469788,
    "x_value": 20715.357749718765
  },
  "14": {
    "idx": 469836,
    "x_value": 20715.8203053384
  },
  "15": {
    "idx": 469837,
    "x_value": 20715.828774780453
  },
  "16": {
    "idx": 469846,
    "x_value": 20715.902871916718
  },
  "17": {
    "idx": 469847,
    "x_value": 20715.905577641115
  },
  "18": {
    "idx": 469848,
    "x_value": 20715.908578342023
  },
  "19": {
    "idx": 469923,
    "x_value": 20716.38265755904
  },
  "20": {
    "idx": 469924,
    "x_value": 20716.406173498443
  },
  "21": {
    "idx": 470009,
    "x_value": 20717.10711414813
  },
  "22": {
    "idx": 470014,
    "x_value": 20717.1266677954
  },
  "23": {
    "idx": 470015,
    "x_value": 20717.128404593204
  },
  "24": {
    "idx": 470016,
    "x_value": 20717.1332762877
  },
  "25": {
    "idx": 470019,
    "x_value": 20717.160393715996
  },
  "26": {
    "idx": 470022,
    "x_value": 20717.17189792646
  },
  "27": {
    "idx": 470023,
    "x_value": 20717.177345996213
  },
  "28": {
    "idx": 470024,
    "x_value": 20717.17813350745
  },
  "29": {
    "idx": 470025,
    "x_value": 20717.185406744
  },
  "30": {
    "idx": 470026,
    "x_value": 20717.20167467881
  }
}