{
  "1": {
    "idx": 527693,
    "x_value": 48699.54835154935
  },
  "2": {
    "idx": 527694,
    "x_value": 48699.83965975846
  },
  "3": {
    "idx": 527695,
    "x_value": 48699.879264071875
  },
  "4": {
    "idx": 527696,
    "x_value": 48699.882306293235
  },
  "5": {
    "idx": 527697,
    "x_value": 48699.90721051273
  },
  "6": {
    "idx": 527698,
    "x_value": 48699.9211787952
  },
  "7": {
    "idx": 527701,
    "x_value": 48700.03257396168
  },
  "8": {
    "idx": 527702,
    "x_value": 48700.04387715473
  },
  "9": {
    "idx": 527703,
    "x_value": 48700.04513781344
  },
  "10": {
    "idx": 527704,
    "x_value": 48700.047153745356
  }
}