{
  "1": {
    "idx": 413890,
    "x_value": 57524.814462400966
  },
  "2": {
    "idx": 413891,
    "x_value": 57524.82061437441
  },
  "3": {
    "idx": 413892,
    "x_value": 57524.82727762307
  },
  "4": {
    "idx": 413893,
    "x_value": 57524.82839789779
  },
  "5": {
    "idx": 413894,
    "x_value": 57524.82945428143
  },
  "6": {
    "idx": 413895,
    "x_value": 57524.82946163923
  }
}