{
  "1": {
    "idx": 743542,
    "x_value": 85640.61095740709
  },
  "2": {
    "idx": 743543,
    "x_value": 85641.24540402781
  },
  "3": {
    "idx": 743544,
    "x_value": 85641.30521142691
  },
  "4": {
    "idx": 743545,
    "x_value": 85641.30632440149
  },
  "5": {
    "idx": 743546,
    "x_value": 85641.3163204155
  },
  "6": {
    "idx": 743547,
    "x_value": 85641.32223474496
  },
  "7": {
    "idx": 743548,
    "x_value": 85641.33717456718
  },
  "8": {
    "idx": 743549,
    "x_value": 85641.34099126473
  },
  "9": {
    "idx": 743550,
    "x_value": 85641.34225984543
  }
}