{
  "1": {
    "idx": 195489,
    "x_value": 11894.00554775023
  },
  "2": {
    "idx": 195493,
    "x_value": 11894.276829548166
  },
  "3": {
    "idx": 195512,
    "x_value": 11894.692024695169
  },
  "4": {
    "idx": 195515,
    "x_value": 11894.734228012061
  },
  "5": {
    "idx": 195516,
    "x_value": 11894.7546938432
  },
  "6": {
    "idx": 196732,
    "x_value": 11903.392718226805
  },
  "7": {
    "idx": 196795,
    "x_value": 11903.942433319888
  },
  "8": {
    "idx": 196862,
    "x_value": 11904.378097858826
  },
  "9": {
    "idx": 203005,
    "x_value": 11935.927737554595
  },
  "10": {
    "idx": 203028,
    "x_value": 11936.090744638715
  },
  "11": {
    "idx": 203139,
    "x_value": 11936.705320945151
  },
  "12": {
    "idx": 203569,
    "x_value": 11938.929093636356
  },
  "13": {
    "idx": 203602,
    "x_value": 11939.056941747742
  },
  "14": {
    "idx": 204027,
    "x_value": 11940.52473030526
  },
  "15": {
    "idx": 204912,
    "x_value": 11943.973211807457
  },
  "16": {
    "idx": 204919,
    "x_value": 11943.993893440987
  },
  "17": {
    "idx": 205348,
    "x_value": 11945.602419978886
  },
  "18": {
    "idx": 205361,
    "x_value": 11945.63846974241
  },
  "19": {
    "idx": 205380,
    "x_value": 11945.708731918907
  },
  "20": {
    "idx": 205424,
    "x_value": 11945.835681018712
  },
  "21": {
    "idx": 205506,
    "x_value": 11946.08274289444
  },
  "22": {
    "idx": 205509,
    "x_value": 11946.085664310443
  },
  "23": {
    "idx": 205823,
    "x_value": 11946.977986979418
  },
  "24": {
    "idx": 205828,
    "x_value": 11947.005666424458
  },
  "25": {
    "idx": 205831,
    "x_value": 11947.014506150927
  },
  "26": {
    "idx": 205834,
    "x_value": 11947.037951083821
  },
  "27": {
    "idx": 205837,
    "x_value": 11947.045730564538
  },
  "28": {
    "idx": 205838,
    "x_value": 11947.049200148249
  },
  "29": {
    "idx": 205839,
    "x_value": 11947.05176748035
  },
  "30": {
    "idx": 205840,
    "x_value": 11947.059858387887
  }
}