{
  "1": {
    "idx": 1544824,
    "x_value": 219226.9260049421
  },
  "2": {
    "idx": 1544825,
    "x_value": 219226.9546194848
  },
  "3": {
    "idx": 1544826,
    "x_value": 219226.9553683267
  },
  "4": {
    "idx": 1544827,
    "x_value": 219226.95736728355
  },
  "5": {
    "idx": 1544828,
    "x_value": 219226.95783757578
  },
  "6": {
    "idx": 1544829,
    "x_value": 219226.95830824654
  }
}