{
  "1": {
    "idx": 669099,
    "x_value": 62476.655580689185
  },
  "2": {
    "idx": 669100,
    "x_value": 62476.717512416515
  },
  "3": {
    "idx": 669101,
    "x_value": 62476.739212893495
  },
  "4": {
    "idx": 669110,
    "x_value": 62476.85147514593
  },
  "5": {
    "idx": 669111,
    "x_value": 62476.85332203292
  },
  "6": {
    "idx": 669112,
    "x_value": 62476.85769272466
  },
  "7": {
    "idx": 669113,
    "x_value": 62476.87180729543
  },
  "8": {
    "idx": 669114,
    "x_value": 62476.89238494534
  },
  "9": {
    "idx": 669115,
    "x_value": 62476.8941585493
  },
  "10": {
    "idx": 669116,
    "x_value": 62476.898067916365
  },
  "11": {
    "idx": 669117,
    "x_value": 62476.89874836884
  }
}