{
  "1": {
    "idx": 846833,
    "x_value": 48280.52332458862
  },
  "2": {
    "idx": 846840,
    "x_value": 48281.3326708418
  },
  "3": {
    "idx": 846843,
    "x_value": 48281.48340940744
  },
  "4": {
    "idx": 846846,
    "x_value": 48281.533627739555
  },
  "5": {
    "idx": 846847,
    "x_value": 48281.56683270778
  },
  "6": {
    "idx": 849316,
    "x_value": 48301.51775320531
  },
  "7": {
    "idx": 852365,
    "x_value": 48326.03415137037
  },
  "8": {
    "idx": 852366,
    "x_value": 48326.04499398751
  },
  "9": {
    "idx": 852373,
    "x_value": 48326.06022081768
  },
  "10": {
    "idx": 852436,
    "x_value": 48326.458334208975
  },
  "11": {
    "idx": 852437,
    "x_value": 48326.474302283306
  },
  "12": {
    "idx": 852527,
    "x_value": 48326.93563222927
  },
  "13": {
    "idx": 852530,
    "x_value": 48326.94655133441
  },
  "14": {
    "idx": 853027,
    "x_value": 48328.91088413619
  },
  "15": {
    "idx": 853034,
    "x_value": 48328.950680233946
  },
  "16": {
    "idx": 853521,
    "x_value": 48330.807093640804
  },
  "17": {
    "idx": 853534,
    "x_value": 48330.86240232097
  },
  "18": {
    "idx": 853611,
    "x_value": 48331.1998453472
  },
  "19": {
    "idx": 853622,
    "x_value": 48331.2585572805
  },
  "20": {
    "idx": 853625,
    "x_value": 48331.273660321094
  },
  "21": {
    "idx": 853668,
    "x_value": 48331.4285057347
  },
  "22": {
    "idx": 853689,
    "x_value": 48331.45950655642
  },
  "23": {
    "idx": 853694,
    "x_value": 48331.470314549406
  },
  "24": {
    "idx": 853717,
    "x_value": 48331.5641412591
  },
  "25": {
    "idx": 853720,
    "x_value": 48331.566419373936
  },
  "26": {
    "idx": 853743,
    "x_value": 48331.6333183
  },
  "27": {
    "idx": 853744,
    "x_value": 48331.63376316029
  },
  "28": {
    "idx": 853745,
    "x_value": 48331.641533995586
  },
  "29": {
    "idx": 853746,
    "x_value": 48331.64220096004
  },
  "30": {
    "idx": 853747,
    "x_value": 48331.64751260541
  }
}