{
  "1": {
    "idx": 314371,
    "x_value": 14253.694644791778
  },
  "2": {
    "idx": 314420,
    "x_value": 14256.905715758567
  },
  "3": {
    "idx": 314457,
    "x_value": 14258.1982601435
  },
  "4": {
    "idx": 314458,
    "x_value": 14258.204238068964
  },
  "5": {
    "idx": 314459,
    "x_value": 14258.213398388076
  },
  "6": {
    "idx": 314460,
    "x_value": 14258.22516904168
  },
  "7": {
    "idx": 314461,
    "x_value": 14258.283003687791
  },
  "8": {
    "idx": 314462,
    "x_value": 14258.300106599567
  },
  "9": {
    "idx": 318961,
    "x_value": 14303.080968671067
  },
  "10": {
    "idx": 319498,
    "x_value": 14308.901345855156
  },
  "11": {
    "idx": 319499,
    "x_value": 14308.914145011042
  },
  "12": {
    "idx": 319500,
    "x_value": 14308.917518330421
  },
  "13": {
    "idx": 319502,
    "x_value": 14308.923274216198
  },
  "14": {
    "idx": 319674,
    "x_value": 14310.361331541255
  },
  "15": {
    "idx": 319703,
    "x_value": 14310.547016828652
  },
  "16": {
    "idx": 319736,
    "x_value": 14310.768807215229
  },
  "17": {
    "idx": 319737,
    "x_value": 14310.79075318915
  },
  "18": {
    "idx": 319838,
    "x_value": 14311.588311857857
  },
  "19": {
    "idx": 319841,
    "x_value": 14311.615149191688
  },
  "20": {
    "idx": 319848,
    "x_value": 14311.68129007555
  },
  "21": {
    "idx": 319849,
    "x_value": 14311.689371092249
  },
  "22": {
    "idx": 319852,
    "x_value": 14311.69902903584
  },
  "23": {
    "idx": 319857,
    "x_value": 14311.726081591172
  },
  "24": {
    "idx": 319858,
    "x_value": 14311.727255922806
  },
  "25": {
    "idx": 319859,
    "x_value": 14311.743334539737
  },
  "26": {
    "idx": 319860,
    "x_value": 14311.77426854143
  },
  "27": {
    "idx": 319861,
    "x_value": 14311.786172786633
  },
  "28": {
    "idx": 319862,
    "x_value": 14311.789802768264
  },
  "29": {
    "idx": 319863,
    "x_value": 14311.793962577747
  },
  "30": {
    "idx": 319864,
    "x_value": 14311.797116125075
  }
}