{
  "1": {
    "idx": 453933,
    "x_value": 43864.62107570933
  },
  "2": {
    "idx": 453934,
    "x_value": 43865.40156634056
  },
  "3": {
    "idx": 453935,
    "x_value": 43865.45154279559
  },
  "4": {
    "idx": 453936,
    "x_value": 43865.46637788369
  },
  "5": {
    "idx": 453937,
    "x_value": 43865.487597227824
  },
  "6": {
    "idx": 453938,
    "x_value": 43865.512264456665
  },
  "7": {
    "idx": 453939,
    "x_value": 43865.53720285639
  },
  "8": {
    "idx": 453940,
    "x_value": 43865.54267411584
  },
  "9": {
    "idx": 453941,
    "x_value": 43865.5554719988
  },
  "10": {
    "idx": 453942,
    "x_value": 43865.56644769174
  }
}