{
  "1": {
    "idx": 740871,
    "x_value": 49297.54041092642
  },
  "2": {
    "idx": 740872,
    "x_value": 49297.89040167263
  },
  "3": {
    "idx": 740881,
    "x_value": 49298.03424970943
  },
  "4": {
    "idx": 740884,
    "x_value": 49298.08115527149
  },
  "5": {
    "idx": 740887,
    "x_value": 49298.15265834404
  },
  "6": {
    "idx": 742016,
    "x_value": 49305.64569551425
  },
  "7": {
    "idx": 742581,
    "x_value": 49309.81328105511
  },
  "8": {
    "idx": 742594,
    "x_value": 49309.8443730052
  },
  "9": {
    "idx": 745125,
    "x_value": 49321.45491192779
  },
  "10": {
    "idx": 748215,
    "x_value": 49335.55828686613
  },
  "11": {
    "idx": 748684,
    "x_value": 49337.65014663146
  },
  "12": {
    "idx": 748877,
    "x_value": 49338.56691934779
  },
  "13": {
    "idx": 748896,
    "x_value": 49338.65978300941
  },
  "14": {
    "idx": 748954,
    "x_value": 49338.84709917987
  },
  "15": {
    "idx": 748963,
    "x_value": 49338.89527085287
  },
  "16": {
    "idx": 748982,
    "x_value": 49338.96363356931
  },
  "17": {
    "idx": 748985,
    "x_value": 49338.97207744729
  },
  "18": {
    "idx": 748986,
    "x_value": 49338.97311667263
  },
  "19": {
    "idx": 749129,
    "x_value": 49339.378952498904
  },
  "20": {
    "idx": 749136,
    "x_value": 49339.40081582532
  },
  "21": {
    "idx": 749139,
    "x_value": 49339.405650511195
  },
  "22": {
    "idx": 749178,
    "x_value": 49339.49212369449
  },
  "23": {
    "idx": 749189,
    "x_value": 49339.51415168764
  },
  "24": {
    "idx": 749206,
    "x_value": 49339.55605525495
  },
  "25": {
    "idx": 749219,
    "x_value": 49339.5749773721
  },
  "26": {
    "idx": 749222,
    "x_value": 49339.58212521339
  },
  "27": {
    "idx": 749223,
    "x_value": 49339.58214631167
  },
  "28": {
    "idx": 749224,
    "x_value": 49339.584490118155
  },
  "29": {
    "idx": 749229,
    "x_value": 49339.59801079678
  },
  "30": {
    "idx": 749230,
    "x_value": 49339.60330393887
  }
}