{
  "1": {
    "idx": 639237,
    "x_value": 87626.28114376855
  },
  "2": {
    "idx": 639240,
    "x_value": 87626.37172736049
  },
  "3": {
    "idx": 639241,
    "x_value": 87626.37525133991
  },
  "4": {
    "idx": 639244,
    "x_value": 87626.38186485723
  },
  "5": {
    "idx": 639245,
    "x_value": 87626.38350390404
  },
  "6": {
    "idx": 639246,
    "x_value": 87626.38371077162
  }
}