{
  "1": {
    "idx": 902940,
    "x_value": 108076.43814296841
  },
  "2": {
    "idx": 902941,
    "x_value": 108076.48780999666
  },
  "3": {
    "idx": 902942,
    "x_value": 108076.49021699412
  },
  "4": {
    "idx": 902943,
    "x_value": 108076.51813785879
  },
  "5": {
    "idx": 902944,
    "x_value": 108076.52036716044
  },
  "6": {
    "idx": 902945,
    "x_value": 108076.52949690657
  },
  "7": {
    "idx": 902946,
    "x_value": 108076.53147122115
  },
  "8": {
    "idx": 902947,
    "x_value": 108076.53356955067
  }
}