{
  "1": {
    "idx": 56704,
    "x_value": 7752.655730683034
  },
  "2": {
    "idx": 56705,
    "x_value": 7754.140821256105
  },
  "3": {
    "idx": 56706,
    "x_value": 7754.142125702884
  },
  "4": {
    "idx": 56707,
    "x_value": 7754.1487416865575
  },
  "5": {
    "idx": 56708,
    "x_value": 7754.149447930439
  },
  "6": {
    "idx": 56709,
    "x_value": 7754.149803220347
  }
}