{
  "1": {
    "idx": 43250,
    "x_value": 4659.226858134784
  },
  "2": {
    "idx": 43251,
    "x_value": 4659.704422027616
  },
  "3": {
    "idx": 43252,
    "x_value": 4659.716040764689
  },
  "4": {
    "idx": 43253,
    "x_value": 4659.723380627644
  },
  "5": {
    "idx": 43254,
    "x_value": 4659.734533727955
  },
  "6": {
    "idx": 43255,
    "x_value": 4659.734559048505
  },
  "7": {
    "idx": 43256,
    "x_value": 4659.741896444283
  },
  "8": {
    "idx": 43257,
    "x_value": 4659.751389708676
  },
  "9": {
    "idx": 43258,
    "x_value": 4659.755690550614
  }
}