{
  "1": {
    "idx": 243415,
    "x_value": 14873.266808230772
  },
  "2": {
    "idx": 243426,
    "x_value": 14873.931748659077
  },
  "3": {
    "idx": 243427,
    "x_value": 14873.953925230018
  },
  "4": {
    "idx": 243428,
    "x_value": 14873.980936286263
  },
  "5": {
    "idx": 243429,
    "x_value": 14873.988876424099
  },
  "6": {
    "idx": 243430,
    "x_value": 14874.01313853532
  },
  "7": {
    "idx": 244663,
    "x_value": 14883.192953599895
  },
  "8": {
    "idx": 244686,
    "x_value": 14883.39757820148
  },
  "9": {
    "idx": 244693,
    "x_value": 14883.450573651566
  },
  "10": {
    "idx": 244696,
    "x_value": 14883.467570869676
  },
  "11": {
    "idx": 244818,
    "x_value": 14884.189999034666
  },
  "12": {
    "idx": 244823,
    "x_value": 14884.21393552404
  },
  "13": {
    "idx": 245349,
    "x_value": 14886.41512442455
  },
  "14": {
    "idx": 245352,
    "x_value": 14886.440514987764
  },
  "15": {
    "idx": 246794,
    "x_value": 14891.764849725692
  },
  "16": {
    "idx": 246797,
    "x_value": 14891.769449161597
  },
  "17": {
    "idx": 246798,
    "x_value": 14891.769511802871
  },
  "18": {
    "idx": 246817,
    "x_value": 14891.841984072911
  },
  "19": {
    "idx": 246818,
    "x_value": 14891.842665014708
  },
  "20": {
    "idx": 246819,
    "x_value": 14891.842716729174
  },
  "21": {
    "idx": 246820,
    "x_value": 14891.844550095759
  },
  "22": {
    "idx": 246821,
    "x_value": 14891.848887020982
  },
  "23": {
    "idx": 246824,
    "x_value": 14891.853067014497
  },
  "24": {
    "idx": 246827,
    "x_value": 14891.858231619693
  },
  "25": {
    "idx": 246834,
    "x_value": 14891.883693364205
  },
  "26": {
    "idx": 246839,
    "x_value": 14891.915320083994
  },
  "27": {
    "idx": 246844,
    "x_value": 14891.964267047186
  },
  "28": {
    "idx": 246849,
    "x_value": 14891.988469110282
  },
  "29": {
    "idx": 246850,
    "x_value": 14891.992797771181
  },
  "30": {
    "idx": 246851,
    "x_value": 14891.994795067396
  }
}